/*
 Navicat Premium Data Transfer

 Source Server         : mysql_localhost_3308
 Source Server Type    : MySQL
 Source Server Version : 50721
 Source Host           : localhost
 Source Database       : seekstock

 Target Server Type    : MySQL
 Target Server Version : 50721
 File Encoding         : utf-8

 Date: 06/06/2018 13:35:19 PM
*/

SET NAMES utf8;
SET FOREIGN_KEY_CHECKS = 0;

-- ----------------------------
--  Table structure for `activities`
-- ----------------------------
DROP TABLE IF EXISTS `activities`;
CREATE TABLE `activities` (
  `id` char(36) CHARACTER SET utf8 COLLATE utf8_bin NOT NULL,
  `productId` varchar(128) DEFAULT NULL,
  `attitude` varchar(16) NOT NULL,
  `img` varchar(1024) DEFAULT NULL,
  `storeId` varchar(36) DEFAULT NULL,
  `deleted` tinyint(1) NOT NULL DEFAULT '0',
  `creatorId` varchar(255) DEFAULT NULL,
  `createdAt` datetime NOT NULL,
  `updatedAt` datetime NOT NULL,
  `type` varchar(16) DEFAULT NULL,
  `category` varchar(16) DEFAULT NULL,
  `subCategory` varchar(32) DEFAULT NULL,
  `comment` varchar(2048) DEFAULT NULL,
  `appliesTo` varchar(255) DEFAULT NULL,
  `organizationId` varchar(36) DEFAULT NULL,
  `tags` varchar(255) DEFAULT NULL,
  `productCategory` varchar(32) DEFAULT NULL,
  `productBrand` varchar(32) DEFAULT NULL,
  `productSeason` varchar(32) DEFAULT NULL,
  PRIMARY KEY (`id`)
) ENGINE=InnoDB DEFAULT CHARSET=utf8;

-- ----------------------------
--  Records of `activities`
-- ----------------------------
BEGIN;
INSERT INTO `activities` VALUES ('00ed6b50-49c3-11e8-9690-c04127813e2c', '00ed6b50-49c3-11e8-9690-c04127813e2c', 'neutral', '', 'b51b4bb0-827c-11e7-8a2c-f8cfbeb2ebca', '0', '9d7e7d00-6770-11e7-8064-f38bf4767f4b', '2018-04-27 02:30:51', '2018-04-27 02:30:51', 'newSuggestion', 'Pants & Leggings', 'Dressy Pant', 'Blue Dressy Pant', '', '4d49e6de-3289-11e6-93c3-0242ac110002', '|Blue|', '', '', ''), ('070498c0-41e8-11e8-967d-a1b4285f4793', 'BRANDON CANVAS M', 'negative', '', '610689e0-9398-11e7-99c3-6fa5f86ae7c2', '0', '9d11f000-9398-11e7-a45b-71cfa65a584c', '2018-04-17 02:35:44', '2018-04-17 02:35:44', 'feedback', 'stock', 'Stock Levels', 'We\'d like to move out the orange Brandon Casual Sneaker, has been a slow mover for us.', '|All Colours|All Sizes|', '4d49e6de-3289-11e6-93c3-0242ac110002', '|Too High|Orange 41|Orange 42|Orange 43|Orange 44|Orange 45|Orange 46|Orange 47|', 'Men\'s Shoes', 'Deuce', 'SS1718'), ('08c423c0-1c30-11e8-b1e6-c8886d3c9fff', 'ROSANNE W', 'positive', '', 'b51b4bb0-827c-11e7-8a2c-f8cfbeb2ebca', '1', '9d7e7d00-6770-11e7-8064-f38bf4767f4b', '2018-02-28 02:35:26', '2018-03-06 00:37:27', 'feedback', 'quality', 'Material Quality', 'Rubbing off', '|Silver|37|', '4d49e6de-3289-11e6-93c3-0242ac110002', '|Return|Upper|', 'Women\'s Shoes', 'Deuce', 'SS1718'), ('08c44ad0-1c30-11e8-bafe-f488e3200b62', 'ROSANNE W', 'negative', '', 'b51b4bb0-827c-11e7-8a2c-f8cfbeb2ebca', '1', '9d7e7d00-6770-11e7-8064-f38bf4767f4b', '2018-02-28 02:35:26', '2018-03-06 00:37:39', 'feedback', 'stock', 'Stock Levels', '', '|All Colours|All Sizes|', '4d49e6de-3289-11e6-93c3-0242ac110002', '|Too Low|Denim Suede 37|Denim Suede 36|', 'Women\'s Shoes', 'Deuce', 'SS1718'), ('11cfe290-fcbb-11e7-8b7e-20458499b175', 'MAXWELL17SSULO', 'positive', '', 'b51b4bb0-827c-11e7-8a2c-f8cfbeb2ebca', '1', '9d7e7d00-6770-11e7-8064-f38bf4767f4b', '2018-01-19 01:50:04', '2018-02-06 20:30:36', 'feedback', 'style', 'Colour/Print', 'love test', '|Cognac|40|47|', '4d49e6de-3289-11e6-93c3-0242ac110002', '||', 'Men\'s Shoes', 'Bullboxer', 'SS1718'), ('11d009a0-fcbb-11e7-a22d-a76d9cd58a03', 'MAXWELL17SSULO', 'negative', '', 'b51b4bb0-827c-11e7-8a2c-f8cfbeb2ebca', '0', '9d7e7d00-6770-11e7-8064-f38bf4767f4b', '2018-01-19 01:50:04', '2018-01-19 01:50:04', 'feedback', 'stock', 'Size Range', '', '|All Colours|All Sizes|', '4d49e6de-3289-11e6-93c3-0242ac110002', '|test|', 'Men\'s Shoes', 'Bullboxer', 'SS1718'), ('13bb3ff0-2e20-11e8-97bb-76563a8145c4', '13bb3ff0-2e20-11e8-97bb-76563a8145c4', 'neutral', '', 'b51b4bb0-827c-11e7-8a2c-f8cfbeb2ebca', '0', '68270f90-9395-11e7-a3f0-daa7744d684d', '2018-03-22 22:26:33', '2018-03-22 22:26:33', 'newSuggestion', 'Shoes', 'Boots', 'Cream leather ankle boot', '', '4d49e6de-3289-11e6-93c3-0242ac110002', '|Cream|', '', '', ''), ('1c095030-20d7-11e8-89a0-006ef5d35c79', 'AIDEN17SIMPO', 'positive', '', 'b51b4bb0-827c-11e7-8a2c-f8cfbeb2ebca', '0', '68270f90-9395-11e7-a3f0-daa7744d684d', '2018-03-06 00:41:29', '2018-03-06 00:41:29', 'feedback', 'style', 'Design/Shape', 'Great style, customers love the design.', '|All Colours|All Sizes|', '4d49e6de-3289-11e6-93c3-0242ac110002', '||', 'Men\'s Shoes', 'Giancarlo Moretti', 'SS1718'), ('1e95d800-f715-11e7-9e10-c7b471e77ef4', 'DADO17SMCDO', 'negative', '', 'd5cfce40-9397-11e7-b3b4-d217ca389f53', '0', '181a0540-9398-11e7-b2f0-cfaf4e888818', '2018-01-11 21:19:33', '2018-01-11 21:19:33', 'feedback', 'fit', 'Fits Large', 'Back strap is too loose.', '|All Colours|All Sizes|', '4d49e6de-3289-11e6-93c3-0242ac110002', '|Heel|', 'Women\'s Shoes', 'Isabella Anselmi', 'SS1718'), ('217bd3e0-4417-11e8-a8de-3ff2df6ea9e9', 'FIESTA17SMCDO', 'negative', '', 'dd9f1510-9395-11e7-983e-aace4d7d4c3b', '0', '0df4e460-9396-11e7-91d7-dd5dae17bad9', '2018-04-19 21:17:57', '2018-04-19 21:17:57', 'feedback', 'stock', 'Stock Levels', 'Top seller for us, need more sizes.', '|All Colours|All Sizes|', '4d49e6de-3289-11e6-93c3-0242ac110002', '|Too Low|Black 38|Black 39|White 40|', 'Women\'s Shoes', 'Isabella Anselmi', 'SS1718'), ('4152ff00-f71d-11e7-a133-67a392bc858c', 'LUCILLE17SSGOO', 'positive', '', 'd5cfce40-9397-11e7-b3b4-d217ca389f53', '0', 'f8e436a0-9397-11e7-8b95-9a063eb9161f', '2018-01-11 22:17:48', '2018-01-11 22:17:48', 'feedback', 'style', 'Colour/Print', 'Silver has been the most popular our of the three colours', '|Silver|All Sizes|', '4d49e6de-3289-11e6-93c3-0242ac110002', '||', 'Women\'s Shoes', 'Isabella Anselmi', 'SS1718'), ('44566b30-3c4e-11e8-8b12-ce963075db06', 'BRANDON CANVAS M', 'negative', '', 'b51b4bb0-827c-11e7-8a2c-f8cfbeb2ebca', '0', '68270f90-9395-11e7-a3f0-daa7744d684d', '2018-04-09 23:32:28', '2018-04-09 23:32:28', 'feedback', 'quality', 'Damaged/Broken', 'Lace Snapped', '|Blue|All Sizes|&|Black/Black|All Sizes|', '4d49e6de-3289-11e6-93c3-0242ac110002', '|Shop Stock|When trying on|Lace|', 'Men\'s Shoes', 'Deuce', 'SS1718'), ('44570770-3c4e-11e8-ad10-cccca2271e4f', 'BRANDON CANVAS M', 'negative', '', 'b51b4bb0-827c-11e7-8a2c-f8cfbeb2ebca', '1', '68270f90-9395-11e7-a3f0-daa7744d684d', '2018-04-09 23:32:28', '2018-04-17 02:36:35', 'feedback', 'stock', 'Stock Levels', 'Too many Blue 46', '|All Colours|All Sizes|', '4d49e6de-3289-11e6-93c3-0242ac110002', '|Too High|Blue 46|', 'Men\'s Shoes', 'Deuce', 'SS1718'), ('44aa53f0-4417-11e8-9f9f-b7053836f77d', 'LUCILLE17SSGOO', 'negative', '', 'dd9f1510-9395-11e7-983e-aace4d7d4c3b', '0', '0df4e460-9396-11e7-91d7-dd5dae17bad9', '2018-04-19 21:18:56', '2018-04-19 21:18:56', 'feedback', 'stock', 'Stock Levels', 'Move out request, not a good seller for us.', '|All Colours|All Sizes|', '4d49e6de-3289-11e6-93c3-0242ac110002', '|Too High|Pink 36|Pink 37|Pink 38|Pink 39|Pink 40|Pink 41|', 'Women\'s Shoes', 'Isabella Anselmi', 'SS1718'), ('462a9490-20e7-11e8-9105-fcf8985c1645', 'BRANDON CANVAS M', 'positive', '', 'dd9f1510-9395-11e7-983e-aace4d7d4c3b', '0', 'ef01c410-9395-11e7-97d8-79c618a4276e', '2018-03-06 02:37:12', '2018-03-06 02:37:12', 'feedback', 'fit', 'Fits True', '', '|All Colours|All Sizes|', '4d49e6de-3289-11e6-93c3-0242ac110002', '||', 'Men\'s Shoes', 'Deuce', 'SS1718'), ('462b09c0-20e7-11e8-b841-9188c7397fb5', 'BRANDON CANVAS M', 'negative', '', 'dd9f1510-9395-11e7-983e-aace4d7d4c3b', '0', 'ef01c410-9395-11e7-97d8-79c618a4276e', '2018-03-06 02:37:12', '2018-03-06 02:37:12', 'feedback', 'quality', 'Damaged/Broken', 'Lace snapped', '|Blue|43|', '4d49e6de-3289-11e6-93c3-0242ac110002', '|Return|Lace|', 'Men\'s Shoes', 'Deuce', 'SS1718'), ('462b09c1-20e7-11e8-b009-346aab898709', 'BRANDON CANVAS M', 'negative', '', 'dd9f1510-9395-11e7-983e-aace4d7d4c3b', '1', 'ef01c410-9395-11e7-97d8-79c618a4276e', '2018-03-06 02:37:12', '2018-04-17 02:36:37', 'feedback', 'stock', 'Stock Levels', '', '|All Colours|All Sizes|', '4d49e6de-3289-11e6-93c3-0242ac110002', '|Too Low|Blue 42|', 'Men\'s Shoes', 'Deuce', 'SS1718'), ('462b30d0-20e7-11e8-a137-a880c2ae9d4c', 'BRANDON CANVAS M', 'negative', '', 'dd9f1510-9395-11e7-983e-aace4d7d4c3b', '1', 'ef01c410-9395-11e7-97d8-79c618a4276e', '2018-03-06 02:37:12', '2018-04-17 02:36:41', 'feedback', 'stock', 'Stock Levels', '', '|All Colours|All Sizes|', '4d49e6de-3289-11e6-93c3-0242ac110002', '|Too High|Blue 44|', 'Men\'s Shoes', 'Deuce', 'SS1718'), ('4c111010-f715-11e7-9069-81009a5e1cef', 'BRANDON CANVAS M', 'negative', '', 'd5cfce40-9397-11e7-b3b4-d217ca389f53', '1', '181a0540-9398-11e7-b2f0-cfaf4e888818', '2018-01-11 21:20:50', '2018-04-17 02:36:43', 'feedback', 'stock', 'Stock Levels', 'We are running really low on these sizes, missed a few sales this week.', '|All Colours|All Sizes|', '4d49e6de-3289-11e6-93c3-0242ac110002', '|Too Low|Black/Black 42|Blue 43|Dk Grey Denim 44|', 'Men\'s Shoes', 'Deuce', 'SS1718'), ('51e0d4c0-fca2-11e7-b10d-3eebbc656731', 'ARIA W', 'negative', '', 'd5cfce40-9397-11e7-b3b4-d217ca389f53', '0', 'f8e436a0-9397-11e7-8b95-9a063eb9161f', '2018-01-18 22:52:54', '2018-01-18 22:52:54', 'feedback', 'style', 'General', 'Out of fashion', '|All Colours|All Sizes|', '4d49e6de-3289-11e6-93c3-0242ac110002', '|unknown|', 'Women\'s Shoes', 'Deuce', 'SS1718'), ('55e90d90-f823-11e7-a49e-8de125c0b72b', 'AIDEN17SIMPO', 'negative', '', 'd5cfce40-9397-11e7-b3b4-d217ca389f53', '0', '181a0540-9398-11e7-b2f0-cfaf4e888818', '2018-01-13 05:33:50', '2018-01-13 05:33:50', 'feedback', 'quality', 'Damaged/Broken', 'Lifting away', '|Tan|All Sizes|', '4d49e6de-3289-11e6-93c3-0242ac110002', '|Shop Stock|When trying on|Heel|', 'Men\'s Shoes', 'Giancarlo Moretti', 'SS1718'), ('55e90d91-f823-11e7-ac9f-af79985a1372', 'AIDEN17SIMPO', 'positive', '', 'd5cfce40-9397-11e7-b3b4-d217ca389f53', '0', '181a0540-9398-11e7-b2f0-cfaf4e888818', '2018-01-13 05:33:50', '2018-01-13 05:33:50', 'feedback', 'style', 'Material/Upper', 'Leather upper is great', '|All Colours|All Sizes|', '4d49e6de-3289-11e6-93c3-0242ac110002', '||', 'Men\'s Shoes', 'Giancarlo Moretti', 'SS1718'), ('56079170-4427-11e8-bc0c-6af452e13def', 'DADO17SMCDO', 'negative', '', 'b51b4bb0-827c-11e7-8a2c-f8cfbeb2ebca', '0', '37f65470-9395-11e7-aef2-d79ace5f7884', '2018-04-19 23:13:57', '2018-04-19 23:13:57', 'feedback', 'stock', 'Stock Levels', 'In need of these sizes this week.', '|All Colours|All Sizes|', '4d49e6de-3289-11e6-93c3-0242ac110002', '|Too Low|Black Suede 36|Black Suede 38|Black Suede 39|', 'Women\'s Shoes', 'Isabella Anselmi', 'SS1718'), ('58b52470-41e6-11e8-adde-0579525a5555', 'DADO17SMCDO', 'negative', '', 'b51b4bb0-827c-11e7-8a2c-f8cfbeb2ebca', '1', '68270f90-9395-11e7-a3f0-daa7744d684d', '2018-04-17 02:23:42', '2018-04-17 02:25:38', 'feedback', 'stock', 'Stock Levels', 'Second highest seller in the company and missing outer sizes 36 and 41.', '|All Colours|All Sizes|', '4d49e6de-3289-11e6-93c3-0242ac110002', '|Too Low|Black Suede 36|Black Suede 41|', 'Women\'s Shoes', 'Isabella Anselmi', 'SS1718'), ('5d77f430-0931-11e8-bfea-3cff47b7c3c8', 'ARIA W', 'positive', '', 'b51b4bb0-827c-11e7-8a2c-f8cfbeb2ebca', '0', '9d7e7d00-6770-11e7-8064-f38bf4767f4b', '2018-02-03 22:27:06', '2018-02-03 22:27:06', 'feedback', 'style', 'Colour/Print', 'Neutral, will suit many outfits', '|White Perf|All Sizes|&|Black|All Sizes|&|Silver|All Sizes|', '4d49e6de-3289-11e6-93c3-0242ac110002', '||', 'Women\'s Shoes', 'Deuce', 'SS1718'), ('6ae29230-092a-11e8-8530-aedfd7cdd0f1', 'ARIA W', 'negative', '', 'b51b4bb0-827c-11e7-8a2c-f8cfbeb2ebca', '0', '9d7e7d00-6770-11e7-8064-f38bf4767f4b', '2018-02-03 21:37:22', '2018-02-03 21:37:22', 'feedback', 'stock', 'Size Range', '', '|All Colours|All Sizes|', '4d49e6de-3289-11e6-93c3-0242ac110002', '|Medium|', 'Women\'s Shoes', 'Deuce', 'SS1718'), ('705ed960-3c4e-11e8-9063-fbd905f98c09', '705ed960-3c4e-11e8-9063-fbd905f98c09', 'neutral', '', 'b51b4bb0-827c-11e7-8a2c-f8cfbeb2ebca', '0', '68270f90-9395-11e7-a3f0-daa7744d684d', '2018-04-09 23:33:42', '2018-04-09 23:33:42', 'newSuggestion', 'Dresses', 'Casual Dress', 'Blue Dress', '', '4d49e6de-3289-11e6-93c3-0242ac110002', '|Blue|', '', '', ''), ('706f59c0-20e7-11e8-9f15-271891b9c6b1', 'FIESTA17SMCDO', 'positive', '', 'dd9f1510-9395-11e7-983e-aace4d7d4c3b', '0', 'ef01c410-9395-11e7-97d8-79c618a4276e', '2018-03-06 02:38:23', '2018-03-06 02:38:23', 'feedback', 'style', 'Colour/Print', 'Colours are really great.', '|All Colours|All Sizes|', '4d49e6de-3289-11e6-93c3-0242ac110002', '||', 'Women\'s Shoes', 'Isabella Anselmi', 'SS1718'), ('76361700-fca1-11e7-a9ed-5b569030da7b', 'MAXWELL17SSULO', 'positive', '', 'd5cfce40-9397-11e7-b3b4-d217ca389f53', '0', 'f8e436a0-9397-11e7-8b95-9a063eb9161f', '2018-01-18 22:46:46', '2018-01-18 22:46:46', 'feedback', 'fit', 'Fits True', '', '|All Colours|All Sizes|', '4d49e6de-3289-11e6-93c3-0242ac110002', '||', 'Men\'s Shoes', 'Bullboxer', 'SS1718'), ('77b5a790-fca0-11e7-84f1-5fa110c728ae', '77b5a790-fca0-11e7-84f1-5fa110c728ae', 'neutral', '', 'b51b4bb0-827c-11e7-8a2c-f8cfbeb2ebca', '1', '37f65470-9395-11e7-aef2-d79ace5f7884', '2018-01-18 22:39:39', '2018-03-06 00:38:08', 'newSuggestion', 'Knitwear', 'Knit Jumper', 'Please', '', '4d49e6de-3289-11e6-93c3-0242ac110002', '|Cream|', '', '', ''), ('787fd560-fca0-11e7-bd5d-9cd8e449802b', '787fd560-fca0-11e7-bd5d-9cd8e449802b', 'neutral', '', 'b51b4bb0-827c-11e7-8a2c-f8cfbeb2ebca', '1', '37f65470-9395-11e7-aef2-d79ace5f7884', '2018-01-18 22:39:40', '2018-02-06 20:30:45', 'newSuggestion', 'Knitwear', 'Knit Jumper', 'Please', '', '4d49e6de-3289-11e6-93c3-0242ac110002', '|Cream|', '', '', ''), ('7d6b4a00-4417-11e8-b15b-d66c30841deb', 'DADO17SMCDO', 'negative', '', 'dd9f1510-9395-11e7-983e-aace4d7d4c3b', '0', '0df4e460-9396-11e7-91d7-dd5dae17bad9', '2018-04-19 21:20:31', '2018-04-19 21:20:31', 'feedback', 'stock', 'Stock Levels', 'Selling really well for us, especially the bone colour', '|All Colours|All Sizes|', '4d49e6de-3289-11e6-93c3-0242ac110002', '|Too Low|Bone 38|Bone 39|Black Suede 40|', 'Women\'s Shoes', 'Isabella Anselmi', 'SS1718'), ('7f0b5fc0-1222-11e8-ace4-dffcd812bf9a', 'BRANDON CANVAS M', 'negative', '', 'b51b4bb0-827c-11e7-8a2c-f8cfbeb2ebca', '0', '9d7e7d00-6770-11e7-8064-f38bf4767f4b', '2018-02-15 07:33:20', '2018-02-15 07:33:20', 'feedback', 'quality', 'Damaged/Broken', 'Lace snapped', '|Blue|43|', '4d49e6de-3289-11e6-93c3-0242ac110002', '|Return|Lace|', 'Men\'s Shoes', 'Deuce', 'SS1718'), ('7f0bade0-1222-11e8-904b-34a533c3fa0d', 'BRANDON CANVAS M', 'positive', '', 'b51b4bb0-827c-11e7-8a2c-f8cfbeb2ebca', '0', '9d7e7d00-6770-11e7-8064-f38bf4767f4b', '2018-02-15 07:33:20', '2018-02-15 07:33:20', 'feedback', 'style', 'Design/Shape', 'People love the design on this shoe', '|Blue|All Sizes|&|Dk Grey Denim|All Sizes|&|Rust|All Sizes|', '4d49e6de-3289-11e6-93c3-0242ac110002', '||', 'Men\'s Shoes', 'Deuce', 'SS1718'), ('80728420-f737-11e7-8090-5549888f1f2d', 'FIESTA17SMCDO', 'positive', '', 'd5cfce40-9397-11e7-b3b4-d217ca389f53', '0', '181a0540-9398-11e7-b2f0-cfaf4e888818', '2018-01-12 01:25:40', '2018-01-12 01:25:40', 'feedback', 'fit', 'Fits True', '', '|All Colours|All Sizes|', '4d49e6de-3289-11e6-93c3-0242ac110002', '||', 'Women\'s Shoes', 'Isabella Anselmi', 'SS1718'), ('8072ab30-f737-11e7-8e44-81cbc1682255', 'FIESTA17SMCDO', 'negative', '', 'd5cfce40-9397-11e7-b3b4-d217ca389f53', '0', '181a0540-9398-11e7-b2f0-cfaf4e888818', '2018-01-12 01:25:40', '2018-01-12 01:25:40', 'feedback', 'price', 'Too Expensive', '', '|All Colours|All Sizes|', '4d49e6de-3289-11e6-93c3-0242ac110002', '||', 'Women\'s Shoes', 'Isabella Anselmi', 'SS1718'), ('9904c3f0-41e6-11e8-b8bc-39464c7628d3', 'DADO17SMCDO', 'negative', '', '610689e0-9398-11e7-99c3-6fa5f86ae7c2', '0', '9d11f000-9398-11e7-a45b-71cfa65a584c', '2018-04-17 02:25:30', '2018-04-17 02:25:30', 'feedback', 'stock', 'Stock Levels', 'Second highest seller in the company and missing outer sizes 36 and 41.', '|All Colours|All Sizes|', '4d49e6de-3289-11e6-93c3-0242ac110002', '|Too Low|Black Suede 36|Black Suede 41|', 'Women\'s Shoes', 'Isabella Anselmi', 'SS1718'), ('9b019d30-6929-11e8-b5eb-8d0297e7d12c', 'AIDEN17SIMPO', 'neutral', '', 'd5cfce40-9397-11e7-b3b4-d217ca389f53', '0', '181a0540-9398-11e7-b2f0-cfaf4e888818', '2018-01-13 05:33:50', '2018-01-13 05:33:50', 'feedback', 'suggestion', 'Style Suggestion', 'Could we do it in a navy', '|All Colours|All Sizes|', '4d49e6de-3289-11e6-93c3-0242ac110002', '||', 'Men\'s Shoes', 'Giancarlo Moretti', 'SS1718'), ('9b01c440-6929-11e8-b502-ec720081fbf9', 'JOLLY17SMCDO', 'neutral', '', 'd5cfce40-9397-11e7-b3b4-d217ca389f53', '0', 'f8e436a0-9397-11e7-8b95-9a063eb9161f', '2018-01-11 22:29:17', '2018-01-11 22:29:17', 'feedback', 'suggestion', 'Style Suggestion', 'People are asking for a grey suede', '|All Colours|All Sizes|', '4d49e6de-3289-11e6-93c3-0242ac110002', '||', 'Women\'s Shoes', 'Isabella Anselmi', 'SS1718'), ('9b01eb50-6929-11e8-9c68-1e1ec408c154', 'DADO17SMCDO', 'neutral', '', 'b51b4bb0-827c-11e7-8a2c-f8cfbeb2ebca', '0', '68270f90-9395-11e7-a3f0-daa7744d684d', '2018-04-11 05:55:03', '2018-04-11 05:55:03', 'feedback', 'suggestion', 'Style Suggestion', 'Can we do it in a tan/neutral tone?', '|All Colours|All Sizes|', '4d49e6de-3289-11e6-93c3-0242ac110002', '||', 'Women\'s Shoes', 'Isabella Anselmi', 'SS1718'), ('9b01eb51-6929-11e8-bcd8-c682725c3679', 'BRANDON CANVAS M', 'neutral', '', 'dd9f1510-9395-11e7-983e-aace4d7d4c3b', '0', '0df4e460-9396-11e7-91d7-dd5dae17bad9', '2018-03-22 22:11:26', '2018-03-22 22:11:26', 'feedback', 'suggestion', 'Style Suggestion', 'Customers have asked for a speckle grey', '|Blue|All Sizes|', '4d49e6de-3289-11e6-93c3-0242ac110002', '||', 'Men\'s Shoes', 'Deuce', 'SS1718'), ('a1fc69c0-fcba-11e7-aa61-9d703f5442e9', 'ARIA W', 'negative', '', 'b51b4bb0-827c-11e7-8a2c-f8cfbeb2ebca', '0', '9d7e7d00-6770-11e7-8064-f38bf4767f4b', '2018-01-19 01:46:56', '2018-01-19 01:46:56', 'feedback', 'stock', 'Size Range', '', '|White Perf|All Sizes|&|Black|All Sizes|', '4d49e6de-3289-11e6-93c3-0242ac110002', '|42|', 'Women\'s Shoes', 'Deuce', 'SS1718'), ('a6d18710-f69c-11e7-b142-8883cbd1c171', 'BRANDON CANVAS M', 'positive', '', 'dd9f1510-9395-11e7-983e-aace4d7d4c3b', '0', '0df4e460-9396-11e7-91d7-dd5dae17bad9', '2018-01-11 06:57:13', '2018-01-11 06:57:13', 'feedback', 'fit', 'Fits True', 'This style fits really well for men with wider feet, so has been a hit for those with the average Kiwi foot!', '|All Colours|All Sizes|', '4d49e6de-3289-11e6-93c3-0242ac110002', '||', 'Men\'s Shoes', 'Deuce', 'SS1718'), ('a6d18711-f69c-11e7-b8f2-fd2ce3c5fb48', 'BRANDON CANVAS M', 'positive', '', 'dd9f1510-9395-11e7-983e-aace4d7d4c3b', '0', '0df4e460-9396-11e7-91d7-dd5dae17bad9', '2018-01-11 06:57:13', '2018-01-11 06:57:13', 'feedback', 'price', 'Well Priced', 'Flown off the shelves at this price', '|All Colours|All Sizes|', '4d49e6de-3289-11e6-93c3-0242ac110002', '||', 'Men\'s Shoes', 'Deuce', 'SS1718'), ('a9482c60-3616-11e8-bacb-e21f47f8dd1e', 'a9482c60-3616-11e8-bacb-e21f47f8dd1e', 'neutral', '|http://res.cloudinary.com/dydvkbtsu/image/upload/v1522633150/demo.seekstock.nz/bs0vh4wqkvd8q6ikqibm.png|http://res.cloudinary.com/dydvkbtsu/image/upload/v1522633154/demo.seekstock.nz/xesia77ow37awzkzkdjw.png|http://res.cloudinary.com/dydvkbtsu/image/upload/v1522633157/demo.seekstock.nz/uunohlkwhqokuv4eizvq.png|', 'b51b4bb0-827c-11e7-8a2c-f8cfbeb2ebca', '0', '68270f90-9395-11e7-a3f0-daa7744d684d', '2018-04-02 01:39:19', '2018-04-02 01:39:19', 'newSuggestion', 'Jeans', 'Skinny Jeans,Ripped Jeans', 'Customers are asking for black skinny ripped jeans', '', '4d49e6de-3289-11e6-93c3-0242ac110002', '|Black|', '', '', ''), ('ac37cd60-fc9e-11e7-aa09-7cea2e9cc173', 'ac37cd60-fc9e-11e7-aa09-7cea2e9cc173', 'neutral', '|http://res.cloudinary.com/dydvkbtsu/image/upload/v1516314407/demo.seekstock.nz/upcfrak8pdc7l2bnytx5.png|', 'd5cfce40-9397-11e7-b3b4-d217ca389f53', '1', 'f8e436a0-9397-11e7-8b95-9a063eb9161f', '2018-01-18 22:26:48', '2018-03-06 00:38:05', 'newSuggestion', 'Jeans', 'Straight Jeans', 'I like these jeans.', '', '4d49e6de-3289-11e6-93c3-0242ac110002', '|Floral|', '', '', ''), ('b5217d80-fc9f-11e7-803b-908ba8f7447f', 'ARIA W', 'negative', '', 'b51b4bb0-827c-11e7-8a2c-f8cfbeb2ebca', '0', '37f65470-9395-11e7-aef2-d79ace5f7884', '2018-01-18 22:34:12', '2018-01-18 22:34:12', 'feedback', 'price', 'Too Expensive', '', '|All Colours|All Sizes|', '4d49e6de-3289-11e6-93c3-0242ac110002', '||', 'Women\'s Shoes', 'Deuce', 'SS1718'), ('b75589a0-fca1-11e7-83a1-e521018300ec', 'MAXWELL17SSULO', 'negative', '', 'd5cfce40-9397-11e7-b3b4-d217ca389f53', '0', 'f8e436a0-9397-11e7-8b95-9a063eb9161f', '2018-01-18 22:48:35', '2018-01-18 22:48:35', 'feedback', 'stock', 'Stock Levels', '', '|All Colours|All Sizes|', '4d49e6de-3289-11e6-93c3-0242ac110002', '|Too Low|Cognac 43|', 'Men\'s Shoes', 'Bullboxer', 'SS1718'), ('b755b0b0-fca1-11e7-9c5d-304ad09ca34f', 'MAXWELL17SSULO', 'negative', '', 'd5cfce40-9397-11e7-b3b4-d217ca389f53', '0', 'f8e436a0-9397-11e7-8b95-9a063eb9161f', '2018-01-18 22:48:35', '2018-01-18 22:48:35', 'feedback', 'stock', 'Stock Levels', '', '|All Colours|All Sizes|', '4d49e6de-3289-11e6-93c3-0242ac110002', '|Too High|Cognac 41|', 'Men\'s Shoes', 'Bullboxer', 'SS1718'), ('cba98e10-49c2-11e8-ba0e-fad2c2acecee', 'cba98e10-49c2-11e8-ba0e-fad2c2acecee', 'neutral', '|http://res.cloudinary.com/dydvkbtsu/image/upload/v1524796161/demo.seekstock.nz/b2x3dolioiwzbkzscjcb.png|http://res.cloudinary.com/dydvkbtsu/image/upload/v1524796161/demo.seekstock.nz/af8qz6uu1cgn1w485f8j.png|http://res.cloudinary.com/dydvkbtsu/image/upload/v1524796161/demo.seekstock.nz/atnycm6zsu0oxrdff3jz.png|', 'b51b4bb0-827c-11e7-8a2c-f8cfbeb2ebca', '0', '9d7e7d00-6770-11e7-8064-f38bf4767f4b', '2018-04-27 02:29:22', '2018-04-27 02:29:22', 'newSuggestion', 'Jeans', 'Skinny Jeans', 'Black skinny jeans', '', '4d49e6de-3289-11e6-93c3-0242ac110002', '|Black|', '', '', ''), ('d1b547e0-0b83-11e8-bf8f-e4885ae6a532', 'FIESTA17SMCDO', 'negative', '', 'b51b4bb0-827c-11e7-8a2c-f8cfbeb2ebca', '0', '9d7e7d00-6770-11e7-8064-f38bf4767f4b', '2018-02-06 21:22:22', '2018-02-06 21:22:22', 'feedback', 'fit', 'Fits Large', '', '|All Colours|All Sizes|', '4d49e6de-3289-11e6-93c3-0242ac110002', '|Width|', 'Women\'s Shoes', 'Isabella Anselmi', 'SS1718'), ('d1b5bd10-0b83-11e8-978c-19130c1a781f', 'FIESTA17SMCDO', 'negative', '', 'b51b4bb0-827c-11e7-8a2c-f8cfbeb2ebca', '0', '9d7e7d00-6770-11e7-8064-f38bf4767f4b', '2018-02-06 21:22:22', '2018-02-06 21:22:22', 'feedback', 'quality', 'Damaged/Broken', 'Torn', '|White|36|', '4d49e6de-3289-11e6-93c3-0242ac110002', '|Return|Pocket|Sleeve|', 'Women\'s Shoes', 'Isabella Anselmi', 'SS1718'), ('d1b5bd11-0b83-11e8-8dee-cfadbce569e5', 'FIESTA17SMCDO', 'positive', '', 'b51b4bb0-827c-11e7-8a2c-f8cfbeb2ebca', '0', '9d7e7d00-6770-11e7-8064-f38bf4767f4b', '2018-02-06 21:22:22', '2018-02-06 21:22:22', 'feedback', 'price', 'Well Priced', '', '|All Colours|All Sizes|', '4d49e6de-3289-11e6-93c3-0242ac110002', '||', 'Women\'s Shoes', 'Isabella Anselmi', 'SS1718'), ('d4f6f350-f714-11e7-aafe-ea20ae9d25e6', 'ARIA W', 'positive', '', 'd5cfce40-9397-11e7-b3b4-d217ca389f53', '0', '181a0540-9398-11e7-b2f0-cfaf4e888818', '2018-01-11 21:17:30', '2018-01-11 21:17:30', 'feedback', 'price', 'Well Priced', 'People are very happy with the price of these', '|All Colours|All Sizes|', '4d49e6de-3289-11e6-93c3-0242ac110002', '||', 'Women\'s Shoes', 'Deuce', 'SS1718'), ('d4f76880-f714-11e7-9bc2-a92b2f352dd2', 'ARIA W', 'positive', '', 'd5cfce40-9397-11e7-b3b4-d217ca389f53', '0', '181a0540-9398-11e7-b2f0-cfaf4e888818', '2018-01-11 21:17:30', '2018-01-11 21:17:30', 'feedback', 'style', 'Colour/Print', 'A really great range of colours, the watermelon has been popular.', '|All Colours|All Sizes|', '4d49e6de-3289-11e6-93c3-0242ac110002', '||', 'Women\'s Shoes', 'Deuce', 'SS1718'), ('dabcd7a0-41e7-11e8-8794-21d9557c94b4', 'BRANDON CANVAS M', 'negative', '', 'b51b4bb0-827c-11e7-8a2c-f8cfbeb2ebca', '1', '68270f90-9395-11e7-a3f0-daa7744d684d', '2018-04-17 02:34:29', '2018-04-17 02:34:59', 'feedback', 'stock', 'Stock Levels', 'We\'d like to move out the orange Brandon Casual Sneaker, has been a slow mover for us.', '|All Colours|All Sizes|', '4d49e6de-3289-11e6-93c3-0242ac110002', '|Too High|Orange 41|Orange 42|Orange 43|Orange 44|Orange 45|Orange 46|Orange 47|', 'Men\'s Shoes', 'Deuce', 'SS1718'), ('dc6b5270-f71e-11e7-9ff7-11d665a51321', 'JOLLY17SMCDO', 'negative', '', 'd5cfce40-9397-11e7-b3b4-d217ca389f53', '0', 'f8e436a0-9397-11e7-8b95-9a063eb9161f', '2018-01-11 22:29:17', '2018-01-11 22:29:17', 'feedback', 'quality', 'Damaged/Broken', 'Lace snapped when trying on', '|Taupe|38|', '4d49e6de-3289-11e6-93c3-0242ac110002', '|Return|Laces|', 'Women\'s Shoes', 'Isabella Anselmi', 'SS1718'), ('dc6b7980-f71e-11e7-a779-f084e6ad784f', 'JOLLY17SMCDO', 'positive', '', 'd5cfce40-9397-11e7-b3b4-d217ca389f53', '0', 'f8e436a0-9397-11e7-8b95-9a063eb9161f', '2018-01-11 22:29:17', '2018-01-11 22:29:17', 'feedback', 'style', 'Colour/Print', 'People love the tan', '|All Colours|All Sizes|', '4d49e6de-3289-11e6-93c3-0242ac110002', '||', 'Women\'s Shoes', 'Isabella Anselmi', 'SS1718'), ('dee7c6c0-f6b3-11e7-bae9-5081e0ce0e64', 'DADO17SMCDO', 'negative', '', '224288e0-9397-11e7-839d-a0ba6612daa5', '0', '65cae530-9397-11e7-81c4-179927a43dde', '2018-01-11 09:43:25', '2018-01-11 09:43:25', 'feedback', 'fit', 'Fits Large', 'We haven\'t had many customers try this style yet but the few that have have found the back strap too loose on the tightest buckle setting.', '|All Colours|All Sizes|', '4d49e6de-3289-11e6-93c3-0242ac110002', '|Strap|', 'Women\'s Shoes', 'Isabella Anselmi', 'SS1718'), ('e0a070e0-3d4c-11e8-bc0b-11e544fa0c95', 'DADO17SMCDO', 'positive', '', 'b51b4bb0-827c-11e7-8a2c-f8cfbeb2ebca', '0', '68270f90-9395-11e7-a3f0-daa7744d684d', '2018-04-11 05:55:03', '2018-04-11 05:55:03', 'feedback', 'style', 'Design/Shape', 'Very popular style, customer love the sling back paired with an enclosed toe.', '|All Colours|All Sizes|', '4d49e6de-3289-11e6-93c3-0242ac110002', '||', 'Women\'s Shoes', 'Isabella Anselmi', 'SS1718'), ('e6ffb150-f69b-11e7-982e-9ba60bc65af6', 'ARIA W', 'positive', '', 'dd9f1510-9395-11e7-983e-aace4d7d4c3b', '0', 'ef01c410-9395-11e7-97d8-79c618a4276e', '2018-01-11 06:51:51', '2018-01-11 06:51:51', 'feedback', 'quality', 'Material Quality', 'The quality of leather on this style is great, incredibly soft and customers like that it\'s leather lined too.', '|All Colours|All Sizes|', '4d49e6de-3289-11e6-93c3-0242ac110002', '|Shop Stock|', 'Women\'s Shoes', 'Deuce', 'SS1718'), ('e6ffff70-f69b-11e7-a164-ab32959964a7', 'ARIA W', 'positive', '', 'dd9f1510-9395-11e7-983e-aace4d7d4c3b', '0', 'ef01c410-9395-11e7-97d8-79c618a4276e', '2018-01-11 06:51:51', '2018-01-11 06:51:51', 'feedback', 'style', 'Design/Shape', 'The design of this shoe makes it a great trans-seasonal style. Customers like that it has an enclosed toe and heel and keeps them cool with the mid-foot being open.', '|All Colours|All Sizes|', '4d49e6de-3289-11e6-93c3-0242ac110002', '||', 'Women\'s Shoes', 'Deuce', 'SS1718'), ('ee5c7350-f6b1-11e7-b2f8-7496bb2cd315', 'LUCILLE17SSGOO', 'positive', '', '224288e0-9397-11e7-839d-a0ba6612daa5', '0', '3ceba370-9397-11e7-8e9b-d7570b7c3f97', '2018-01-11 09:29:32', '2018-01-11 09:29:32', 'feedback', 'fit', 'Fits True', '', '|All Colours|All Sizes|', '4d49e6de-3289-11e6-93c3-0242ac110002', '||', 'Women\'s Shoes', 'Isabella Anselmi', 'SS1718'), ('ee5d0f90-f6b1-11e7-94d5-515407dac9d3', 'LUCILLE17SSGOO', 'positive', '', '224288e0-9397-11e7-839d-a0ba6612daa5', '0', '3ceba370-9397-11e7-8e9b-d7570b7c3f97', '2018-01-11 09:29:32', '2018-01-11 09:29:32', 'feedback', 'price', 'Well Priced', '', '|All Colours|All Sizes|', '4d49e6de-3289-11e6-93c3-0242ac110002', '||', 'Women\'s Shoes', 'Isabella Anselmi', 'SS1718'), ('ee5d36a0-f6b1-11e7-8e4b-6d278aaceac0', 'LUCILLE17SSGOO', 'negative', '', '224288e0-9397-11e7-839d-a0ba6612daa5', '0', '3ceba370-9397-11e7-8e9b-d7570b7c3f97', '2018-01-11 09:29:32', '2018-01-11 09:29:32', 'feedback', 'stock', 'Size Range', '', '|Silver|All Sizes|&|Black Leather|All Sizes|', '4d49e6de-3289-11e6-93c3-0242ac110002', '|42|', 'Women\'s Shoes', 'Isabella Anselmi', 'SS1718'), ('ef1403d0-fca1-11e7-bed0-efb45f31cbaf', 'MAXWELL17SSULO', 'positive', '', 'd5cfce40-9397-11e7-b3b4-d217ca389f53', '0', 'f8e436a0-9397-11e7-8b95-9a063eb9161f', '2018-01-18 22:50:08', '2018-01-18 22:50:08', 'feedback', 'quality', 'Material Quality', 'Feels good.', '|All Colours|All Sizes|', '4d49e6de-3289-11e6-93c3-0242ac110002', '|Shop Stock|Insole|', 'Men\'s Shoes', 'Bullboxer', 'SS1718'), ('f6e37070-2e1d-11e8-9bff-fa4dc05d98a7', 'BRANDON CANVAS M', 'negative', '', 'dd9f1510-9395-11e7-983e-aace4d7d4c3b', '0', '0df4e460-9396-11e7-91d7-dd5dae17bad9', '2018-03-22 22:11:26', '2018-03-22 22:11:26', 'feedback', 'fit', 'Fits Large', 'Fits large across the mid-foot.', '|Blue|All Sizes|&|Black/Black|All Sizes|&|Rust|All Sizes|', '4d49e6de-3289-11e6-93c3-0242ac110002', '|Width|', 'Men\'s Shoes', 'Deuce', 'SS1718'), ('f6e40cb0-2e1d-11e8-b843-354fb7723caf', 'BRANDON CANVAS M', 'negative', '', 'dd9f1510-9395-11e7-983e-aace4d7d4c3b', '0', '0df4e460-9396-11e7-91d7-dd5dae17bad9', '2018-03-22 22:11:26', '2018-03-22 22:11:26', 'feedback', 'style', 'Colour/Print', 'Not popular at all, too bright.', '|Blue|All Sizes|', '4d49e6de-3289-11e6-93c3-0242ac110002', '||', 'Men\'s Shoes', 'Deuce', 'SS1718'), ('f6e40cb1-2e1d-11e8-996d-b9fb94a73df8', 'BRANDON CANVAS M', 'negative', '', 'dd9f1510-9395-11e7-983e-aace4d7d4c3b', '0', '0df4e460-9396-11e7-91d7-dd5dae17bad9', '2018-03-22 22:11:26', '2018-03-22 22:11:26', 'feedback', 'stock', 'Size Range', '', '|All Colours|All Sizes|', '4d49e6de-3289-11e6-93c3-0242ac110002', '|US13|', 'Men\'s Shoes', 'Deuce', 'SS1718');
COMMIT;

-- ----------------------------
--  Table structure for `collections`
-- ----------------------------
DROP TABLE IF EXISTS `collections`;
CREATE TABLE `collections` (
  `id` varchar(36) NOT NULL,
  `creatorId` varchar(36) DEFAULT NULL,
  `activityId` varchar(36) DEFAULT NULL,
  `active` tinyint(1) DEFAULT NULL,
  `deleted` tinyint(1) DEFAULT NULL,
  `type` varchar(36) DEFAULT NULL,
  `storeId` varchar(36) DEFAULT NULL,
  `createdAt` datetime DEFAULT NULL,
  `updatedAt` datetime DEFAULT NULL,
  PRIMARY KEY (`id`)
) ENGINE=InnoDB DEFAULT CHARSET=utf8mb4;

-- ----------------------------
--  Records of `collections`
-- ----------------------------
BEGIN;
INSERT INTO `collections` VALUES ('28981fa0-fc9e-11e7-9d93-e5e70a3333e2', '37f65470-9395-11e7-aef2-d79ace5f7884', '55e90d90-f823-11e7-a49e-8de125c0b72b', '1', '0', 'quality', 'b51b4bb0-827c-11e7-8a2c-f8cfbeb2ebca', '2018-01-18 22:23:07', '2018-01-18 22:23:07'), ('3e24fc50-f738-11e7-a26d-355d54fc819b', '4c8256f0-9395-11e7-89a6-88568af3c30e', 'dee7c6c0-f6b3-11e7-bae9-5081e0ce0e64', '1', '0', 'fit', 'b51b4bb0-827c-11e7-8a2c-f8cfbeb2ebca', '2018-01-12 01:30:59', '2018-01-12 01:31:03'), ('429b1b20-f738-11e7-b24c-325fd41bc8e2', '4c8256f0-9395-11e7-89a6-88568af3c30e', '1e95d800-f715-11e7-9e10-c7b471e77ef4', '1', '0', 'fit', 'b51b4bb0-827c-11e7-8a2c-f8cfbeb2ebca', '2018-01-12 01:31:06', '2018-01-12 01:31:06'), ('486d9e20-092a-11e8-ae40-fd7d1a010a3a', '9d7e7d00-6770-11e7-8064-f38bf4767f4b', '11cfe290-fcbb-11e7-8b7e-20458499b175', '1', '1', 'style', 'b51b4bb0-827c-11e7-8a2c-f8cfbeb2ebca', '2018-02-03 21:36:24', '2018-02-06 20:30:37'), ('6c8dd090-2e1e-11e8-bb05-fd296081f214', '68270f90-9395-11e7-a3f0-daa7744d684d', '6ae29230-092a-11e8-8530-aedfd7cdd0f1', '1', '0', 'stock', 'b51b4bb0-827c-11e7-8a2c-f8cfbeb2ebca', '2018-03-22 22:14:43', '2018-03-22 22:14:43'), ('6db5fce0-2e1e-11e8-b389-0bb0868fc33d', '68270f90-9395-11e7-a3f0-daa7744d684d', '51e0d4c0-fca2-11e7-b10d-3eebbc656731', '1', '0', 'style', 'b51b4bb0-827c-11e7-8a2c-f8cfbeb2ebca', '2018-03-22 22:14:45', '2018-03-22 22:14:45'), ('6e003e40-20d6-11e8-aef8-ec56c23f94f1', '68270f90-9395-11e7-a3f0-daa7744d684d', 'a1fc69c0-fcba-11e7-aa61-9d703f5442e9', '0', '0', 'stock', 'b51b4bb0-827c-11e7-8a2c-f8cfbeb2ebca', '2018-03-06 00:36:37', '2018-03-06 00:36:39'), ('73fdc060-20d6-11e8-9834-dc81611432da', '68270f90-9395-11e7-a3f0-daa7744d684d', 'd4f76880-f714-11e7-9bc2-a92b2f352dd2', '1', '0', 'style', 'b51b4bb0-827c-11e7-8a2c-f8cfbeb2ebca', '2018-03-06 00:36:47', '2018-03-06 00:36:47'), ('749a0060-20d6-11e8-81c6-91429082754f', '68270f90-9395-11e7-a3f0-daa7744d684d', 'e6ffb150-f69b-11e7-982e-9ba60bc65af6', '1', '0', 'quality', 'b51b4bb0-827c-11e7-8a2c-f8cfbeb2ebca', '2018-03-06 00:36:48', '2018-03-06 00:36:48'), ('750239b0-00b9-11e8-9740-782ac342fb9c', '9d7e7d00-6770-11e7-8064-f38bf4767f4b', 'a1fc69c0-fcba-11e7-aa61-9d703f5442e9', '1', '0', 'stock', 'b51b4bb0-827c-11e7-8a2c-f8cfbeb2ebca', '2018-01-24 03:48:36', '2018-01-24 03:48:36'), ('7e7bf320-0931-11e8-8e7e-4fdd20f925d5', '9d7e7d00-6770-11e7-8064-f38bf4767f4b', '5d77f430-0931-11e8-bfea-3cff47b7c3c8', '1', '0', 'style', 'b51b4bb0-827c-11e7-8a2c-f8cfbeb2ebca', '2018-02-03 22:28:01', '2018-02-03 22:28:01'), ('894c3a30-3c4e-11e8-ad5b-8542641eb2af', '68270f90-9395-11e7-a3f0-daa7744d684d', '462b09c1-20e7-11e8-b009-346aab898709', '1', '1', 'stock', 'b51b4bb0-827c-11e7-8a2c-f8cfbeb2ebca', '2018-04-09 23:34:24', '2018-04-17 02:36:38'), ('8a118600-3c4e-11e8-b190-0dc52e6dfbae', '68270f90-9395-11e7-a3f0-daa7744d684d', '7f0bade0-1222-11e8-904b-34a533c3fa0d', '1', '0', 'style', 'b51b4bb0-827c-11e7-8a2c-f8cfbeb2ebca', '2018-04-09 23:34:25', '2018-04-09 23:34:25'), ('8af444e0-3c4e-11e8-b2d1-c3944be1e8e1', '68270f90-9395-11e7-a3f0-daa7744d684d', 'f6e40cb1-2e1d-11e8-996d-b9fb94a73df8', '1', '0', 'stock', 'b51b4bb0-827c-11e7-8a2c-f8cfbeb2ebca', '2018-04-09 23:34:27', '2018-04-09 23:34:27'), ('a9a25b40-20d6-11e8-b224-e9e945392409', '9d7e7d00-6770-11e7-8064-f38bf4767f4b', '55eba5a0-f823-11e7-a073-e2e82c3c344d', '1', '0', 'suggestion', 'b51b4bb0-827c-11e7-8a2c-f8cfbeb2ebca', '2018-03-06 00:38:17', '2018-03-06 00:38:17'), ('b8a45740-fb21-11e7-9a07-04a8f9fb555a', '9d7e7d00-6770-11e7-8064-f38bf4767f4b', '55e90d90-f823-11e7-a49e-8de125c0b72b', '1', '0', 'quality', 'b51b4bb0-827c-11e7-8a2c-f8cfbeb2ebca', '2018-01-17 00:59:50', '2018-02-03 21:36:28'), ('b8e8e960-1222-11e8-adb7-2057a3b6d720', '9d7e7d00-6770-11e7-8064-f38bf4767f4b', '7f0bade0-1222-11e8-904b-34a533c3fa0d', '1', '0', 'style', 'b51b4bb0-827c-11e7-8a2c-f8cfbeb2ebca', '2018-02-15 07:34:57', '2018-02-15 07:34:57'), ('ba239370-f71f-11e7-8907-2680009b6bfd', '4c8256f0-9395-11e7-89a6-88568af3c30e', 'dc6b7980-f71e-11e7-a779-f084e6ad784f', '0', '0', 'style', 'b51b4bb0-827c-11e7-8a2c-f8cfbeb2ebca', '2018-01-11 22:35:29', '2018-01-11 22:35:44'), ('c4526330-f71f-11e7-ad66-d91bf1c41efe', '4c8256f0-9395-11e7-89a6-88568af3c30e', 'dc6e38a0-f71e-11e7-9ebc-a4727f786b79', '1', '0', 'suggestion', 'b51b4bb0-827c-11e7-8a2c-f8cfbeb2ebca', '2018-01-11 22:35:46', '2018-01-11 22:35:46'), ('c97fdcd0-202c-11e8-ac13-2aefd9ca0ee8', '37f65470-9395-11e7-aef2-d79ace5f7884', '08c423c0-1c30-11e8-b1e6-c8886d3c9fff', '0', '1', 'quality', 'b51b4bb0-827c-11e7-8a2c-f8cfbeb2ebca', '2018-03-05 04:22:16', '2018-03-06 00:37:27'), ('d05b5290-fb2f-11e7-8264-4ab4205e74c3', '9d7e7d00-6770-11e7-8064-f38bf4767f4b', '1e95d800-f715-11e7-9e10-c7b471e77ef4', '1', '0', 'fit', 'b51b4bb0-827c-11e7-8a2c-f8cfbeb2ebca', '2018-01-17 02:40:43', '2018-01-24 03:49:37'), ('d3504fa0-fb2f-11e7-96c2-6e69b13fe2ff', '9d7e7d00-6770-11e7-8064-f38bf4767f4b', 'dee7c6c0-f6b3-11e7-bae9-5081e0ce0e64', '1', '0', 'fit', 'b51b4bb0-827c-11e7-8a2c-f8cfbeb2ebca', '2018-01-17 02:40:48', '2018-01-24 03:49:34'), ('da9ebbc0-fb2f-11e7-bede-890e9f1a2f7c', '9d7e7d00-6770-11e7-8064-f38bf4767f4b', 'dc6b5270-f71e-11e7-9ff7-11d665a51321', '1', '0', 'quality', 'b51b4bb0-827c-11e7-8a2c-f8cfbeb2ebca', '2018-01-17 02:41:00', '2018-03-06 00:38:25'), ('db0388a0-25cf-11e8-9b31-0269ddaeef5a', '37f65470-9395-11e7-aef2-d79ace5f7884', '706f59c0-20e7-11e8-9f15-271891b9c6b1', '0', '0', 'style', 'b51b4bb0-827c-11e7-8a2c-f8cfbeb2ebca', '2018-03-12 08:32:09', '2018-03-12 08:32:16'), ('dc289010-fb2f-11e7-afa7-3644ae05d526', '9d7e7d00-6770-11e7-8064-f38bf4767f4b', '4152ff00-f71d-11e7-a133-67a392bc858c', '0', '0', 'style', 'b51b4bb0-827c-11e7-8a2c-f8cfbeb2ebca', '2018-01-17 02:41:03', '2018-01-18 01:27:01'), ('ea97a7a0-fc9a-11e7-a0c2-6687386cf197', '37f65470-9395-11e7-aef2-d79ace5f7884', '4152ff00-f71d-11e7-a133-67a392bc858c', '1', '0', 'style', 'b51b4bb0-827c-11e7-8a2c-f8cfbeb2ebca', '2018-01-18 21:59:54', '2018-01-18 21:59:54'), ('ee301530-0b83-11e8-bab3-ff86444af77f', '9d7e7d00-6770-11e7-8064-f38bf4767f4b', 'd1b5bd11-0b83-11e8-8dee-cfadbce569e5', '1', '0', 'price', 'b51b4bb0-827c-11e7-8a2c-f8cfbeb2ebca', '2018-02-06 21:23:09', '2018-02-06 21:23:09');
COMMIT;

-- ----------------------------
--  Table structure for `comments`
-- ----------------------------
DROP TABLE IF EXISTS `comments`;
CREATE TABLE `comments` (
  `id` varchar(36) NOT NULL,
  `content` varchar(2048) DEFAULT NULL,
  `creatorId` varchar(36) DEFAULT NULL,
  `activityId` varchar(36) DEFAULT NULL,
  `deleted` tinyint(1) DEFAULT NULL,
  `createdAt` datetime DEFAULT NULL,
  `updatedAt` datetime DEFAULT NULL,
  `mentionId` varchar(1024) DEFAULT NULL,
  `type` varchar(20) DEFAULT NULL,
  `storeId` varchar(36) DEFAULT NULL,
  `img` varchar(128) DEFAULT NULL,
  PRIMARY KEY (`id`)
) ENGINE=InnoDB DEFAULT CHARSET=utf8mb4 ROW_FORMAT=DYNAMIC;

-- ----------------------------
--  Records of `comments`
-- ----------------------------
BEGIN;
INSERT INTO `comments` VALUES ('0513dfa0-fcb8-11e7-8b30-925330369257', 'Testing?', 'f8e436a0-9397-11e7-8b95-9a063eb9161f', '51e0d4c0-fca2-11e7-b10d-3eebbc656731', '0', '2018-01-19 01:28:14', '2018-01-19 01:28:14', '', 'feedback', 'd5cfce40-9397-11e7-b3b4-d217ca389f53', ''), ('0fd6efe0-f6b4-11e7-901a-cacd8e0ada8c', 'I agree with @Amy Pearson  this style has been a hit!', '65cae530-9397-11e7-81c4-179927a43dde', 'e6ffff70-f69b-11e7-a164-ab32959964a7', '0', '2018-01-11 09:44:47', '2018-01-11 09:44:47', '|ef01c410-9395-11e7-97d8-79c618a4276e|', 'feedback', '224288e0-9397-11e7-839d-a0ba6612daa5', ''), ('134ecc80-0b84-11e8-9c85-c637ae809b2a', '@Tina Grey thanks for the feedback', '9d7e7d00-6770-11e7-8064-f38bf4767f4b', '5d77f430-0931-11e8-bfea-3cff47b7c3c8', '0', '2018-02-06 21:24:12', '2018-02-06 21:24:12', '|9006c060-aed8-11e7-b843-f517d2abf12a|', 'feedback', 'b51b4bb0-827c-11e7-8a2c-f8cfbeb2ebca', ''), ('2f206780-fc9c-11e7-a4e4-67b395d3593c', 'No problem @Chris Ramsay', 'f8e436a0-9397-11e7-8b95-9a063eb9161f', '4152ff00-f71d-11e7-a133-67a392bc858c', '0', '2018-01-18 22:08:59', '2018-01-18 22:08:59', '|37f65470-9395-11e7-aef2-d79ace5f7884|', 'feedback', 'd5cfce40-9397-11e7-b3b4-d217ca389f53', ''), ('41d91610-2e1f-11e8-8ffb-777c5bc82b7b', 'Hey @Lauren Thompson  thanks for the feedback, I\'ll take this onboard.', '68270f90-9395-11e7-a3f0-daa7744d684d', 'f7654aa0-2e1d-11e8-9ce7-093af2865eac', '0', '2018-03-22 22:20:41', '2018-03-22 22:20:41', '|0df4e460-9396-11e7-91d7-dd5dae17bad9|', 'suggestion', 'b51b4bb0-827c-11e7-8a2c-f8cfbeb2ebca', ''), ('4b6d8dc0-fc9f-11e7-b983-0d6ff89da0c5', '@Tina Grey  thoughts?', '37f65470-9395-11e7-aef2-d79ace5f7884', 'ac37cd60-fc9e-11e7-aa09-7cea2e9cc173', '1', '2018-01-18 22:31:15', '2018-03-06 00:38:05', '|9006c060-aed8-11e7-b843-f517d2abf12a|', 'suggestion', 'b51b4bb0-827c-11e7-8a2c-f8cfbeb2ebca', ''), ('66224110-fc9f-11e7-9672-e2e1e9388031', '<img src=\"http://res.cloudinary.com/dydvkbtsu/image/upload/v1516314719/demo.seekstock.nz/hzdhiy0x2a7y7z8boght.png\"/>', '37f65470-9395-11e7-aef2-d79ace5f7884', 'ac37cd60-fc9e-11e7-aa09-7cea2e9cc173', '1', '2018-01-18 22:32:00', '2018-03-06 00:38:05', '', 'suggestion', 'b51b4bb0-827c-11e7-8a2c-f8cfbeb2ebca', 'http://res.cloudinary.com/dydvkbtsu/image/upload/v1516314719/demo.seekstock.nz/hzdhiy0x2a7y7z8boght.png'), ('95056d90-fc9f-11e7-ad6e-f39796074a4f', 'cute!', 'f8e436a0-9397-11e7-8b95-9a063eb9161f', 'ac37cd60-fc9e-11e7-aa09-7cea2e9cc173', '1', '2018-01-18 22:33:18', '2018-03-06 00:38:05', '', 'suggestion', 'd5cfce40-9397-11e7-b3b4-d217ca389f53', ''), ('bc393eb0-fc9e-11e7-87e8-eabd9bab5e1f', 'Thanks Charlie, these look great.', '37f65470-9395-11e7-aef2-d79ace5f7884', 'ac37cd60-fc9e-11e7-aa09-7cea2e9cc173', '1', '2018-01-18 22:27:15', '2018-03-06 00:38:05', '', 'suggestion', 'b51b4bb0-827c-11e7-8a2c-f8cfbeb2ebca', ''), ('e02713f0-fc9a-11e7-8e6d-57ddfdb022be', 'Great to hear Charlie!', '37f65470-9395-11e7-aef2-d79ace5f7884', '4152ff00-f71d-11e7-a133-67a392bc858c', '0', '2018-01-18 21:59:37', '2018-01-18 21:59:37', '', 'feedback', 'b51b4bb0-827c-11e7-8a2c-f8cfbeb2ebca', ''), ('ef34a1e0-f714-11e7-9a89-554a0cd2daf1', 'I agree with @Emily Paul we\'ve had the same problem.', '181a0540-9398-11e7-b2f0-cfaf4e888818', 'dee7c6c0-f6b3-11e7-bae9-5081e0ce0e64', '0', '2018-01-11 21:18:14', '2018-01-11 21:18:14', '|65cae530-9397-11e7-81c4-179927a43dde|', 'feedback', 'd5cfce40-9397-11e7-b3b4-d217ca389f53', ''), ('f9113950-f71c-11e7-975e-cb1108e719ab', 'Thanks for the info here @Mia Cooper  we are looking into this.', '4c8256f0-9395-11e7-89a6-88568af3c30e', 'dee7c6c0-f6b3-11e7-bae9-5081e0ce0e64', '0', '2018-01-11 22:15:46', '2018-01-11 22:15:46', '|181a0540-9398-11e7-b2f0-cfaf4e888818|', 'feedback', 'b51b4bb0-827c-11e7-8a2c-f8cfbeb2ebca', ''), ('fc1a6fc0-f71e-11e7-9352-5d4412f01a5e', 'Thanks for this, we\'ll look into it.', '4c8256f0-9395-11e7-89a6-88568af3c30e', 'dc6b5270-f71e-11e7-9ff7-11d665a51321', '0', '2018-01-11 22:30:10', '2018-01-11 22:30:10', '', 'feedback', 'b51b4bb0-827c-11e7-8a2c-f8cfbeb2ebca', '');
COMMIT;

-- ----------------------------
--  Table structure for `exemptions`
-- ----------------------------
DROP TABLE IF EXISTS `exemptions`;
CREATE TABLE `exemptions` (
  `id` varchar(36) NOT NULL,
  `activityId` varchar(36) NOT NULL,
  `updatedAt` datetime DEFAULT NULL,
  `createdAt` datetime DEFAULT NULL,
  `deleted` tinyint(1) DEFAULT NULL,
  `creatorId` varchar(36) DEFAULT NULL,
  `storeId` varchar(36) DEFAULT NULL,
  `active` tinyint(1) DEFAULT NULL,
  PRIMARY KEY (`id`)
) ENGINE=InnoDB DEFAULT CHARSET=utf8mb4 ROW_FORMAT=DYNAMIC;

-- ----------------------------
--  Records of `exemptions`
-- ----------------------------
BEGIN;
INSERT INTO `exemptions` VALUES ('4a1ed2e0-f69a-11e7-b3a2-5205f0eff87d', '1f262700-f69a-11e7-b69e-7aa918c51e65', '2018-01-11 09:30:02', '2018-01-11 06:40:18', '1', 'ef01c410-9395-11e7-97d8-79c618a4276e', 'dd9f1510-9395-11e7-983e-aace4d7d4c3b', '1'), ('5e5735b0-f71f-11e7-bbdb-a8938f7f4e2c', '3d72ccb0-f71f-11e7-b7dc-b32259dbe576', '2018-01-15 17:00:59', '2018-01-11 22:32:55', '1', '181a0540-9398-11e7-b2f0-cfaf4e888818', 'd5cfce40-9397-11e7-b3b4-d217ca389f53', '1');
COMMIT;

-- ----------------------------
--  Table structure for `groups`
-- ----------------------------
DROP TABLE IF EXISTS `groups`;
CREATE TABLE `groups` (
  `id` varchar(36) NOT NULL,
  `names` varchar(300) NOT NULL,
  `deleted` tinyint(1) NOT NULL DEFAULT '0',
  `createdAt` datetime NOT NULL,
  `updatedAt` datetime NOT NULL,
  `creatorId` varchar(36) NOT NULL,
  `active` tinyint(1) NOT NULL,
  `organizationId` varchar(36) NOT NULL,
  `storeIds` varchar(10240) DEFAULT NULL,
  PRIMARY KEY (`id`)
) ENGINE=InnoDB DEFAULT CHARSET=utf8mb4 ROW_FORMAT=DYNAMIC;

-- ----------------------------
--  Records of `groups`
-- ----------------------------
BEGIN;
INSERT INTO `groups` VALUES ('16a26d20-1c13-11e8-a155-0fd6655dc561', 'A Stores', '0', '2018-02-27 23:08:14', '2018-03-06 00:35:13', '9d7e7d00-6770-11e7-8064-f38bf4767f4b', '1', '4d49e6de-3289-11e6-93c3-0242ac110002', '|224288e0-9397-11e7-839d-a0ba6612daa5|610689e0-9398-11e7-99c3-6fa5f86ae7c2|dd9f1510-9395-11e7-983e-aace4d7d4c3b|4a29b240-a17d-11e7-b0a9-be7a48e21a16|'), ('731a6150-1b5c-11e8-8592-617230f8dd36', 'B Stores', '0', '2018-02-27 01:20:51', '2018-03-30 06:08:50', '37f65470-9395-11e7-aef2-d79ace5f7884', '1', '4d49e6de-3289-11e6-93c3-0242ac110002', '|a9ea59c0-a4a0-11e7-af92-836afa4a9f7e|d5cfce40-9397-11e7-b3b4-d217ca389f53|');
COMMIT;

-- ----------------------------
--  Table structure for `notifications`
-- ----------------------------
DROP TABLE IF EXISTS `notifications`;
CREATE TABLE `notifications` (
  `id` char(36) NOT NULL,
  `recipientId` varchar(36) NOT NULL COMMENT 'recipient',
  `content` varchar(512) DEFAULT NULL,
  `subjectId` char(36) NOT NULL COMMENT 'feedbackid suggestionid',
  `notificationType` varchar(255) NOT NULL COMMENT ' mentioned: ''mentioned'',\n    liked: ''liked''',
  `read` tinyint(1) NOT NULL DEFAULT '0',
  `deleted` tinyint(1) NOT NULL DEFAULT '0',
  `creatorId` varchar(36) NOT NULL COMMENT 'current user',
  `createdAt` datetime NOT NULL,
  `updatedAt` datetime NOT NULL,
  `subjectType` varchar(32) DEFAULT NULL COMMENT 'feedback suggestion ',
  `commentId` varchar(36) DEFAULT NULL,
  `createStoreId` varchar(36) DEFAULT NULL,
  `productId` varchar(128) DEFAULT NULL,
  PRIMARY KEY (`id`)
) ENGINE=InnoDB DEFAULT CHARSET=utf8mb4 ROW_FORMAT=DYNAMIC;

-- ----------------------------
--  Records of `notifications`
-- ----------------------------
BEGIN;
INSERT INTO `notifications` VALUES ('032bfc90-f6b4-11e7-9254-724a7f4af289', 'ef01c410-9395-11e7-97d8-79c618a4276e', '', 'e6ffff70-f69b-11e7-a164-ab32959964a7', 'liked', '0', '0', '65cae530-9397-11e7-81c4-179927a43dde', '2018-01-11 09:44:26', '2018-01-11 09:44:26', 'feedback', '', '224288e0-9397-11e7-839d-a0ba6612daa5', 'ARIA W'), ('03eeff30-1223-11e8-8128-0ab1dbce05d1', '9006c060-aed8-11e7-b843-f517d2abf12a', 'Hey team, customers have loved this style, what do they love about it?', '03e86f80-1223-11e8-85cb-780b970380e4', 'requestFeedback', '0', '1', '9d7e7d00-6770-11e7-8064-f38bf4767f4b', '2018-02-15 07:37:03', '2018-02-18 17:02:37', 'requestFeedback', '', 'b51b4bb0-827c-11e7-8a2c-f8cfbeb2ebca', 'BRANDON CANVAS M'), ('03ef4d50-1223-11e8-8adf-b1dca9521ad1', '3dce5160-a4a5-11e7-9e3a-ce5eedc867a1', 'Hey team, customers have loved this style, what do they love about it?', '03e86f80-1223-11e8-85cb-780b970380e4', 'requestFeedback', '0', '1', '9d7e7d00-6770-11e7-8064-f38bf4767f4b', '2018-02-15 07:37:03', '2018-02-18 17:02:37', 'requestFeedback', '', 'b51b4bb0-827c-11e7-8a2c-f8cfbeb2ebca', 'BRANDON CANVAS M'), ('03ef7460-1223-11e8-b735-1933a1c61098', 'd1892c40-a4a0-11e7-bcac-2df719bae2be', 'Hey team, customers have loved this style, what do they love about it?', '03e86f80-1223-11e8-85cb-780b970380e4', 'requestFeedback', '0', '1', '9d7e7d00-6770-11e7-8064-f38bf4767f4b', '2018-02-15 07:37:03', '2018-02-18 17:02:37', 'requestFeedback', '', 'b51b4bb0-827c-11e7-8a2c-f8cfbeb2ebca', 'BRANDON CANVAS M'), ('03efc280-1223-11e8-bb77-ec86ccf00ef7', 'dc050330-a232-11e7-8e3f-ec57ae8d2f97', 'Hey team, customers have loved this style, what do they love about it?', '03e86f80-1223-11e8-85cb-780b970380e4', 'requestFeedback', '0', '1', '9d7e7d00-6770-11e7-8064-f38bf4767f4b', '2018-02-15 07:37:03', '2018-02-18 17:02:37', 'requestFeedback', '', 'b51b4bb0-827c-11e7-8a2c-f8cfbeb2ebca', 'BRANDON CANVAS M'), ('03efe990-1223-11e8-bf1b-5934af3b2018', '69744160-a17d-11e7-b8fe-e0d8bb2f474c', 'Hey team, customers have loved this style, what do they love about it?', '03e86f80-1223-11e8-85cb-780b970380e4', 'requestFeedback', '0', '1', '9d7e7d00-6770-11e7-8064-f38bf4767f4b', '2018-02-15 07:37:03', '2018-02-18 17:02:37', 'requestFeedback', '', 'b51b4bb0-827c-11e7-8a2c-f8cfbeb2ebca', 'BRANDON CANVAS M'), ('03f010a0-1223-11e8-8575-272ac33c433e', '7389a3f0-a044-11e7-84ec-2b92e5acf41d', 'Hey team, customers have loved this style, what do they love about it?', '03e86f80-1223-11e8-85cb-780b970380e4', 'requestFeedback', '0', '1', '9d7e7d00-6770-11e7-8064-f38bf4767f4b', '2018-02-15 07:37:03', '2018-02-18 17:02:37', 'requestFeedback', '', 'b51b4bb0-827c-11e7-8a2c-f8cfbeb2ebca', 'BRANDON CANVAS M'), ('03f05ec0-1223-11e8-817d-5428552b0afd', 'ef5293a0-a000-11e7-a0cd-9d131b07cd33', 'Hey team, customers have loved this style, what do they love about it?', '03e86f80-1223-11e8-85cb-780b970380e4', 'requestFeedback', '0', '1', '9d7e7d00-6770-11e7-8064-f38bf4767f4b', '2018-02-15 07:37:03', '2018-02-18 17:02:37', 'requestFeedback', '', 'b51b4bb0-827c-11e7-8a2c-f8cfbeb2ebca', 'BRANDON CANVAS M'), ('03f085d0-1223-11e8-8614-ebfb1a5757b1', 'b8112e20-9fff-11e7-a4eb-73e48f1bde05', 'Hey team, customers have loved this style, what do they love about it?', '03e86f80-1223-11e8-85cb-780b970380e4', 'requestFeedback', '0', '1', '9d7e7d00-6770-11e7-8064-f38bf4767f4b', '2018-02-15 07:37:03', '2018-02-18 17:02:37', 'requestFeedback', '', 'b51b4bb0-827c-11e7-8a2c-f8cfbeb2ebca', 'BRANDON CANVAS M'), ('03f0ace0-1223-11e8-ada8-c0ed18ce70db', '181a0540-9398-11e7-b2f0-cfaf4e888818', 'Hey team, customers have loved this style, what do they love about it?', '03e86f80-1223-11e8-85cb-780b970380e4', 'requestFeedback', '0', '1', '9d7e7d00-6770-11e7-8064-f38bf4767f4b', '2018-02-15 07:37:03', '2018-02-18 17:02:37', 'requestFeedback', '', 'b51b4bb0-827c-11e7-8a2c-f8cfbeb2ebca', 'BRANDON CANVAS M'), ('03f0fb00-1223-11e8-bc7c-2cfe741b08eb', 'd437bbd0-9f4d-11e7-a658-1384ca7bc941', 'Hey team, customers have loved this style, what do they love about it?', '03e86f80-1223-11e8-85cb-780b970380e4', 'requestFeedback', '0', '1', '9d7e7d00-6770-11e7-8064-f38bf4767f4b', '2018-02-15 07:37:03', '2018-02-18 17:02:37', 'requestFeedback', '', 'b51b4bb0-827c-11e7-8a2c-f8cfbeb2ebca', 'BRANDON CANVAS M'), ('03f12210-1223-11e8-a710-c85ee251882d', 'aa695f20-9f4d-11e7-b5dc-03da657c9c87', 'Hey team, customers have loved this style, what do they love about it?', '03e86f80-1223-11e8-85cb-780b970380e4', 'requestFeedback', '0', '1', '9d7e7d00-6770-11e7-8064-f38bf4767f4b', '2018-02-15 07:37:03', '2018-02-18 17:02:37', 'requestFeedback', '', 'b51b4bb0-827c-11e7-8a2c-f8cfbeb2ebca', 'BRANDON CANVAS M'), ('03f14920-1223-11e8-906a-7887379f4ed1', '889b75f0-9f4c-11e7-9b4f-2e9ec46159d9', 'Hey team, customers have loved this style, what do they love about it?', '03e86f80-1223-11e8-85cb-780b970380e4', 'requestFeedback', '0', '1', '9d7e7d00-6770-11e7-8064-f38bf4767f4b', '2018-02-15 07:37:03', '2018-02-18 17:02:37', 'requestFeedback', '', 'b51b4bb0-827c-11e7-8a2c-f8cfbeb2ebca', 'BRANDON CANVAS M'), ('03f17030-1223-11e8-b5bf-ecdf2aa055e7', '4fb38510-9e8a-11e7-a1c7-b577361dd49f', 'Hey team, customers have loved this style, what do they love about it?', '03e86f80-1223-11e8-85cb-780b970380e4', 'requestFeedback', '0', '1', '9d7e7d00-6770-11e7-8064-f38bf4767f4b', '2018-02-15 07:37:03', '2018-02-18 17:02:37', 'requestFeedback', '', 'b51b4bb0-827c-11e7-8a2c-f8cfbeb2ebca', 'BRANDON CANVAS M'), ('03f19740-1223-11e8-8923-30e11d79918b', '52f44810-9e51-11e7-af98-6c27d0a4382e', 'Hey team, customers have loved this style, what do they love about it?', '03e86f80-1223-11e8-85cb-780b970380e4', 'requestFeedback', '0', '1', '9d7e7d00-6770-11e7-8064-f38bf4767f4b', '2018-02-15 07:37:03', '2018-02-18 17:02:37', 'requestFeedback', '', 'b51b4bb0-827c-11e7-8a2c-f8cfbeb2ebca', 'BRANDON CANVAS M'), ('03f1e560-1223-11e8-8366-d4e9dd4dee36', 'b1064660-9398-11e7-9e5f-3733450a79a0', 'Hey team, customers have loved this style, what do they love about it?', '03e86f80-1223-11e8-85cb-780b970380e4', 'requestFeedback', '0', '1', '9d7e7d00-6770-11e7-8064-f38bf4767f4b', '2018-02-15 07:37:03', '2018-02-18 17:02:37', 'requestFeedback', '', 'b51b4bb0-827c-11e7-8a2c-f8cfbeb2ebca', 'BRANDON CANVAS M'), ('03f31de0-1223-11e8-bfa3-6f12dba8e1e1', '9d11f000-9398-11e7-a45b-71cfa65a584c', 'Hey team, customers have loved this style, what do they love about it?', '03e86f80-1223-11e8-85cb-780b970380e4', 'requestFeedback', '0', '1', '9d7e7d00-6770-11e7-8064-f38bf4767f4b', '2018-02-15 07:37:03', '2018-02-18 17:02:37', 'requestFeedback', '', 'b51b4bb0-827c-11e7-8a2c-f8cfbeb2ebca', 'BRANDON CANVAS M'), ('03f344f0-1223-11e8-883f-8d3846c16c04', '804b73b0-9398-11e7-803d-e1af73884cbb', 'Hey team, customers have loved this style, what do they love about it?', '03e86f80-1223-11e8-85cb-780b970380e4', 'requestFeedback', '0', '1', '9d7e7d00-6770-11e7-8064-f38bf4767f4b', '2018-02-15 07:37:03', '2018-02-18 17:02:37', 'requestFeedback', '', 'b51b4bb0-827c-11e7-8a2c-f8cfbeb2ebca', 'BRANDON CANVAS M'), ('03f36c00-1223-11e8-8f4f-d885a61b6073', 'f8e436a0-9397-11e7-8b95-9a063eb9161f', 'Hey team, customers have loved this style, what do they love about it?', '03e86f80-1223-11e8-85cb-780b970380e4', 'requestFeedback', '0', '1', '9d7e7d00-6770-11e7-8064-f38bf4767f4b', '2018-02-15 07:37:03', '2018-02-18 17:02:37', 'requestFeedback', '', 'b51b4bb0-827c-11e7-8a2c-f8cfbeb2ebca', 'BRANDON CANVAS M'), ('03f39310-1223-11e8-b1de-714e4858d2b9', '65cae530-9397-11e7-81c4-179927a43dde', 'Hey team, customers have loved this style, what do they love about it?', '03e86f80-1223-11e8-85cb-780b970380e4', 'requestFeedback', '0', '1', '9d7e7d00-6770-11e7-8064-f38bf4767f4b', '2018-02-15 07:37:03', '2018-02-18 17:02:37', 'requestFeedback', '', 'b51b4bb0-827c-11e7-8a2c-f8cfbeb2ebca', 'BRANDON CANVAS M'), ('03f3ba20-1223-11e8-815f-4e80bbd8f460', '3ceba370-9397-11e7-8e9b-d7570b7c3f97', 'Hey team, customers have loved this style, what do they love about it?', '03e86f80-1223-11e8-85cb-780b970380e4', 'requestFeedback', '0', '1', '9d7e7d00-6770-11e7-8064-f38bf4767f4b', '2018-02-15 07:37:03', '2018-02-18 17:02:37', 'requestFeedback', '', 'b51b4bb0-827c-11e7-8a2c-f8cfbeb2ebca', 'BRANDON CANVAS M'), ('03f42f50-1223-11e8-af73-fbb414010392', '20afd060-9396-11e7-ab5d-b795e7ba6e35', 'Hey team, customers have loved this style, what do they love about it?', '03e86f80-1223-11e8-85cb-780b970380e4', 'requestFeedback', '0', '1', '9d7e7d00-6770-11e7-8064-f38bf4767f4b', '2018-02-15 07:37:03', '2018-02-18 17:02:37', 'requestFeedback', '', 'b51b4bb0-827c-11e7-8a2c-f8cfbeb2ebca', 'BRANDON CANVAS M'), ('03f45660-1223-11e8-8c0e-6aa8f2754c30', '0df4e460-9396-11e7-91d7-dd5dae17bad9', 'Hey team, customers have loved this style, what do they love about it?', '03e86f80-1223-11e8-85cb-780b970380e4', 'requestFeedback', '0', '1', '9d7e7d00-6770-11e7-8064-f38bf4767f4b', '2018-02-15 07:37:03', '2018-02-18 17:02:37', 'requestFeedback', '', 'b51b4bb0-827c-11e7-8a2c-f8cfbeb2ebca', 'BRANDON CANVAS M'), ('03f47d70-1223-11e8-b3ef-48f79dfb84b0', 'ef01c410-9395-11e7-97d8-79c618a4276e', 'Hey team, customers have loved this style, what do they love about it?', '03e86f80-1223-11e8-85cb-780b970380e4', 'requestFeedback', '0', '1', '9d7e7d00-6770-11e7-8064-f38bf4767f4b', '2018-02-15 07:37:03', '2018-02-18 17:02:37', 'requestFeedback', '', 'b51b4bb0-827c-11e7-8a2c-f8cfbeb2ebca', 'BRANDON CANVAS M'), ('113bd710-f6b4-11e7-af42-3cf932a351b4', 'ef01c410-9395-11e7-97d8-79c618a4276e', 'I agree with @Amy Pearson  this style has been a hit!', 'e6ffff70-f69b-11e7-a164-ab32959964a7', 'commented', '0', '0', '65cae530-9397-11e7-81c4-179927a43dde', '2018-01-11 09:44:50', '2018-01-11 09:44:50', 'feedback', '0fd6efe0-f6b4-11e7-901a-cacd8e0ada8c', '224288e0-9397-11e7-839d-a0ba6612daa5', 'ARIA W'), ('13518ba0-0b84-11e8-8efa-fb5b5a6640d9', '9006c060-aed8-11e7-b843-f517d2abf12a', '@Tina Grey thanks for the feedback', '5d77f430-0931-11e8-bfea-3cff47b7c3c8', 'mentioned', '0', '0', '9d7e7d00-6770-11e7-8064-f38bf4767f4b', '2018-02-06 21:24:12', '2018-02-06 21:24:12', 'feedback', '134ecc80-0b84-11e8-9c85-c637ae809b2a', 'b51b4bb0-827c-11e7-8a2c-f8cfbeb2ebca', 'ARIA W'), ('1f2a1ea0-f69a-11e7-ac5a-6b504f018646', '9006c060-aed8-11e7-b843-f517d2abf12a', 'We\'ve had some great initial feedback on Dado, can you us what customers love about it?', '1f262700-f69a-11e7-b69e-7aa918c51e65', 'requestFeedback', '0', '1', '8a402800-9395-11e7-9b19-0c3ab4078e1e', '2018-01-11 06:39:06', '2018-01-11 09:30:02', 'requestFeedback', '', 'b51b4bb0-827c-11e7-8a2c-f8cfbeb2ebca', 'DADO17SMCDO'), ('1f2a45b0-f69a-11e7-8545-3e72a6f08c9e', '3dce5160-a4a5-11e7-9e3a-ce5eedc867a1', 'We\'ve had some great initial feedback on Dado, can you us what customers love about it?', '1f262700-f69a-11e7-b69e-7aa918c51e65', 'requestFeedback', '0', '1', '8a402800-9395-11e7-9b19-0c3ab4078e1e', '2018-01-11 06:39:06', '2018-01-11 09:30:02', 'requestFeedback', '', 'b51b4bb0-827c-11e7-8a2c-f8cfbeb2ebca', 'DADO17SMCDO'), ('1f2a45b1-f69a-11e7-a7be-6cb0d96266c0', 'd1892c40-a4a0-11e7-bcac-2df719bae2be', 'We\'ve had some great initial feedback on Dado, can you us what customers love about it?', '1f262700-f69a-11e7-b69e-7aa918c51e65', 'requestFeedback', '0', '1', '8a402800-9395-11e7-9b19-0c3ab4078e1e', '2018-01-11 06:39:06', '2018-01-11 09:30:02', 'requestFeedback', '', 'b51b4bb0-827c-11e7-8a2c-f8cfbeb2ebca', 'DADO17SMCDO'), ('1f2a93d0-f69a-11e7-ad8d-a326a31b59c7', 'dc050330-a232-11e7-8e3f-ec57ae8d2f97', 'We\'ve had some great initial feedback on Dado, can you us what customers love about it?', '1f262700-f69a-11e7-b69e-7aa918c51e65', 'requestFeedback', '0', '1', '8a402800-9395-11e7-9b19-0c3ab4078e1e', '2018-01-11 06:39:06', '2018-01-11 09:30:02', 'requestFeedback', '', 'b51b4bb0-827c-11e7-8a2c-f8cfbeb2ebca', 'DADO17SMCDO'), ('1f2a93d1-f69a-11e7-b564-bbdd3f3882c1', '69744160-a17d-11e7-b8fe-e0d8bb2f474c', 'We\'ve had some great initial feedback on Dado, can you us what customers love about it?', '1f262700-f69a-11e7-b69e-7aa918c51e65', 'requestFeedback', '0', '1', '8a402800-9395-11e7-9b19-0c3ab4078e1e', '2018-01-11 06:39:06', '2018-01-11 09:30:02', 'requestFeedback', '', 'b51b4bb0-827c-11e7-8a2c-f8cfbeb2ebca', 'DADO17SMCDO'), ('1f2abae0-f69a-11e7-9d40-e4a139ec809b', '7389a3f0-a044-11e7-84ec-2b92e5acf41d', 'We\'ve had some great initial feedback on Dado, can you us what customers love about it?', '1f262700-f69a-11e7-b69e-7aa918c51e65', 'requestFeedback', '0', '1', '8a402800-9395-11e7-9b19-0c3ab4078e1e', '2018-01-11 06:39:06', '2018-01-11 09:30:02', 'requestFeedback', '', 'b51b4bb0-827c-11e7-8a2c-f8cfbeb2ebca', 'DADO17SMCDO'), ('1f2ae1f0-f69a-11e7-bc98-4f8152da9171', 'ef5293a0-a000-11e7-a0cd-9d131b07cd33', 'We\'ve had some great initial feedback on Dado, can you us what customers love about it?', '1f262700-f69a-11e7-b69e-7aa918c51e65', 'requestFeedback', '0', '1', '8a402800-9395-11e7-9b19-0c3ab4078e1e', '2018-01-11 06:39:06', '2018-01-11 09:30:02', 'requestFeedback', '', 'b51b4bb0-827c-11e7-8a2c-f8cfbeb2ebca', 'DADO17SMCDO'), ('1f2b5720-f69a-11e7-906e-dce3e6340686', 'b8112e20-9fff-11e7-a4eb-73e48f1bde05', 'We\'ve had some great initial feedback on Dado, can you us what customers love about it?', '1f262700-f69a-11e7-b69e-7aa918c51e65', 'requestFeedback', '0', '1', '8a402800-9395-11e7-9b19-0c3ab4078e1e', '2018-01-11 06:39:06', '2018-01-11 09:30:02', 'requestFeedback', '', 'b51b4bb0-827c-11e7-8a2c-f8cfbeb2ebca', 'DADO17SMCDO'), ('1f2b5721-f69a-11e7-873d-ce86776267d6', '181a0540-9398-11e7-b2f0-cfaf4e888818', 'We\'ve had some great initial feedback on Dado, can you us what customers love about it?', '1f262700-f69a-11e7-b69e-7aa918c51e65', 'requestFeedback', '0', '1', '8a402800-9395-11e7-9b19-0c3ab4078e1e', '2018-01-11 06:39:06', '2018-01-11 09:30:02', 'requestFeedback', '', 'b51b4bb0-827c-11e7-8a2c-f8cfbeb2ebca', 'DADO17SMCDO'), ('1f2ba540-f69a-11e7-a73a-4be25fc01dc9', 'd437bbd0-9f4d-11e7-a658-1384ca7bc941', 'We\'ve had some great initial feedback on Dado, can you us what customers love about it?', '1f262700-f69a-11e7-b69e-7aa918c51e65', 'requestFeedback', '0', '1', '8a402800-9395-11e7-9b19-0c3ab4078e1e', '2018-01-11 06:39:06', '2018-01-11 09:30:02', 'requestFeedback', '', 'b51b4bb0-827c-11e7-8a2c-f8cfbeb2ebca', 'DADO17SMCDO'), ('1f2bcc50-f69a-11e7-9189-25526ff5f3a0', 'aa695f20-9f4d-11e7-b5dc-03da657c9c87', 'We\'ve had some great initial feedback on Dado, can you us what customers love about it?', '1f262700-f69a-11e7-b69e-7aa918c51e65', 'requestFeedback', '0', '1', '8a402800-9395-11e7-9b19-0c3ab4078e1e', '2018-01-11 06:39:06', '2018-01-11 09:30:02', 'requestFeedback', '', 'b51b4bb0-827c-11e7-8a2c-f8cfbeb2ebca', 'DADO17SMCDO'), ('1f2bf360-f69a-11e7-8d95-2a5be232449c', '889b75f0-9f4c-11e7-9b4f-2e9ec46159d9', 'We\'ve had some great initial feedback on Dado, can you us what customers love about it?', '1f262700-f69a-11e7-b69e-7aa918c51e65', 'requestFeedback', '0', '1', '8a402800-9395-11e7-9b19-0c3ab4078e1e', '2018-01-11 06:39:06', '2018-01-11 09:30:02', 'requestFeedback', '', 'b51b4bb0-827c-11e7-8a2c-f8cfbeb2ebca', 'DADO17SMCDO'), ('1f2bf361-f69a-11e7-b2b5-2fededfda778', '4fb38510-9e8a-11e7-a1c7-b577361dd49f', 'We\'ve had some great initial feedback on Dado, can you us what customers love about it?', '1f262700-f69a-11e7-b69e-7aa918c51e65', 'requestFeedback', '0', '1', '8a402800-9395-11e7-9b19-0c3ab4078e1e', '2018-01-11 06:39:06', '2018-01-11 09:30:02', 'requestFeedback', '', 'b51b4bb0-827c-11e7-8a2c-f8cfbeb2ebca', 'DADO17SMCDO'), ('1f2c1a70-f69a-11e7-96da-46ad368e86e4', '52f44810-9e51-11e7-af98-6c27d0a4382e', 'We\'ve had some great initial feedback on Dado, can you us what customers love about it?', '1f262700-f69a-11e7-b69e-7aa918c51e65', 'requestFeedback', '0', '1', '8a402800-9395-11e7-9b19-0c3ab4078e1e', '2018-01-11 06:39:06', '2018-01-11 09:30:02', 'requestFeedback', '', 'b51b4bb0-827c-11e7-8a2c-f8cfbeb2ebca', 'DADO17SMCDO'), ('1f2c4180-f69a-11e7-9fc1-1dcd117f53c7', 'b1064660-9398-11e7-9e5f-3733450a79a0', 'We\'ve had some great initial feedback on Dado, can you us what customers love about it?', '1f262700-f69a-11e7-b69e-7aa918c51e65', 'requestFeedback', '0', '1', '8a402800-9395-11e7-9b19-0c3ab4078e1e', '2018-01-11 06:39:06', '2018-01-11 09:30:02', 'requestFeedback', '', 'b51b4bb0-827c-11e7-8a2c-f8cfbeb2ebca', 'DADO17SMCDO'), ('1f2c6890-f69a-11e7-907b-dd67b2110531', '9d11f000-9398-11e7-a45b-71cfa65a584c', 'We\'ve had some great initial feedback on Dado, can you us what customers love about it?', '1f262700-f69a-11e7-b69e-7aa918c51e65', 'requestFeedback', '0', '1', '8a402800-9395-11e7-9b19-0c3ab4078e1e', '2018-01-11 06:39:06', '2018-01-11 09:30:02', 'requestFeedback', '', 'b51b4bb0-827c-11e7-8a2c-f8cfbeb2ebca', 'DADO17SMCDO'), ('1f2c6891-f69a-11e7-b1d1-03e249a4a686', '804b73b0-9398-11e7-803d-e1af73884cbb', 'We\'ve had some great initial feedback on Dado, can you us what customers love about it?', '1f262700-f69a-11e7-b69e-7aa918c51e65', 'requestFeedback', '0', '1', '8a402800-9395-11e7-9b19-0c3ab4078e1e', '2018-01-11 06:39:06', '2018-01-11 09:30:02', 'requestFeedback', '', 'b51b4bb0-827c-11e7-8a2c-f8cfbeb2ebca', 'DADO17SMCDO'), ('1f2c8fa0-f69a-11e7-b49d-a194fbc0a0c0', 'f8e436a0-9397-11e7-8b95-9a063eb9161f', 'We\'ve had some great initial feedback on Dado, can you us what customers love about it?', '1f262700-f69a-11e7-b69e-7aa918c51e65', 'requestFeedback', '0', '1', '8a402800-9395-11e7-9b19-0c3ab4078e1e', '2018-01-11 06:39:06', '2018-01-11 09:30:02', 'requestFeedback', '', 'b51b4bb0-827c-11e7-8a2c-f8cfbeb2ebca', 'DADO17SMCDO'), ('1f2cb6b0-f69a-11e7-ac84-e2aa9921142c', '65cae530-9397-11e7-81c4-179927a43dde', 'We\'ve had some great initial feedback on Dado, can you us what customers love about it?', '1f262700-f69a-11e7-b69e-7aa918c51e65', 'requestFeedback', '0', '1', '8a402800-9395-11e7-9b19-0c3ab4078e1e', '2018-01-11 06:39:06', '2018-01-11 09:30:02', 'requestFeedback', '', 'b51b4bb0-827c-11e7-8a2c-f8cfbeb2ebca', 'DADO17SMCDO'), ('1f2cb6b1-f69a-11e7-b5d7-c5adbee4ae7f', '3ceba370-9397-11e7-8e9b-d7570b7c3f97', 'We\'ve had some great initial feedback on Dado, can you us what customers love about it?', '1f262700-f69a-11e7-b69e-7aa918c51e65', 'requestFeedback', '0', '1', '8a402800-9395-11e7-9b19-0c3ab4078e1e', '2018-01-11 06:39:06', '2018-01-11 09:30:02', 'requestFeedback', '', 'b51b4bb0-827c-11e7-8a2c-f8cfbeb2ebca', 'DADO17SMCDO'), ('1f2d04d0-f69a-11e7-8ef3-5b307f1c6077', '20afd060-9396-11e7-ab5d-b795e7ba6e35', 'We\'ve had some great initial feedback on Dado, can you us what customers love about it?', '1f262700-f69a-11e7-b69e-7aa918c51e65', 'requestFeedback', '0', '1', '8a402800-9395-11e7-9b19-0c3ab4078e1e', '2018-01-11 06:39:06', '2018-01-11 09:30:02', 'requestFeedback', '', 'b51b4bb0-827c-11e7-8a2c-f8cfbeb2ebca', 'DADO17SMCDO'), ('1f2dc820-f69a-11e7-a558-db6a04f02a68', '0df4e460-9396-11e7-91d7-dd5dae17bad9', 'We\'ve had some great initial feedback on Dado, can you us what customers love about it?', '1f262700-f69a-11e7-b69e-7aa918c51e65', 'requestFeedback', '0', '1', '8a402800-9395-11e7-9b19-0c3ab4078e1e', '2018-01-11 06:39:06', '2018-01-11 09:30:02', 'requestFeedback', '', 'b51b4bb0-827c-11e7-8a2c-f8cfbeb2ebca', 'DADO17SMCDO'), ('1f2def30-f69a-11e7-a996-2b7e96f9eb7b', 'ef01c410-9395-11e7-97d8-79c618a4276e', 'We\'ve had some great initial feedback on Dado, can you us what customers love about it?', '1f262700-f69a-11e7-b69e-7aa918c51e65', 'requestFeedback', '0', '1', '8a402800-9395-11e7-9b19-0c3ab4078e1e', '2018-01-11 06:39:06', '2018-01-11 09:30:02', 'requestFeedback', '', 'b51b4bb0-827c-11e7-8a2c-f8cfbeb2ebca', 'DADO17SMCDO'), ('2f22b170-fc9c-11e7-b147-15109b59e93b', '37f65470-9395-11e7-aef2-d79ace5f7884', 'No problem @Chris Ramsay', '4152ff00-f71d-11e7-a133-67a392bc858c', 'mentioned', '1', '0', 'f8e436a0-9397-11e7-8b95-9a063eb9161f', '2018-01-18 22:08:59', '2018-01-18 22:08:59', 'feedback', '2f206780-fc9c-11e7-a4e4-67b395d3593c', 'd5cfce40-9397-11e7-b3b4-d217ca389f53', 'LUCILLE17SSGOO'), ('37d6ad80-2e1f-11e8-bf68-fe54d9fc24fd', '0df4e460-9396-11e7-91d7-dd5dae17bad9', '', 'f7654aa0-2e1d-11e8-9ce7-093af2865eac', 'thank', '0', '0', '68270f90-9395-11e7-a3f0-daa7744d684d', '2018-03-22 22:20:25', '2018-03-22 22:20:25', 'suggestion', '', 'b51b4bb0-827c-11e7-8a2c-f8cfbeb2ebca', 'BRANDON CANVAS M'), ('37e02320-f697-11e7-8ca1-96f832eff730', 'e0ea6610-bdf3-11e7-9b2a-58fb56786d6e', 'Hi team, can you tell us what customers are loving about the Brandon Casual Sneaker? It\'s been a hot seller this week!', '37d32ad0-f697-11e7-b644-8cc5527c15e3', 'requestFeedback', '0', '1', '8a402800-9395-11e7-9b19-0c3ab4078e1e', '2018-01-11 06:18:19', '2018-01-14 17:00:57', 'requestFeedback', '', 'b51b4bb0-827c-11e7-8a2c-f8cfbeb2ebca', 'BRANDON CANVAS M'), ('37e07140-f697-11e7-b1d6-7c62abadfe3e', 'dc1f1620-a43b-11e7-b037-f0c3e400910b', 'Hi team, can you tell us what customers are loving about the Brandon Casual Sneaker? It\'s been a hot seller this week!', '37d32ad0-f697-11e7-b644-8cc5527c15e3', 'requestFeedback', '0', '1', '8a402800-9395-11e7-9b19-0c3ab4078e1e', '2018-01-11 06:18:19', '2018-01-14 17:00:57', 'requestFeedback', '', 'b51b4bb0-827c-11e7-8a2c-f8cfbeb2ebca', 'BRANDON CANVAS M'), ('37e09850-f697-11e7-8e0f-5a56e6bb0823', '1289fbe0-a247-11e7-bf06-7c5565af314a', 'Hi team, can you tell us what customers are loving about the Brandon Casual Sneaker? It\'s been a hot seller this week!', '37d32ad0-f697-11e7-b644-8cc5527c15e3', 'requestFeedback', '0', '1', '8a402800-9395-11e7-9b19-0c3ab4078e1e', '2018-01-11 06:18:19', '2018-01-14 17:00:57', 'requestFeedback', '', 'b51b4bb0-827c-11e7-8a2c-f8cfbeb2ebca', 'BRANDON CANVAS M'), ('37e0bf60-f697-11e7-ba5e-4906e3bbd431', 'c1ea1aa0-bdd8-11e7-b9d8-a2de171ae60b', 'Hi team, can you tell us what customers are loving about the Brandon Casual Sneaker? It\'s been a hot seller this week!', '37d32ad0-f697-11e7-b644-8cc5527c15e3', 'requestFeedback', '0', '1', '8a402800-9395-11e7-9b19-0c3ab4078e1e', '2018-01-11 06:18:19', '2018-01-14 17:00:57', 'requestFeedback', '', 'b51b4bb0-827c-11e7-8a2c-f8cfbeb2ebca', 'BRANDON CANVAS M'), ('37e0e670-f697-11e7-bca9-53a7adb0afab', '9006c060-aed8-11e7-b843-f517d2abf12a', 'Hi team, can you tell us what customers are loving about the Brandon Casual Sneaker? It\'s been a hot seller this week!', '37d32ad0-f697-11e7-b644-8cc5527c15e3', 'requestFeedback', '0', '1', '8a402800-9395-11e7-9b19-0c3ab4078e1e', '2018-01-11 06:18:19', '2018-01-14 17:00:57', 'requestFeedback', '', 'b51b4bb0-827c-11e7-8a2c-f8cfbeb2ebca', 'BRANDON CANVAS M'), ('37e13490-f697-11e7-8f82-b20139298e50', 'd0cfaa90-a7b1-11e7-aed5-e22771f42665', 'Hi team, can you tell us what customers are loving about the Brandon Casual Sneaker? It\'s been a hot seller this week!', '37d32ad0-f697-11e7-b644-8cc5527c15e3', 'requestFeedback', '0', '1', '8a402800-9395-11e7-9b19-0c3ab4078e1e', '2018-01-11 06:18:19', '2018-01-14 17:00:57', 'requestFeedback', '', 'b51b4bb0-827c-11e7-8a2c-f8cfbeb2ebca', 'BRANDON CANVAS M'), ('37e1a9c0-f697-11e7-a4d7-a461be8e5d46', '3dce5160-a4a5-11e7-9e3a-ce5eedc867a1', 'Hi team, can you tell us what customers are loving about the Brandon Casual Sneaker? It\'s been a hot seller this week!', '37d32ad0-f697-11e7-b644-8cc5527c15e3', 'requestFeedback', '0', '1', '8a402800-9395-11e7-9b19-0c3ab4078e1e', '2018-01-11 06:18:19', '2018-01-14 17:00:57', 'requestFeedback', '', 'b51b4bb0-827c-11e7-8a2c-f8cfbeb2ebca', 'BRANDON CANVAS M'), ('37e1a9c1-f697-11e7-9c26-069f0df6d928', 'd1892c40-a4a0-11e7-bcac-2df719bae2be', 'Hi team, can you tell us what customers are loving about the Brandon Casual Sneaker? It\'s been a hot seller this week!', '37d32ad0-f697-11e7-b644-8cc5527c15e3', 'requestFeedback', '0', '1', '8a402800-9395-11e7-9b19-0c3ab4078e1e', '2018-01-11 06:18:19', '2018-01-14 17:00:57', 'requestFeedback', '', 'b51b4bb0-827c-11e7-8a2c-f8cfbeb2ebca', 'BRANDON CANVAS M'), ('37e1d0d0-f697-11e7-937d-3f805c8efd0d', '9a825d30-a43b-11e7-9fb3-52c8f23c58dd', 'Hi team, can you tell us what customers are loving about the Brandon Casual Sneaker? It\'s been a hot seller this week!', '37d32ad0-f697-11e7-b644-8cc5527c15e3', 'requestFeedback', '0', '1', '8a402800-9395-11e7-9b19-0c3ab4078e1e', '2018-01-11 06:18:19', '2018-01-14 17:00:57', 'requestFeedback', '', 'b51b4bb0-827c-11e7-8a2c-f8cfbeb2ebca', 'BRANDON CANVAS M'), ('37e24600-f697-11e7-8fe1-93aa9fa29705', 'dc050330-a232-11e7-8e3f-ec57ae8d2f97', 'Hi team, can you tell us what customers are loving about the Brandon Casual Sneaker? It\'s been a hot seller this week!', '37d32ad0-f697-11e7-b644-8cc5527c15e3', 'requestFeedback', '0', '1', '8a402800-9395-11e7-9b19-0c3ab4078e1e', '2018-01-11 06:18:19', '2018-01-14 17:00:57', 'requestFeedback', '', 'b51b4bb0-827c-11e7-8a2c-f8cfbeb2ebca', 'BRANDON CANVAS M'), ('37e29420-f697-11e7-a30d-9b0faeaebced', '2b578200-a22e-11e7-8d9a-43992e7a9923', 'Hi team, can you tell us what customers are loving about the Brandon Casual Sneaker? It\'s been a hot seller this week!', '37d32ad0-f697-11e7-b644-8cc5527c15e3', 'requestFeedback', '0', '1', '8a402800-9395-11e7-9b19-0c3ab4078e1e', '2018-01-11 06:18:19', '2018-01-14 17:00:57', 'requestFeedback', '', 'b51b4bb0-827c-11e7-8a2c-f8cfbeb2ebca', 'BRANDON CANVAS M'), ('37e2bb30-f697-11e7-b61f-32a254dc0828', '03b6acc0-a1b7-11e7-b337-38136b008072', 'Hi team, can you tell us what customers are loving about the Brandon Casual Sneaker? It\'s been a hot seller this week!', '37d32ad0-f697-11e7-b644-8cc5527c15e3', 'requestFeedback', '0', '1', '8a402800-9395-11e7-9b19-0c3ab4078e1e', '2018-01-11 06:18:19', '2018-01-14 17:00:57', 'requestFeedback', '', 'b51b4bb0-827c-11e7-8a2c-f8cfbeb2ebca', 'BRANDON CANVAS M'), ('37e2e240-f697-11e7-b8f0-909d820c3d70', '69744160-a17d-11e7-b8fe-e0d8bb2f474c', 'Hi team, can you tell us what customers are loving about the Brandon Casual Sneaker? It\'s been a hot seller this week!', '37d32ad0-f697-11e7-b644-8cc5527c15e3', 'requestFeedback', '0', '1', '8a402800-9395-11e7-9b19-0c3ab4078e1e', '2018-01-11 06:18:19', '2018-01-14 17:00:57', 'requestFeedback', '', 'b51b4bb0-827c-11e7-8a2c-f8cfbeb2ebca', 'BRANDON CANVAS M'), ('37e30950-f697-11e7-94da-161232d15feb', '7389a3f0-a044-11e7-84ec-2b92e5acf41d', 'Hi team, can you tell us what customers are loving about the Brandon Casual Sneaker? It\'s been a hot seller this week!', '37d32ad0-f697-11e7-b644-8cc5527c15e3', 'requestFeedback', '0', '1', '8a402800-9395-11e7-9b19-0c3ab4078e1e', '2018-01-11 06:18:19', '2018-01-14 17:00:57', 'requestFeedback', '', 'b51b4bb0-827c-11e7-8a2c-f8cfbeb2ebca', 'BRANDON CANVAS M'), ('37e33060-f697-11e7-a4e0-3f1b9d250903', 'ef5293a0-a000-11e7-a0cd-9d131b07cd33', 'Hi team, can you tell us what customers are loving about the Brandon Casual Sneaker? It\'s been a hot seller this week!', '37d32ad0-f697-11e7-b644-8cc5527c15e3', 'requestFeedback', '0', '1', '8a402800-9395-11e7-9b19-0c3ab4078e1e', '2018-01-11 06:18:19', '2018-01-14 17:00:57', 'requestFeedback', '', 'b51b4bb0-827c-11e7-8a2c-f8cfbeb2ebca', 'BRANDON CANVAS M'), ('37e35770-f697-11e7-a05e-02f09d599803', 'b8112e20-9fff-11e7-a4eb-73e48f1bde05', 'Hi team, can you tell us what customers are loving about the Brandon Casual Sneaker? It\'s been a hot seller this week!', '37d32ad0-f697-11e7-b644-8cc5527c15e3', 'requestFeedback', '0', '1', '8a402800-9395-11e7-9b19-0c3ab4078e1e', '2018-01-11 06:18:19', '2018-01-14 17:00:57', 'requestFeedback', '', 'b51b4bb0-827c-11e7-8a2c-f8cfbeb2ebca', 'BRANDON CANVAS M'), ('37e37e80-f697-11e7-8f1f-f5dbd72c8ac8', '181a0540-9398-11e7-b2f0-cfaf4e888818', 'Hi team, can you tell us what customers are loving about the Brandon Casual Sneaker? It\'s been a hot seller this week!', '37d32ad0-f697-11e7-b644-8cc5527c15e3', 'requestFeedback', '0', '1', '8a402800-9395-11e7-9b19-0c3ab4078e1e', '2018-01-11 06:18:19', '2018-01-14 17:00:57', 'requestFeedback', '', 'b51b4bb0-827c-11e7-8a2c-f8cfbeb2ebca', 'BRANDON CANVAS M'), ('37e3a590-f697-11e7-a0a9-7914f2625647', 'd437bbd0-9f4d-11e7-a658-1384ca7bc941', 'Hi team, can you tell us what customers are loving about the Brandon Casual Sneaker? It\'s been a hot seller this week!', '37d32ad0-f697-11e7-b644-8cc5527c15e3', 'requestFeedback', '0', '1', '8a402800-9395-11e7-9b19-0c3ab4078e1e', '2018-01-11 06:18:19', '2018-01-14 17:00:57', 'requestFeedback', '', 'b51b4bb0-827c-11e7-8a2c-f8cfbeb2ebca', 'BRANDON CANVAS M'), ('37e3cca0-f697-11e7-a7f7-a638b12526c0', 'aa695f20-9f4d-11e7-b5dc-03da657c9c87', 'Hi team, can you tell us what customers are loving about the Brandon Casual Sneaker? It\'s been a hot seller this week!', '37d32ad0-f697-11e7-b644-8cc5527c15e3', 'requestFeedback', '0', '1', '8a402800-9395-11e7-9b19-0c3ab4078e1e', '2018-01-11 06:18:19', '2018-01-14 17:00:57', 'requestFeedback', '', 'b51b4bb0-827c-11e7-8a2c-f8cfbeb2ebca', 'BRANDON CANVAS M'), ('37e3f3b0-f697-11e7-a674-11b8af43aa27', '889b75f0-9f4c-11e7-9b4f-2e9ec46159d9', 'Hi team, can you tell us what customers are loving about the Brandon Casual Sneaker? It\'s been a hot seller this week!', '37d32ad0-f697-11e7-b644-8cc5527c15e3', 'requestFeedback', '0', '1', '8a402800-9395-11e7-9b19-0c3ab4078e1e', '2018-01-11 06:18:19', '2018-01-14 17:00:57', 'requestFeedback', '', 'b51b4bb0-827c-11e7-8a2c-f8cfbeb2ebca', 'BRANDON CANVAS M'), ('37e41ac0-f697-11e7-ac2f-3d4f2d826a42', '4fb38510-9e8a-11e7-a1c7-b577361dd49f', 'Hi team, can you tell us what customers are loving about the Brandon Casual Sneaker? It\'s been a hot seller this week!', '37d32ad0-f697-11e7-b644-8cc5527c15e3', 'requestFeedback', '0', '1', '8a402800-9395-11e7-9b19-0c3ab4078e1e', '2018-01-11 06:18:19', '2018-01-14 17:00:57', 'requestFeedback', '', 'b51b4bb0-827c-11e7-8a2c-f8cfbeb2ebca', 'BRANDON CANVAS M'), ('37e441d0-f697-11e7-863c-c78f217abf5e', '52f44810-9e51-11e7-af98-6c27d0a4382e', 'Hi team, can you tell us what customers are loving about the Brandon Casual Sneaker? It\'s been a hot seller this week!', '37d32ad0-f697-11e7-b644-8cc5527c15e3', 'requestFeedback', '0', '1', '8a402800-9395-11e7-9b19-0c3ab4078e1e', '2018-01-11 06:18:19', '2018-01-14 17:00:57', 'requestFeedback', '', 'b51b4bb0-827c-11e7-8a2c-f8cfbeb2ebca', 'BRANDON CANVAS M'), ('37e468e0-f697-11e7-8ae3-43e374cf55bf', 'b1064660-9398-11e7-9e5f-3733450a79a0', 'Hi team, can you tell us what customers are loving about the Brandon Casual Sneaker? It\'s been a hot seller this week!', '37d32ad0-f697-11e7-b644-8cc5527c15e3', 'requestFeedback', '0', '1', '8a402800-9395-11e7-9b19-0c3ab4078e1e', '2018-01-11 06:18:19', '2018-01-14 17:00:57', 'requestFeedback', '', 'b51b4bb0-827c-11e7-8a2c-f8cfbeb2ebca', 'BRANDON CANVAS M'), ('37e468e1-f697-11e7-bfc4-10b5b103d1d9', '9d11f000-9398-11e7-a45b-71cfa65a584c', 'Hi team, can you tell us what customers are loving about the Brandon Casual Sneaker? It\'s been a hot seller this week!', '37d32ad0-f697-11e7-b644-8cc5527c15e3', 'requestFeedback', '0', '1', '8a402800-9395-11e7-9b19-0c3ab4078e1e', '2018-01-11 06:18:19', '2018-01-14 17:00:57', 'requestFeedback', '', 'b51b4bb0-827c-11e7-8a2c-f8cfbeb2ebca', 'BRANDON CANVAS M'), ('37e48ff0-f697-11e7-ac17-fe01d70e6688', '804b73b0-9398-11e7-803d-e1af73884cbb', 'Hi team, can you tell us what customers are loving about the Brandon Casual Sneaker? It\'s been a hot seller this week!', '37d32ad0-f697-11e7-b644-8cc5527c15e3', 'requestFeedback', '0', '1', '8a402800-9395-11e7-9b19-0c3ab4078e1e', '2018-01-11 06:18:19', '2018-01-14 17:00:57', 'requestFeedback', '', 'b51b4bb0-827c-11e7-8a2c-f8cfbeb2ebca', 'BRANDON CANVAS M'), ('37e55340-f697-11e7-b97c-e1bae7171d34', 'f8e436a0-9397-11e7-8b95-9a063eb9161f', 'Hi team, can you tell us what customers are loving about the Brandon Casual Sneaker? It\'s been a hot seller this week!', '37d32ad0-f697-11e7-b644-8cc5527c15e3', 'requestFeedback', '0', '1', '8a402800-9395-11e7-9b19-0c3ab4078e1e', '2018-01-11 06:18:19', '2018-01-14 17:00:57', 'requestFeedback', '', 'b51b4bb0-827c-11e7-8a2c-f8cfbeb2ebca', 'BRANDON CANVAS M'), ('37e5c870-f697-11e7-9d28-22da8ded323a', '65cae530-9397-11e7-81c4-179927a43dde', 'Hi team, can you tell us what customers are loving about the Brandon Casual Sneaker? It\'s been a hot seller this week!', '37d32ad0-f697-11e7-b644-8cc5527c15e3', 'requestFeedback', '0', '1', '8a402800-9395-11e7-9b19-0c3ab4078e1e', '2018-01-11 06:18:19', '2018-01-14 17:00:57', 'requestFeedback', '', 'b51b4bb0-827c-11e7-8a2c-f8cfbeb2ebca', 'BRANDON CANVAS M'), ('37e63da0-f697-11e7-8b07-9f4bee7929ba', '3ceba370-9397-11e7-8e9b-d7570b7c3f97', 'Hi team, can you tell us what customers are loving about the Brandon Casual Sneaker? It\'s been a hot seller this week!', '37d32ad0-f697-11e7-b644-8cc5527c15e3', 'requestFeedback', '0', '1', '8a402800-9395-11e7-9b19-0c3ab4078e1e', '2018-01-11 06:18:19', '2018-01-14 17:00:57', 'requestFeedback', '', 'b51b4bb0-827c-11e7-8a2c-f8cfbeb2ebca', 'BRANDON CANVAS M'), ('37e664b0-f697-11e7-8845-20e4826f5554', '20afd060-9396-11e7-ab5d-b795e7ba6e35', 'Hi team, can you tell us what customers are loving about the Brandon Casual Sneaker? It\'s been a hot seller this week!', '37d32ad0-f697-11e7-b644-8cc5527c15e3', 'requestFeedback', '0', '1', '8a402800-9395-11e7-9b19-0c3ab4078e1e', '2018-01-11 06:18:19', '2018-01-14 17:00:57', 'requestFeedback', '', 'b51b4bb0-827c-11e7-8a2c-f8cfbeb2ebca', 'BRANDON CANVAS M'), ('37e68bc0-f697-11e7-abce-0211d453e8bb', '0df4e460-9396-11e7-91d7-dd5dae17bad9', 'Hi team, can you tell us what customers are loving about the Brandon Casual Sneaker? It\'s been a hot seller this week!', '37d32ad0-f697-11e7-b644-8cc5527c15e3', 'requestFeedback', '0', '1', '8a402800-9395-11e7-9b19-0c3ab4078e1e', '2018-01-11 06:18:19', '2018-01-14 17:00:57', 'requestFeedback', '', 'b51b4bb0-827c-11e7-8a2c-f8cfbeb2ebca', 'BRANDON CANVAS M'), ('37e68bc1-f697-11e7-8a97-278c66aa78fa', 'ef01c410-9395-11e7-97d8-79c618a4276e', 'Hi team, can you tell us what customers are loving about the Brandon Casual Sneaker? It\'s been a hot seller this week!', '37d32ad0-f697-11e7-b644-8cc5527c15e3', 'requestFeedback', '0', '1', '8a402800-9395-11e7-9b19-0c3ab4078e1e', '2018-01-11 06:18:19', '2018-01-14 17:00:57', 'requestFeedback', '', 'b51b4bb0-827c-11e7-8a2c-f8cfbeb2ebca', 'BRANDON CANVAS M'), ('3d787200-f71f-11e7-bfab-6ef1560b3d82', '9006c060-aed8-11e7-b843-f517d2abf12a', 'Hi team, tell us what customers have been saying about the Maxwell Sandal.', '3d72ccb0-f71f-11e7-b7dc-b32259dbe576', 'requestFeedback', '0', '1', '4c8256f0-9395-11e7-89a6-88568af3c30e', '2018-01-11 22:32:00', '2018-01-15 17:00:59', 'requestFeedback', '', 'b51b4bb0-827c-11e7-8a2c-f8cfbeb2ebca', 'MAXWELL17SSULO'), ('3d78e730-f71f-11e7-9344-440cb1d967dc', '3dce5160-a4a5-11e7-9e3a-ce5eedc867a1', 'Hi team, tell us what customers have been saying about the Maxwell Sandal.', '3d72ccb0-f71f-11e7-b7dc-b32259dbe576', 'requestFeedback', '0', '1', '4c8256f0-9395-11e7-89a6-88568af3c30e', '2018-01-11 22:32:00', '2018-01-15 17:00:59', 'requestFeedback', '', 'b51b4bb0-827c-11e7-8a2c-f8cfbeb2ebca', 'MAXWELL17SSULO'), ('3d790e40-f71f-11e7-a590-630d647383e7', 'd1892c40-a4a0-11e7-bcac-2df719bae2be', 'Hi team, tell us what customers have been saying about the Maxwell Sandal.', '3d72ccb0-f71f-11e7-b7dc-b32259dbe576', 'requestFeedback', '0', '1', '4c8256f0-9395-11e7-89a6-88568af3c30e', '2018-01-11 22:32:00', '2018-01-15 17:00:59', 'requestFeedback', '', 'b51b4bb0-827c-11e7-8a2c-f8cfbeb2ebca', 'MAXWELL17SSULO'), ('3d793550-f71f-11e7-a5f7-98ddab4f8e63', 'dc050330-a232-11e7-8e3f-ec57ae8d2f97', 'Hi team, tell us what customers have been saying about the Maxwell Sandal.', '3d72ccb0-f71f-11e7-b7dc-b32259dbe576', 'requestFeedback', '0', '1', '4c8256f0-9395-11e7-89a6-88568af3c30e', '2018-01-11 22:32:00', '2018-01-15 17:00:59', 'requestFeedback', '', 'b51b4bb0-827c-11e7-8a2c-f8cfbeb2ebca', 'MAXWELL17SSULO'), ('3d795c60-f71f-11e7-99fa-936dc2e89957', '69744160-a17d-11e7-b8fe-e0d8bb2f474c', 'Hi team, tell us what customers have been saying about the Maxwell Sandal.', '3d72ccb0-f71f-11e7-b7dc-b32259dbe576', 'requestFeedback', '0', '1', '4c8256f0-9395-11e7-89a6-88568af3c30e', '2018-01-11 22:32:00', '2018-01-15 17:00:59', 'requestFeedback', '', 'b51b4bb0-827c-11e7-8a2c-f8cfbeb2ebca', 'MAXWELL17SSULO'), ('3d79aa80-f71f-11e7-843a-c506e8400956', '7389a3f0-a044-11e7-84ec-2b92e5acf41d', 'Hi team, tell us what customers have been saying about the Maxwell Sandal.', '3d72ccb0-f71f-11e7-b7dc-b32259dbe576', 'requestFeedback', '0', '1', '4c8256f0-9395-11e7-89a6-88568af3c30e', '2018-01-11 22:32:00', '2018-01-15 17:00:59', 'requestFeedback', '', 'b51b4bb0-827c-11e7-8a2c-f8cfbeb2ebca', 'MAXWELL17SSULO'), ('3d79aa81-f71f-11e7-9fff-464d2f567a91', 'ef5293a0-a000-11e7-a0cd-9d131b07cd33', 'Hi team, tell us what customers have been saying about the Maxwell Sandal.', '3d72ccb0-f71f-11e7-b7dc-b32259dbe576', 'requestFeedback', '0', '1', '4c8256f0-9395-11e7-89a6-88568af3c30e', '2018-01-11 22:32:00', '2018-01-15 17:00:59', 'requestFeedback', '', 'b51b4bb0-827c-11e7-8a2c-f8cfbeb2ebca', 'MAXWELL17SSULO'), ('3d79d190-f71f-11e7-a85c-8daa27d24732', 'b8112e20-9fff-11e7-a4eb-73e48f1bde05', 'Hi team, tell us what customers have been saying about the Maxwell Sandal.', '3d72ccb0-f71f-11e7-b7dc-b32259dbe576', 'requestFeedback', '0', '1', '4c8256f0-9395-11e7-89a6-88568af3c30e', '2018-01-11 22:32:00', '2018-01-15 17:00:59', 'requestFeedback', '', 'b51b4bb0-827c-11e7-8a2c-f8cfbeb2ebca', 'MAXWELL17SSULO'), ('3d7b0a10-f71f-11e7-a992-abc5528c465b', '181a0540-9398-11e7-b2f0-cfaf4e888818', 'Hi team, tell us what customers have been saying about the Maxwell Sandal.', '3d72ccb0-f71f-11e7-b7dc-b32259dbe576', 'requestFeedback', '1', '1', '4c8256f0-9395-11e7-89a6-88568af3c30e', '2018-01-11 22:32:00', '2018-01-15 17:00:59', 'requestFeedback', '', 'b51b4bb0-827c-11e7-8a2c-f8cfbeb2ebca', 'MAXWELL17SSULO'), ('3d7b3120-f71f-11e7-a25b-e23f7063007e', 'd437bbd0-9f4d-11e7-a658-1384ca7bc941', 'Hi team, tell us what customers have been saying about the Maxwell Sandal.', '3d72ccb0-f71f-11e7-b7dc-b32259dbe576', 'requestFeedback', '0', '1', '4c8256f0-9395-11e7-89a6-88568af3c30e', '2018-01-11 22:32:00', '2018-01-15 17:00:59', 'requestFeedback', '', 'b51b4bb0-827c-11e7-8a2c-f8cfbeb2ebca', 'MAXWELL17SSULO'), ('3d7b5830-f71f-11e7-9b66-3d80c68da58a', 'aa695f20-9f4d-11e7-b5dc-03da657c9c87', 'Hi team, tell us what customers have been saying about the Maxwell Sandal.', '3d72ccb0-f71f-11e7-b7dc-b32259dbe576', 'requestFeedback', '0', '1', '4c8256f0-9395-11e7-89a6-88568af3c30e', '2018-01-11 22:32:00', '2018-01-15 17:00:59', 'requestFeedback', '', 'b51b4bb0-827c-11e7-8a2c-f8cfbeb2ebca', 'MAXWELL17SSULO'), ('3d7b7f40-f71f-11e7-92ca-39e8734f9f75', '889b75f0-9f4c-11e7-9b4f-2e9ec46159d9', 'Hi team, tell us what customers have been saying about the Maxwell Sandal.', '3d72ccb0-f71f-11e7-b7dc-b32259dbe576', 'requestFeedback', '0', '1', '4c8256f0-9395-11e7-89a6-88568af3c30e', '2018-01-11 22:32:00', '2018-01-15 17:00:59', 'requestFeedback', '', 'b51b4bb0-827c-11e7-8a2c-f8cfbeb2ebca', 'MAXWELL17SSULO'), ('3d7ba650-f71f-11e7-a635-7305bb2fadae', '4fb38510-9e8a-11e7-a1c7-b577361dd49f', 'Hi team, tell us what customers have been saying about the Maxwell Sandal.', '3d72ccb0-f71f-11e7-b7dc-b32259dbe576', 'requestFeedback', '0', '1', '4c8256f0-9395-11e7-89a6-88568af3c30e', '2018-01-11 22:32:00', '2018-01-15 17:00:59', 'requestFeedback', '', 'b51b4bb0-827c-11e7-8a2c-f8cfbeb2ebca', 'MAXWELL17SSULO'), ('3d7ba651-f71f-11e7-b959-1ab292f43904', '52f44810-9e51-11e7-af98-6c27d0a4382e', 'Hi team, tell us what customers have been saying about the Maxwell Sandal.', '3d72ccb0-f71f-11e7-b7dc-b32259dbe576', 'requestFeedback', '0', '1', '4c8256f0-9395-11e7-89a6-88568af3c30e', '2018-01-11 22:32:00', '2018-01-15 17:00:59', 'requestFeedback', '', 'b51b4bb0-827c-11e7-8a2c-f8cfbeb2ebca', 'MAXWELL17SSULO'), ('3d7bcd60-f71f-11e7-91ad-175eb36ecdb1', 'b1064660-9398-11e7-9e5f-3733450a79a0', 'Hi team, tell us what customers have been saying about the Maxwell Sandal.', '3d72ccb0-f71f-11e7-b7dc-b32259dbe576', 'requestFeedback', '0', '1', '4c8256f0-9395-11e7-89a6-88568af3c30e', '2018-01-11 22:32:00', '2018-01-15 17:00:59', 'requestFeedback', '', 'b51b4bb0-827c-11e7-8a2c-f8cfbeb2ebca', 'MAXWELL17SSULO'), ('3d7bf470-f71f-11e7-ae3a-cc6ec0cf3d58', '9d11f000-9398-11e7-a45b-71cfa65a584c', 'Hi team, tell us what customers have been saying about the Maxwell Sandal.', '3d72ccb0-f71f-11e7-b7dc-b32259dbe576', 'requestFeedback', '0', '1', '4c8256f0-9395-11e7-89a6-88568af3c30e', '2018-01-11 22:32:00', '2018-01-15 17:00:59', 'requestFeedback', '', 'b51b4bb0-827c-11e7-8a2c-f8cfbeb2ebca', 'MAXWELL17SSULO'), ('3d7c1b80-f71f-11e7-8abb-121eee0be979', '804b73b0-9398-11e7-803d-e1af73884cbb', 'Hi team, tell us what customers have been saying about the Maxwell Sandal.', '3d72ccb0-f71f-11e7-b7dc-b32259dbe576', 'requestFeedback', '0', '1', '4c8256f0-9395-11e7-89a6-88568af3c30e', '2018-01-11 22:32:00', '2018-01-15 17:00:59', 'requestFeedback', '', 'b51b4bb0-827c-11e7-8a2c-f8cfbeb2ebca', 'MAXWELL17SSULO'), ('3d7c1b81-f71f-11e7-97d6-07ef36e551c6', 'f8e436a0-9397-11e7-8b95-9a063eb9161f', 'Hi team, tell us what customers have been saying about the Maxwell Sandal.', '3d72ccb0-f71f-11e7-b7dc-b32259dbe576', 'requestFeedback', '0', '1', '4c8256f0-9395-11e7-89a6-88568af3c30e', '2018-01-11 22:32:00', '2018-01-15 17:00:59', 'requestFeedback', '', 'b51b4bb0-827c-11e7-8a2c-f8cfbeb2ebca', 'MAXWELL17SSULO'), ('3d7d05e0-f71f-11e7-a6b5-0c0ccb8f4f19', '65cae530-9397-11e7-81c4-179927a43dde', 'Hi team, tell us what customers have been saying about the Maxwell Sandal.', '3d72ccb0-f71f-11e7-b7dc-b32259dbe576', 'requestFeedback', '0', '1', '4c8256f0-9395-11e7-89a6-88568af3c30e', '2018-01-11 22:32:00', '2018-01-15 17:00:59', 'requestFeedback', '', 'b51b4bb0-827c-11e7-8a2c-f8cfbeb2ebca', 'MAXWELL17SSULO'), ('3d7d05e1-f71f-11e7-a702-335e1b33705a', '3ceba370-9397-11e7-8e9b-d7570b7c3f97', 'Hi team, tell us what customers have been saying about the Maxwell Sandal.', '3d72ccb0-f71f-11e7-b7dc-b32259dbe576', 'requestFeedback', '0', '1', '4c8256f0-9395-11e7-89a6-88568af3c30e', '2018-01-11 22:32:00', '2018-01-15 17:00:59', 'requestFeedback', '', 'b51b4bb0-827c-11e7-8a2c-f8cfbeb2ebca', 'MAXWELL17SSULO'), ('3d7d7b10-f71f-11e7-99a0-bd1dc369dbc5', '20afd060-9396-11e7-ab5d-b795e7ba6e35', 'Hi team, tell us what customers have been saying about the Maxwell Sandal.', '3d72ccb0-f71f-11e7-b7dc-b32259dbe576', 'requestFeedback', '0', '1', '4c8256f0-9395-11e7-89a6-88568af3c30e', '2018-01-11 22:32:00', '2018-01-15 17:00:59', 'requestFeedback', '', 'b51b4bb0-827c-11e7-8a2c-f8cfbeb2ebca', 'MAXWELL17SSULO'), ('3d7da220-f71f-11e7-a90b-f5203f3c25e4', '0df4e460-9396-11e7-91d7-dd5dae17bad9', 'Hi team, tell us what customers have been saying about the Maxwell Sandal.', '3d72ccb0-f71f-11e7-b7dc-b32259dbe576', 'requestFeedback', '0', '1', '4c8256f0-9395-11e7-89a6-88568af3c30e', '2018-01-11 22:32:00', '2018-01-15 17:00:59', 'requestFeedback', '', 'b51b4bb0-827c-11e7-8a2c-f8cfbeb2ebca', 'MAXWELL17SSULO'), ('3d7da221-f71f-11e7-a4eb-721ec285dd5a', 'ef01c410-9395-11e7-97d8-79c618a4276e', 'Hi team, tell us what customers have been saying about the Maxwell Sandal.', '3d72ccb0-f71f-11e7-b7dc-b32259dbe576', 'requestFeedback', '0', '1', '4c8256f0-9395-11e7-89a6-88568af3c30e', '2018-01-11 22:32:00', '2018-01-15 17:00:59', 'requestFeedback', '', 'b51b4bb0-827c-11e7-8a2c-f8cfbeb2ebca', 'MAXWELL17SSULO'), ('41dbd530-2e1f-11e8-8015-da5a52800ee3', '0df4e460-9396-11e7-91d7-dd5dae17bad9', 'Hey @Lauren Thompson  thanks for the feedback, I\'ll take this onboard.', 'f7654aa0-2e1d-11e8-9ce7-093af2865eac', 'commented', '0', '0', '68270f90-9395-11e7-a3f0-daa7744d684d', '2018-03-22 22:20:41', '2018-03-22 22:20:41', 'suggestion', '41d91610-2e1f-11e8-8ffb-777c5bc82b7b', 'b51b4bb0-827c-11e7-8a2c-f8cfbeb2ebca', 'BRANDON CANVAS M'), ('41dc2350-2e1f-11e8-805a-1a4963869252', '0df4e460-9396-11e7-91d7-dd5dae17bad9', 'Hey @Lauren Thompson  thanks for the feedback, I\'ll take this onboard.', 'f7654aa0-2e1d-11e8-9ce7-093af2865eac', 'mentioned', '0', '0', '68270f90-9395-11e7-a3f0-daa7744d684d', '2018-03-22 22:20:41', '2018-03-22 22:20:41', 'suggestion', '41d91610-2e1f-11e8-8ffb-777c5bc82b7b', 'b51b4bb0-827c-11e7-8a2c-f8cfbeb2ebca', 'BRANDON CANVAS M'), ('4a20ceb0-f69a-11e7-a93d-9342a3b9c530', '8a402800-9395-11e7-9b19-0c3ab4078e1e', '', '1f262700-f69a-11e7-b69e-7aa918c51e65', 'exemptionForRequest', '0', '1', 'ef01c410-9395-11e7-97d8-79c618a4276e', '2018-01-11 06:40:18', '2018-01-11 09:30:02', 'requestFeedback', '', 'dd9f1510-9395-11e7-983e-aace4d7d4c3b', 'DADO17SMCDO'), ('4b8645e0-fc9f-11e7-bcf5-934e628596da', 'f8e436a0-9397-11e7-8b95-9a063eb9161f', '@Tina Grey  thoughts?', 'ac37cd60-fc9e-11e7-aa09-7cea2e9cc173', 'commented', '0', '1', '37f65470-9395-11e7-aef2-d79ace5f7884', '2018-01-18 22:31:15', '2018-03-06 00:38:05', 'suggestion', '4b6d8dc0-fc9f-11e7-b983-0d6ff89da0c5', 'b51b4bb0-827c-11e7-8a2c-f8cfbeb2ebca', ''), ('4b869400-fc9f-11e7-aa3c-953d3a95bb89', '9006c060-aed8-11e7-b843-f517d2abf12a', '@Tina Grey  thoughts?', 'ac37cd60-fc9e-11e7-aa09-7cea2e9cc173', 'mentioned', '0', '1', '37f65470-9395-11e7-aef2-d79ace5f7884', '2018-01-18 22:31:15', '2018-03-06 00:38:05', 'suggestion', '4b6d8dc0-fc9f-11e7-b983-0d6ff89da0c5', 'b51b4bb0-827c-11e7-8a2c-f8cfbeb2ebca', ''), ('51a81a90-f699-11e7-91d4-b980a1ff9617', '9006c060-aed8-11e7-b843-f517d2abf12a', 'Aria has been a great seller, can you tell us why customers are loving this style?', '51a35fa0-f699-11e7-af62-470b78e04fdb', 'requestFeedback', '0', '1', '8a402800-9395-11e7-9b19-0c3ab4078e1e', '2018-01-11 06:33:21', '2018-01-14 17:00:57', 'requestFeedback', '', 'b51b4bb0-827c-11e7-8a2c-f8cfbeb2ebca', 'ARIA W'), ('51a841a0-f699-11e7-b5f7-605a990783ce', 'd0cfaa90-a7b1-11e7-aed5-e22771f42665', 'Aria has been a great seller, can you tell us why customers are loving this style?', '51a35fa0-f699-11e7-af62-470b78e04fdb', 'requestFeedback', '0', '1', '8a402800-9395-11e7-9b19-0c3ab4078e1e', '2018-01-11 06:33:21', '2018-01-14 17:00:57', 'requestFeedback', '', 'b51b4bb0-827c-11e7-8a2c-f8cfbeb2ebca', 'ARIA W'), ('51a841a1-f699-11e7-a582-c53435c19909', '3dce5160-a4a5-11e7-9e3a-ce5eedc867a1', 'Aria has been a great seller, can you tell us why customers are loving this style?', '51a35fa0-f699-11e7-af62-470b78e04fdb', 'requestFeedback', '0', '1', '8a402800-9395-11e7-9b19-0c3ab4078e1e', '2018-01-11 06:33:21', '2018-01-14 17:00:57', 'requestFeedback', '', 'b51b4bb0-827c-11e7-8a2c-f8cfbeb2ebca', 'ARIA W'), ('51a868b0-f699-11e7-a98a-d6cb05661fa5', 'd1892c40-a4a0-11e7-bcac-2df719bae2be', 'Aria has been a great seller, can you tell us why customers are loving this style?', '51a35fa0-f699-11e7-af62-470b78e04fdb', 'requestFeedback', '0', '1', '8a402800-9395-11e7-9b19-0c3ab4078e1e', '2018-01-11 06:33:21', '2018-01-14 17:00:57', 'requestFeedback', '', 'b51b4bb0-827c-11e7-8a2c-f8cfbeb2ebca', 'ARIA W'), ('51a88fc0-f699-11e7-9bc0-093701e76e56', 'dc050330-a232-11e7-8e3f-ec57ae8d2f97', 'Aria has been a great seller, can you tell us why customers are loving this style?', '51a35fa0-f699-11e7-af62-470b78e04fdb', 'requestFeedback', '0', '1', '8a402800-9395-11e7-9b19-0c3ab4078e1e', '2018-01-11 06:33:21', '2018-01-14 17:00:57', 'requestFeedback', '', 'b51b4bb0-827c-11e7-8a2c-f8cfbeb2ebca', 'ARIA W'), ('51a8b6d0-f699-11e7-92c5-0989385e087b', '69744160-a17d-11e7-b8fe-e0d8bb2f474c', 'Aria has been a great seller, can you tell us why customers are loving this style?', '51a35fa0-f699-11e7-af62-470b78e04fdb', 'requestFeedback', '0', '1', '8a402800-9395-11e7-9b19-0c3ab4078e1e', '2018-01-11 06:33:21', '2018-01-14 17:00:57', 'requestFeedback', '', 'b51b4bb0-827c-11e7-8a2c-f8cfbeb2ebca', 'ARIA W'), ('51a8dde0-f699-11e7-843f-bf3c1172ed92', '7389a3f0-a044-11e7-84ec-2b92e5acf41d', 'Aria has been a great seller, can you tell us why customers are loving this style?', '51a35fa0-f699-11e7-af62-470b78e04fdb', 'requestFeedback', '0', '1', '8a402800-9395-11e7-9b19-0c3ab4078e1e', '2018-01-11 06:33:21', '2018-01-14 17:00:57', 'requestFeedback', '', 'b51b4bb0-827c-11e7-8a2c-f8cfbeb2ebca', 'ARIA W'), ('51a8dde1-f699-11e7-88a0-6ea56c03e24d', 'ef5293a0-a000-11e7-a0cd-9d131b07cd33', 'Aria has been a great seller, can you tell us why customers are loving this style?', '51a35fa0-f699-11e7-af62-470b78e04fdb', 'requestFeedback', '0', '1', '8a402800-9395-11e7-9b19-0c3ab4078e1e', '2018-01-11 06:33:21', '2018-01-14 17:00:57', 'requestFeedback', '', 'b51b4bb0-827c-11e7-8a2c-f8cfbeb2ebca', 'ARIA W'), ('51a904f0-f699-11e7-a725-78b1543649af', 'b8112e20-9fff-11e7-a4eb-73e48f1bde05', 'Aria has been a great seller, can you tell us why customers are loving this style?', '51a35fa0-f699-11e7-af62-470b78e04fdb', 'requestFeedback', '0', '1', '8a402800-9395-11e7-9b19-0c3ab4078e1e', '2018-01-11 06:33:21', '2018-01-14 17:00:57', 'requestFeedback', '', 'b51b4bb0-827c-11e7-8a2c-f8cfbeb2ebca', 'ARIA W'), ('51a92c00-f699-11e7-a93c-52082fa738b9', '181a0540-9398-11e7-b2f0-cfaf4e888818', 'Aria has been a great seller, can you tell us why customers are loving this style?', '51a35fa0-f699-11e7-af62-470b78e04fdb', 'requestFeedback', '0', '1', '8a402800-9395-11e7-9b19-0c3ab4078e1e', '2018-01-11 06:33:21', '2018-01-14 17:00:57', 'requestFeedback', '', 'b51b4bb0-827c-11e7-8a2c-f8cfbeb2ebca', 'ARIA W'), ('51a95310-f699-11e7-9de7-1e5d842fae52', 'd437bbd0-9f4d-11e7-a658-1384ca7bc941', 'Aria has been a great seller, can you tell us why customers are loving this style?', '51a35fa0-f699-11e7-af62-470b78e04fdb', 'requestFeedback', '0', '1', '8a402800-9395-11e7-9b19-0c3ab4078e1e', '2018-01-11 06:33:21', '2018-01-14 17:00:57', 'requestFeedback', '', 'b51b4bb0-827c-11e7-8a2c-f8cfbeb2ebca', 'ARIA W'), ('51a97a20-f699-11e7-a982-766ac1fe7f36', 'aa695f20-9f4d-11e7-b5dc-03da657c9c87', 'Aria has been a great seller, can you tell us why customers are loving this style?', '51a35fa0-f699-11e7-af62-470b78e04fdb', 'requestFeedback', '0', '1', '8a402800-9395-11e7-9b19-0c3ab4078e1e', '2018-01-11 06:33:21', '2018-01-14 17:00:57', 'requestFeedback', '', 'b51b4bb0-827c-11e7-8a2c-f8cfbeb2ebca', 'ARIA W'), ('51a97a21-f699-11e7-88fd-e6b340e4d383', '889b75f0-9f4c-11e7-9b4f-2e9ec46159d9', 'Aria has been a great seller, can you tell us why customers are loving this style?', '51a35fa0-f699-11e7-af62-470b78e04fdb', 'requestFeedback', '0', '1', '8a402800-9395-11e7-9b19-0c3ab4078e1e', '2018-01-11 06:33:21', '2018-01-14 17:00:57', 'requestFeedback', '', 'b51b4bb0-827c-11e7-8a2c-f8cfbeb2ebca', 'ARIA W'), ('51a9a130-f699-11e7-8241-a2ff43fab559', '4fb38510-9e8a-11e7-a1c7-b577361dd49f', 'Aria has been a great seller, can you tell us why customers are loving this style?', '51a35fa0-f699-11e7-af62-470b78e04fdb', 'requestFeedback', '0', '1', '8a402800-9395-11e7-9b19-0c3ab4078e1e', '2018-01-11 06:33:21', '2018-01-14 17:00:57', 'requestFeedback', '', 'b51b4bb0-827c-11e7-8a2c-f8cfbeb2ebca', 'ARIA W'), ('51a9c840-f699-11e7-9b22-68319ba4b489', '52f44810-9e51-11e7-af98-6c27d0a4382e', 'Aria has been a great seller, can you tell us why customers are loving this style?', '51a35fa0-f699-11e7-af62-470b78e04fdb', 'requestFeedback', '0', '1', '8a402800-9395-11e7-9b19-0c3ab4078e1e', '2018-01-11 06:33:21', '2018-01-14 17:00:57', 'requestFeedback', '', 'b51b4bb0-827c-11e7-8a2c-f8cfbeb2ebca', 'ARIA W'), ('51a9ef50-f699-11e7-9d33-272485428f55', 'b1064660-9398-11e7-9e5f-3733450a79a0', 'Aria has been a great seller, can you tell us why customers are loving this style?', '51a35fa0-f699-11e7-af62-470b78e04fdb', 'requestFeedback', '0', '1', '8a402800-9395-11e7-9b19-0c3ab4078e1e', '2018-01-11 06:33:21', '2018-01-14 17:00:57', 'requestFeedback', '', 'b51b4bb0-827c-11e7-8a2c-f8cfbeb2ebca', 'ARIA W'), ('51a9ef51-f699-11e7-8f34-f9a713d37d76', '9d11f000-9398-11e7-a45b-71cfa65a584c', 'Aria has been a great seller, can you tell us why customers are loving this style?', '51a35fa0-f699-11e7-af62-470b78e04fdb', 'requestFeedback', '0', '1', '8a402800-9395-11e7-9b19-0c3ab4078e1e', '2018-01-11 06:33:21', '2018-01-14 17:00:57', 'requestFeedback', '', 'b51b4bb0-827c-11e7-8a2c-f8cfbeb2ebca', 'ARIA W'), ('51aa1660-f699-11e7-9235-bddaf0f785ed', '804b73b0-9398-11e7-803d-e1af73884cbb', 'Aria has been a great seller, can you tell us why customers are loving this style?', '51a35fa0-f699-11e7-af62-470b78e04fdb', 'requestFeedback', '0', '1', '8a402800-9395-11e7-9b19-0c3ab4078e1e', '2018-01-11 06:33:21', '2018-01-14 17:00:57', 'requestFeedback', '', 'b51b4bb0-827c-11e7-8a2c-f8cfbeb2ebca', 'ARIA W'), ('51aa3d70-f699-11e7-a99a-2dc7e4a86f7d', 'f8e436a0-9397-11e7-8b95-9a063eb9161f', 'Aria has been a great seller, can you tell us why customers are loving this style?', '51a35fa0-f699-11e7-af62-470b78e04fdb', 'requestFeedback', '0', '1', '8a402800-9395-11e7-9b19-0c3ab4078e1e', '2018-01-11 06:33:21', '2018-01-14 17:00:57', 'requestFeedback', '', 'b51b4bb0-827c-11e7-8a2c-f8cfbeb2ebca', 'ARIA W'), ('51aa3d71-f699-11e7-aad8-356c61e7d1e7', '65cae530-9397-11e7-81c4-179927a43dde', 'Aria has been a great seller, can you tell us why customers are loving this style?', '51a35fa0-f699-11e7-af62-470b78e04fdb', 'requestFeedback', '0', '1', '8a402800-9395-11e7-9b19-0c3ab4078e1e', '2018-01-11 06:33:21', '2018-01-14 17:00:57', 'requestFeedback', '', 'b51b4bb0-827c-11e7-8a2c-f8cfbeb2ebca', 'ARIA W'), ('51aa6480-f699-11e7-b41b-b338481dfc08', '3ceba370-9397-11e7-8e9b-d7570b7c3f97', 'Aria has been a great seller, can you tell us why customers are loving this style?', '51a35fa0-f699-11e7-af62-470b78e04fdb', 'requestFeedback', '0', '1', '8a402800-9395-11e7-9b19-0c3ab4078e1e', '2018-01-11 06:33:21', '2018-01-14 17:00:57', 'requestFeedback', '', 'b51b4bb0-827c-11e7-8a2c-f8cfbeb2ebca', 'ARIA W'), ('51aab2a0-f699-11e7-9e0e-73fc7d6648fa', '20afd060-9396-11e7-ab5d-b795e7ba6e35', 'Aria has been a great seller, can you tell us why customers are loving this style?', '51a35fa0-f699-11e7-af62-470b78e04fdb', 'requestFeedback', '0', '1', '8a402800-9395-11e7-9b19-0c3ab4078e1e', '2018-01-11 06:33:21', '2018-01-14 17:00:57', 'requestFeedback', '', 'b51b4bb0-827c-11e7-8a2c-f8cfbeb2ebca', 'ARIA W'), ('51ab4ee0-f699-11e7-8e1b-89ea1e428825', '0df4e460-9396-11e7-91d7-dd5dae17bad9', 'Aria has been a great seller, can you tell us why customers are loving this style?', '51a35fa0-f699-11e7-af62-470b78e04fdb', 'requestFeedback', '0', '1', '8a402800-9395-11e7-9b19-0c3ab4078e1e', '2018-01-11 06:33:21', '2018-01-14 17:00:57', 'requestFeedback', '', 'b51b4bb0-827c-11e7-8a2c-f8cfbeb2ebca', 'ARIA W'), ('51ab75f0-f699-11e7-baca-df520533c82a', 'ef01c410-9395-11e7-97d8-79c618a4276e', 'Aria has been a great seller, can you tell us why customers are loving this style?', '51a35fa0-f699-11e7-af62-470b78e04fdb', 'requestFeedback', '0', '1', '8a402800-9395-11e7-9b19-0c3ab4078e1e', '2018-01-11 06:33:21', '2018-01-14 17:00:57', 'requestFeedback', '', 'b51b4bb0-827c-11e7-8a2c-f8cfbeb2ebca', 'ARIA W'), ('51e3baf0-fca2-11e7-b20c-d41da83fbc96', '37f65470-9395-11e7-aef2-d79ace5f7884', '', '-1', 'responseForRequest', '1', '0', 'f8e436a0-9397-11e7-8b95-9a063eb9161f', '2018-01-18 22:52:54', '2018-01-18 22:52:54', 'feedback', '', 'd5cfce40-9397-11e7-b3b4-d217ca389f53', 'ARIA W'), ('55edef90-f823-11e7-8638-b1dcfd3a75bb', '4c8256f0-9395-11e7-89a6-88568af3c30e', '', '-1', 'responseForRequest', '0', '0', '181a0540-9398-11e7-b2f0-cfaf4e888818', '2018-01-13 05:33:50', '2018-01-13 05:33:50', 'feedback', '', 'd5cfce40-9397-11e7-b3b4-d217ca389f53', 'AIDEN17SIMPO'), ('55f41bd0-0b84-11e8-84ab-8d29f4b2fe8c', '9006c060-aed8-11e7-b843-f517d2abf12a', 'Hey team, tell us what customers love about this style.', '55eec4a0-0b84-11e8-bc1b-955d40462a17', 'requestFeedback', '0', '1', '9d7e7d00-6770-11e7-8064-f38bf4767f4b', '2018-02-06 21:26:04', '2018-02-10 17:14:46', 'requestFeedback', '', 'b51b4bb0-827c-11e7-8a2c-f8cfbeb2ebca', 'FIESTA17SMCDO'), ('55f442e0-0b84-11e8-8ed3-a48b09998306', '3dce5160-a4a5-11e7-9e3a-ce5eedc867a1', 'Hey team, tell us what customers love about this style.', '55eec4a0-0b84-11e8-bc1b-955d40462a17', 'requestFeedback', '0', '1', '9d7e7d00-6770-11e7-8064-f38bf4767f4b', '2018-02-06 21:26:04', '2018-02-10 17:14:46', 'requestFeedback', '', 'b51b4bb0-827c-11e7-8a2c-f8cfbeb2ebca', 'FIESTA17SMCDO'), ('55f469f0-0b84-11e8-a0dc-abdda9aab0d7', 'd1892c40-a4a0-11e7-bcac-2df719bae2be', 'Hey team, tell us what customers love about this style.', '55eec4a0-0b84-11e8-bc1b-955d40462a17', 'requestFeedback', '0', '1', '9d7e7d00-6770-11e7-8064-f38bf4767f4b', '2018-02-06 21:26:04', '2018-02-10 17:14:46', 'requestFeedback', '', 'b51b4bb0-827c-11e7-8a2c-f8cfbeb2ebca', 'FIESTA17SMCDO'), ('55f49100-0b84-11e8-917a-bfd9e46d6397', 'dc050330-a232-11e7-8e3f-ec57ae8d2f97', 'Hey team, tell us what customers love about this style.', '55eec4a0-0b84-11e8-bc1b-955d40462a17', 'requestFeedback', '0', '1', '9d7e7d00-6770-11e7-8064-f38bf4767f4b', '2018-02-06 21:26:04', '2018-02-10 17:14:46', 'requestFeedback', '', 'b51b4bb0-827c-11e7-8a2c-f8cfbeb2ebca', 'FIESTA17SMCDO'), ('55f4df20-0b84-11e8-9af8-13989bd5f14e', '69744160-a17d-11e7-b8fe-e0d8bb2f474c', 'Hey team, tell us what customers love about this style.', '55eec4a0-0b84-11e8-bc1b-955d40462a17', 'requestFeedback', '0', '1', '9d7e7d00-6770-11e7-8064-f38bf4767f4b', '2018-02-06 21:26:04', '2018-02-10 17:14:46', 'requestFeedback', '', 'b51b4bb0-827c-11e7-8a2c-f8cfbeb2ebca', 'FIESTA17SMCDO'), ('55f50630-0b84-11e8-a8b2-dfc99583c69f', '7389a3f0-a044-11e7-84ec-2b92e5acf41d', 'Hey team, tell us what customers love about this style.', '55eec4a0-0b84-11e8-bc1b-955d40462a17', 'requestFeedback', '0', '1', '9d7e7d00-6770-11e7-8064-f38bf4767f4b', '2018-02-06 21:26:04', '2018-02-10 17:14:46', 'requestFeedback', '', 'b51b4bb0-827c-11e7-8a2c-f8cfbeb2ebca', 'FIESTA17SMCDO'), ('55f57b60-0b84-11e8-bd18-ed89b87d57cc', 'ef5293a0-a000-11e7-a0cd-9d131b07cd33', 'Hey team, tell us what customers love about this style.', '55eec4a0-0b84-11e8-bc1b-955d40462a17', 'requestFeedback', '0', '1', '9d7e7d00-6770-11e7-8064-f38bf4767f4b', '2018-02-06 21:26:04', '2018-02-10 17:14:46', 'requestFeedback', '', 'b51b4bb0-827c-11e7-8a2c-f8cfbeb2ebca', 'FIESTA17SMCDO'), ('55f5a270-0b84-11e8-8fd7-e3864efdd42b', 'b8112e20-9fff-11e7-a4eb-73e48f1bde05', 'Hey team, tell us what customers love about this style.', '55eec4a0-0b84-11e8-bc1b-955d40462a17', 'requestFeedback', '0', '1', '9d7e7d00-6770-11e7-8064-f38bf4767f4b', '2018-02-06 21:26:04', '2018-02-10 17:14:46', 'requestFeedback', '', 'b51b4bb0-827c-11e7-8a2c-f8cfbeb2ebca', 'FIESTA17SMCDO'), ('55f5c980-0b84-11e8-ba46-e0a3c6e79b97', '181a0540-9398-11e7-b2f0-cfaf4e888818', 'Hey team, tell us what customers love about this style.', '55eec4a0-0b84-11e8-bc1b-955d40462a17', 'requestFeedback', '0', '1', '9d7e7d00-6770-11e7-8064-f38bf4767f4b', '2018-02-06 21:26:04', '2018-02-10 17:14:46', 'requestFeedback', '', 'b51b4bb0-827c-11e7-8a2c-f8cfbeb2ebca', 'FIESTA17SMCDO'), ('55f5f090-0b84-11e8-a5fc-88fcbea09eea', 'd437bbd0-9f4d-11e7-a658-1384ca7bc941', 'Hey team, tell us what customers love about this style.', '55eec4a0-0b84-11e8-bc1b-955d40462a17', 'requestFeedback', '0', '1', '9d7e7d00-6770-11e7-8064-f38bf4767f4b', '2018-02-06 21:26:04', '2018-02-10 17:14:46', 'requestFeedback', '', 'b51b4bb0-827c-11e7-8a2c-f8cfbeb2ebca', 'FIESTA17SMCDO'), ('55f63eb0-0b84-11e8-82e5-4aeaaa715d9c', 'aa695f20-9f4d-11e7-b5dc-03da657c9c87', 'Hey team, tell us what customers love about this style.', '55eec4a0-0b84-11e8-bc1b-955d40462a17', 'requestFeedback', '0', '1', '9d7e7d00-6770-11e7-8064-f38bf4767f4b', '2018-02-06 21:26:04', '2018-02-10 17:14:46', 'requestFeedback', '', 'b51b4bb0-827c-11e7-8a2c-f8cfbeb2ebca', 'FIESTA17SMCDO'), ('55f665c0-0b84-11e8-9d14-c4ab143204e3', '889b75f0-9f4c-11e7-9b4f-2e9ec46159d9', 'Hey team, tell us what customers love about this style.', '55eec4a0-0b84-11e8-bc1b-955d40462a17', 'requestFeedback', '0', '1', '9d7e7d00-6770-11e7-8064-f38bf4767f4b', '2018-02-06 21:26:04', '2018-02-10 17:14:46', 'requestFeedback', '', 'b51b4bb0-827c-11e7-8a2c-f8cfbeb2ebca', 'FIESTA17SMCDO'), ('55f68cd0-0b84-11e8-951f-edc7fda9c73d', '4fb38510-9e8a-11e7-a1c7-b577361dd49f', 'Hey team, tell us what customers love about this style.', '55eec4a0-0b84-11e8-bc1b-955d40462a17', 'requestFeedback', '0', '1', '9d7e7d00-6770-11e7-8064-f38bf4767f4b', '2018-02-06 21:26:04', '2018-02-10 17:14:46', 'requestFeedback', '', 'b51b4bb0-827c-11e7-8a2c-f8cfbeb2ebca', 'FIESTA17SMCDO'), ('55f6b3e0-0b84-11e8-95ca-77bee2642f09', '52f44810-9e51-11e7-af98-6c27d0a4382e', 'Hey team, tell us what customers love about this style.', '55eec4a0-0b84-11e8-bc1b-955d40462a17', 'requestFeedback', '0', '1', '9d7e7d00-6770-11e7-8064-f38bf4767f4b', '2018-02-06 21:26:04', '2018-02-10 17:14:46', 'requestFeedback', '', 'b51b4bb0-827c-11e7-8a2c-f8cfbeb2ebca', 'FIESTA17SMCDO'), ('55f6daf0-0b84-11e8-8e12-1fb628de57f7', 'b1064660-9398-11e7-9e5f-3733450a79a0', 'Hey team, tell us what customers love about this style.', '55eec4a0-0b84-11e8-bc1b-955d40462a17', 'requestFeedback', '0', '1', '9d7e7d00-6770-11e7-8064-f38bf4767f4b', '2018-02-06 21:26:04', '2018-02-10 17:14:46', 'requestFeedback', '', 'b51b4bb0-827c-11e7-8a2c-f8cfbeb2ebca', 'FIESTA17SMCDO'), ('55f70200-0b84-11e8-9df5-f31e48580e17', '9d11f000-9398-11e7-a45b-71cfa65a584c', 'Hey team, tell us what customers love about this style.', '55eec4a0-0b84-11e8-bc1b-955d40462a17', 'requestFeedback', '0', '1', '9d7e7d00-6770-11e7-8064-f38bf4767f4b', '2018-02-06 21:26:04', '2018-02-10 17:14:46', 'requestFeedback', '', 'b51b4bb0-827c-11e7-8a2c-f8cfbeb2ebca', 'FIESTA17SMCDO'), ('55f72910-0b84-11e8-854c-cc4ecf312f1f', '804b73b0-9398-11e7-803d-e1af73884cbb', 'Hey team, tell us what customers love about this style.', '55eec4a0-0b84-11e8-bc1b-955d40462a17', 'requestFeedback', '0', '1', '9d7e7d00-6770-11e7-8064-f38bf4767f4b', '2018-02-06 21:26:04', '2018-02-10 17:14:46', 'requestFeedback', '', 'b51b4bb0-827c-11e7-8a2c-f8cfbeb2ebca', 'FIESTA17SMCDO'), ('55f77730-0b84-11e8-95ba-7626a4241469', 'f8e436a0-9397-11e7-8b95-9a063eb9161f', 'Hey team, tell us what customers love about this style.', '55eec4a0-0b84-11e8-bc1b-955d40462a17', 'requestFeedback', '0', '1', '9d7e7d00-6770-11e7-8064-f38bf4767f4b', '2018-02-06 21:26:04', '2018-02-10 17:14:46', 'requestFeedback', '', 'b51b4bb0-827c-11e7-8a2c-f8cfbeb2ebca', 'FIESTA17SMCDO'), ('55f79e40-0b84-11e8-8038-443f3e60abc0', '65cae530-9397-11e7-81c4-179927a43dde', 'Hey team, tell us what customers love about this style.', '55eec4a0-0b84-11e8-bc1b-955d40462a17', 'requestFeedback', '0', '1', '9d7e7d00-6770-11e7-8064-f38bf4767f4b', '2018-02-06 21:26:04', '2018-02-10 17:14:46', 'requestFeedback', '', 'b51b4bb0-827c-11e7-8a2c-f8cfbeb2ebca', 'FIESTA17SMCDO'), ('55f7c550-0b84-11e8-9304-d170aa036f88', '3ceba370-9397-11e7-8e9b-d7570b7c3f97', 'Hey team, tell us what customers love about this style.', '55eec4a0-0b84-11e8-bc1b-955d40462a17', 'requestFeedback', '0', '1', '9d7e7d00-6770-11e7-8064-f38bf4767f4b', '2018-02-06 21:26:04', '2018-02-10 17:14:46', 'requestFeedback', '', 'b51b4bb0-827c-11e7-8a2c-f8cfbeb2ebca', 'FIESTA17SMCDO'), ('55f7c551-0b84-11e8-82fd-a256cd1ae77d', '20afd060-9396-11e7-ab5d-b795e7ba6e35', 'Hey team, tell us what customers love about this style.', '55eec4a0-0b84-11e8-bc1b-955d40462a17', 'requestFeedback', '0', '1', '9d7e7d00-6770-11e7-8064-f38bf4767f4b', '2018-02-06 21:26:04', '2018-02-10 17:14:46', 'requestFeedback', '', 'b51b4bb0-827c-11e7-8a2c-f8cfbeb2ebca', 'FIESTA17SMCDO'), ('55f7ec60-0b84-11e8-944e-a3dc591e3407', '0df4e460-9396-11e7-91d7-dd5dae17bad9', 'Hey team, tell us what customers love about this style.', '55eec4a0-0b84-11e8-bc1b-955d40462a17', 'requestFeedback', '0', '1', '9d7e7d00-6770-11e7-8064-f38bf4767f4b', '2018-02-06 21:26:04', '2018-02-10 17:14:46', 'requestFeedback', '', 'b51b4bb0-827c-11e7-8a2c-f8cfbeb2ebca', 'FIESTA17SMCDO'), ('55f8afb0-0b84-11e8-942d-bd8819622010', 'ef01c410-9395-11e7-97d8-79c618a4276e', 'Hey team, tell us what customers love about this style.', '55eec4a0-0b84-11e8-bc1b-955d40462a17', 'requestFeedback', '0', '1', '9d7e7d00-6770-11e7-8064-f38bf4767f4b', '2018-02-06 21:26:04', '2018-02-10 17:14:46', 'requestFeedback', '', 'b51b4bb0-827c-11e7-8a2c-f8cfbeb2ebca', 'FIESTA17SMCDO'), ('5e593180-f71f-11e7-8c89-f5245ad1bf83', '4c8256f0-9395-11e7-89a6-88568af3c30e', '', '3d72ccb0-f71f-11e7-b7dc-b32259dbe576', 'exemptionForRequest', '0', '1', '181a0540-9398-11e7-b2f0-cfaf4e888818', '2018-01-11 22:32:55', '2018-01-12 01:27:10', 'requestFeedback', '', 'd5cfce40-9397-11e7-b3b4-d217ca389f53', 'MAXWELL17SSULO'), ('5fa19b90-f715-11e7-a91e-74b653b27254', '181a0540-9398-11e7-b2f0-cfaf4e888818', '', '4c111010-f715-11e7-9069-81009a5e1cef', 'liked', '1', '1', 'f8e436a0-9397-11e7-8b95-9a063eb9161f', '2018-01-11 21:21:22', '2018-04-17 02:36:43', 'feedback', '', 'd5cfce40-9397-11e7-b3b4-d217ca389f53', 'BRANDON CANVAS M'), ('62079860-441f-11e8-b4fa-3e6da631d0d8', '0df4e460-9396-11e7-91d7-dd5dae17bad9', '', '7d6b4a00-4417-11e8-b15b-d66c30841deb', 'liked', '0', '1', '37f65470-9395-11e7-aef2-d79ace5f7884', '2018-04-19 22:17:01', '2018-04-19 22:17:10', 'feedback', '', 'b51b4bb0-827c-11e7-8a2c-f8cfbeb2ebca', 'DADO17SMCDO'), ('62613e10-322c-11e8-a72a-1f1f436a37df', '0df4e460-9396-11e7-91d7-dd5dae17bad9', '', 'f7654aa0-2e1d-11e8-9ce7-093af2865eac', 'thank', '0', '0', '37f65470-9395-11e7-aef2-d79ace5f7884', '2018-03-28 02:04:44', '2018-03-28 02:04:44', 'feedback', '', 'b51b4bb0-827c-11e7-8a2c-f8cfbeb2ebca', 'BRANDON CANVAS M'), ('6262ebc0-322c-11e8-b30b-f404e3ab5a70', '0df4e460-9396-11e7-91d7-dd5dae17bad9', '', 'f7654aa0-2e1d-11e8-9ce7-093af2865eac', 'liked', '0', '0', '37f65470-9395-11e7-aef2-d79ace5f7884', '2018-03-28 02:04:44', '2018-03-28 02:04:44', 'feedback', '', 'b51b4bb0-827c-11e7-8a2c-f8cfbeb2ebca', 'BRANDON CANVAS M'), ('6271ab80-f715-11e7-91ce-621665cdd8dc', '65cae530-9397-11e7-81c4-179927a43dde', '', 'dee7c6c0-f6b3-11e7-bae9-5081e0ce0e64', 'liked', '0', '0', 'f8e436a0-9397-11e7-8b95-9a063eb9161f', '2018-01-11 21:21:27', '2018-01-11 21:21:27', 'feedback', '', 'd5cfce40-9397-11e7-b3b4-d217ca389f53', 'DADO17SMCDO'), ('63ac95d0-441f-11e8-ae6f-46a498937635', '0df4e460-9396-11e7-91d7-dd5dae17bad9', '', '44aa53f0-4417-11e8-9f9f-b7053836f77d', 'thank', '0', '0', '37f65470-9395-11e7-aef2-d79ace5f7884', '2018-04-19 22:17:04', '2018-04-19 22:17:04', 'feedback', '', 'b51b4bb0-827c-11e7-8a2c-f8cfbeb2ebca', 'LUCILLE17SSGOO');
INSERT INTO `notifications` VALUES ('662463f0-fc9f-11e7-80c2-4be14f773ba5', 'f8e436a0-9397-11e7-8b95-9a063eb9161f', '<img src=\"http://res.cloudinary.com/dydvkbtsu/image/upload/v1516314719/demo.seekstock.nz/hzdhiy0x2a7y7z8boght.png\"/>', 'ac37cd60-fc9e-11e7-aa09-7cea2e9cc173', 'commented', '1', '1', '37f65470-9395-11e7-aef2-d79ace5f7884', '2018-01-18 22:32:00', '2018-03-06 00:38:05', 'suggestion', '66224110-fc9f-11e7-9672-e2e1e9388031', 'b51b4bb0-827c-11e7-8a2c-f8cfbeb2ebca', ''), ('6641e6b0-441f-11e8-a889-a92a7dffdb4a', '0df4e460-9396-11e7-91d7-dd5dae17bad9', '', '217bd3e0-4417-11e8-a8de-3ff2df6ea9e9', 'thank', '0', '0', '37f65470-9395-11e7-aef2-d79ace5f7884', '2018-04-19 22:17:08', '2018-04-19 22:17:08', 'feedback', '', 'b51b4bb0-827c-11e7-8a2c-f8cfbeb2ebca', 'FIESTA17SMCDO'), ('67ae0080-f715-11e7-995d-e6389ece567f', 'ef01c410-9395-11e7-97d8-79c618a4276e', '', 'e6ffb150-f69b-11e7-982e-9ba60bc65af6', 'liked', '0', '0', 'f8e436a0-9397-11e7-8b95-9a063eb9161f', '2018-01-11 21:21:36', '2018-01-11 21:21:36', 'feedback', '', 'd5cfce40-9397-11e7-b3b4-d217ca389f53', 'ARIA W'), ('67e843b0-441f-11e8-82c3-deebf82dfaa1', '0df4e460-9396-11e7-91d7-dd5dae17bad9', '', '7d6b4a00-4417-11e8-b15b-d66c30841deb', 'thank', '0', '0', '37f65470-9395-11e7-aef2-d79ace5f7884', '2018-04-19 22:17:11', '2018-04-19 22:17:11', 'feedback', '', 'b51b4bb0-827c-11e7-8a2c-f8cfbeb2ebca', 'DADO17SMCDO'), ('70735160-20e7-11e8-9fc6-8617a34eab58', '68270f90-9395-11e7-a3f0-daa7744d684d', '', '-1', 'responseForRequest', '0', '0', 'ef01c410-9395-11e7-97d8-79c618a4276e', '2018-03-06 02:38:23', '2018-03-06 02:38:23', 'feedback', '', 'dd9f1510-9395-11e7-983e-aace4d7d4c3b', 'FIESTA17SMCDO'), ('71e04050-1c30-11e8-ad44-2f01534b3b53', '65cae530-9397-11e7-81c4-179927a43dde', 'Hey team, please tell us what customer have been saying about Rosanne', '71dbac70-1c30-11e8-a87b-3cf325d9db52', 'requestFeedback', '0', '1', '9d7e7d00-6770-11e7-8064-f38bf4767f4b', '2018-02-28 02:38:22', '2018-03-03 17:44:04', 'requestFeedback', '', 'b51b4bb0-827c-11e7-8a2c-f8cfbeb2ebca', 'ROSANNE W'), ('71e08e70-1c30-11e8-a438-e193e5b13d37', '3ceba370-9397-11e7-8e9b-d7570b7c3f97', 'Hey team, please tell us what customer have been saying about Rosanne', '71dbac70-1c30-11e8-a87b-3cf325d9db52', 'requestFeedback', '0', '1', '9d7e7d00-6770-11e7-8064-f38bf4767f4b', '2018-02-28 02:38:22', '2018-03-03 17:44:04', 'requestFeedback', '', 'b51b4bb0-827c-11e7-8a2c-f8cfbeb2ebca', 'ROSANNE W'), ('71e08e71-1c30-11e8-9498-39f421ef9183', 'b1064660-9398-11e7-9e5f-3733450a79a0', 'Hey team, please tell us what customer have been saying about Rosanne', '71dbac70-1c30-11e8-a87b-3cf325d9db52', 'requestFeedback', '0', '1', '9d7e7d00-6770-11e7-8064-f38bf4767f4b', '2018-02-28 02:38:22', '2018-03-03 17:44:04', 'requestFeedback', '', 'b51b4bb0-827c-11e7-8a2c-f8cfbeb2ebca', 'ROSANNE W'), ('71e0b580-1c30-11e8-9d68-955079511492', '9d11f000-9398-11e7-a45b-71cfa65a584c', 'Hey team, please tell us what customer have been saying about Rosanne', '71dbac70-1c30-11e8-a87b-3cf325d9db52', 'requestFeedback', '0', '1', '9d7e7d00-6770-11e7-8064-f38bf4767f4b', '2018-02-28 02:38:22', '2018-03-03 17:44:04', 'requestFeedback', '', 'b51b4bb0-827c-11e7-8a2c-f8cfbeb2ebca', 'ROSANNE W'), ('71e0dc90-1c30-11e8-9558-41a91c218d85', '804b73b0-9398-11e7-803d-e1af73884cbb', 'Hey team, please tell us what customer have been saying about Rosanne', '71dbac70-1c30-11e8-a87b-3cf325d9db52', 'requestFeedback', '0', '1', '9d7e7d00-6770-11e7-8064-f38bf4767f4b', '2018-02-28 02:38:22', '2018-03-03 17:44:04', 'requestFeedback', '', 'b51b4bb0-827c-11e7-8a2c-f8cfbeb2ebca', 'ROSANNE W'), ('71e0dc91-1c30-11e8-b4eb-d00efbf33aba', '9006c060-aed8-11e7-b843-f517d2abf12a', 'Hey team, please tell us what customer have been saying about Rosanne', '71dbac70-1c30-11e8-a87b-3cf325d9db52', 'requestFeedback', '0', '1', '9d7e7d00-6770-11e7-8064-f38bf4767f4b', '2018-02-28 02:38:22', '2018-03-03 17:44:04', 'requestFeedback', '', 'b51b4bb0-827c-11e7-8a2c-f8cfbeb2ebca', 'ROSANNE W'), ('71e12ab0-1c30-11e8-8991-45375250addf', '20afd060-9396-11e7-ab5d-b795e7ba6e35', 'Hey team, please tell us what customer have been saying about Rosanne', '71dbac70-1c30-11e8-a87b-3cf325d9db52', 'requestFeedback', '0', '1', '9d7e7d00-6770-11e7-8064-f38bf4767f4b', '2018-02-28 02:38:22', '2018-03-03 17:44:04', 'requestFeedback', '', 'b51b4bb0-827c-11e7-8a2c-f8cfbeb2ebca', 'ROSANNE W'), ('71e12ab1-1c30-11e8-90a5-fca47795035d', '0df4e460-9396-11e7-91d7-dd5dae17bad9', 'Hey team, please tell us what customer have been saying about Rosanne', '71dbac70-1c30-11e8-a87b-3cf325d9db52', 'requestFeedback', '0', '1', '9d7e7d00-6770-11e7-8064-f38bf4767f4b', '2018-02-28 02:38:22', '2018-03-03 17:44:04', 'requestFeedback', '', 'b51b4bb0-827c-11e7-8a2c-f8cfbeb2ebca', 'ROSANNE W'), ('71e151c0-1c30-11e8-b757-364b8cf474be', 'ef01c410-9395-11e7-97d8-79c618a4276e', 'Hey team, please tell us what customer have been saying about Rosanne', '71dbac70-1c30-11e8-a87b-3cf325d9db52', 'requestFeedback', '0', '1', '9d7e7d00-6770-11e7-8064-f38bf4767f4b', '2018-02-28 02:38:22', '2018-03-03 17:44:04', 'requestFeedback', '', 'b51b4bb0-827c-11e7-8a2c-f8cfbeb2ebca', 'ROSANNE W'), ('71e178d0-1c30-11e8-8fdd-9eba661ae719', '69744160-a17d-11e7-b8fe-e0d8bb2f474c', 'Hey team, please tell us what customer have been saying about Rosanne', '71dbac70-1c30-11e8-a87b-3cf325d9db52', 'requestFeedback', '0', '1', '9d7e7d00-6770-11e7-8064-f38bf4767f4b', '2018-02-28 02:38:22', '2018-03-03 17:44:04', 'requestFeedback', '', 'b51b4bb0-827c-11e7-8a2c-f8cfbeb2ebca', 'ROSANNE W'), ('77fb8560-0931-11e8-a324-3c4512c1f849', '181a0540-9398-11e7-b2f0-cfaf4e888818', '', 'd4f76880-f714-11e7-9bc2-a92b2f352dd2', 'liked', '0', '0', '9d7e7d00-6770-11e7-8064-f38bf4767f4b', '2018-02-03 22:27:50', '2018-02-03 22:27:50', 'feedback', '', 'b51b4bb0-827c-11e7-8a2c-f8cfbeb2ebca', 'ARIA W'), ('797b95b0-0931-11e8-a706-8ad160a9a201', '181a0540-9398-11e7-b2f0-cfaf4e888818', '', 'd4f76880-f714-11e7-9bc2-a92b2f352dd2', 'thank', '0', '0', '9d7e7d00-6770-11e7-8064-f38bf4767f4b', '2018-02-03 22:27:53', '2018-02-03 22:27:53', 'feedback', '', 'b51b4bb0-827c-11e7-8a2c-f8cfbeb2ebca', 'ARIA W'), ('7d0eb220-20d8-11e8-9273-68573cd73819', '65cae530-9397-11e7-81c4-179927a43dde', 'Hi team, customers have responded well to this style, can you please tell us why? Thanks. :) ', '7d098200-20d8-11e8-b9c7-6e081a7fa869', 'requestFeedback', '0', '1', '68270f90-9395-11e7-a3f0-daa7744d684d', '2018-03-06 00:51:21', '2018-03-09 17:37:35', 'requestFeedback', '', 'b51b4bb0-827c-11e7-8a2c-f8cfbeb2ebca', 'FIESTA17SMCDO'), ('7d0ed930-20d8-11e8-8ffd-e40dd3f91823', '3ceba370-9397-11e7-8e9b-d7570b7c3f97', 'Hi team, customers have responded well to this style, can you please tell us why? Thanks. :) ', '7d098200-20d8-11e8-b9c7-6e081a7fa869', 'requestFeedback', '0', '1', '68270f90-9395-11e7-a3f0-daa7744d684d', '2018-03-06 00:51:21', '2018-03-09 17:37:35', 'requestFeedback', '', 'b51b4bb0-827c-11e7-8a2c-f8cfbeb2ebca', 'FIESTA17SMCDO'), ('7d0f0040-20d8-11e8-9ee0-87673a282cc4', 'b1064660-9398-11e7-9e5f-3733450a79a0', 'Hi team, customers have responded well to this style, can you please tell us why? Thanks. :) ', '7d098200-20d8-11e8-b9c7-6e081a7fa869', 'requestFeedback', '0', '1', '68270f90-9395-11e7-a3f0-daa7744d684d', '2018-03-06 00:51:21', '2018-03-09 17:37:35', 'requestFeedback', '', 'b51b4bb0-827c-11e7-8a2c-f8cfbeb2ebca', 'FIESTA17SMCDO'), ('7d0f4e60-20d8-11e8-9d9d-fc89159c352b', '9d11f000-9398-11e7-a45b-71cfa65a584c', 'Hi team, customers have responded well to this style, can you please tell us why? Thanks. :) ', '7d098200-20d8-11e8-b9c7-6e081a7fa869', 'requestFeedback', '0', '1', '68270f90-9395-11e7-a3f0-daa7744d684d', '2018-03-06 00:51:21', '2018-03-09 17:37:35', 'requestFeedback', '', 'b51b4bb0-827c-11e7-8a2c-f8cfbeb2ebca', 'FIESTA17SMCDO'), ('7d0f7570-20d8-11e8-94fc-f893caf9ffdb', '804b73b0-9398-11e7-803d-e1af73884cbb', 'Hi team, customers have responded well to this style, can you please tell us why? Thanks. :) ', '7d098200-20d8-11e8-b9c7-6e081a7fa869', 'requestFeedback', '0', '1', '68270f90-9395-11e7-a3f0-daa7744d684d', '2018-03-06 00:51:21', '2018-03-09 17:37:35', 'requestFeedback', '', 'b51b4bb0-827c-11e7-8a2c-f8cfbeb2ebca', 'FIESTA17SMCDO'), ('7d0f9c80-20d8-11e8-a100-aa2d7730e0d3', '9006c060-aed8-11e7-b843-f517d2abf12a', 'Hi team, customers have responded well to this style, can you please tell us why? Thanks. :) ', '7d098200-20d8-11e8-b9c7-6e081a7fa869', 'requestFeedback', '0', '1', '68270f90-9395-11e7-a3f0-daa7744d684d', '2018-03-06 00:51:21', '2018-03-09 17:37:35', 'requestFeedback', '', 'b51b4bb0-827c-11e7-8a2c-f8cfbeb2ebca', 'FIESTA17SMCDO'), ('7d0feaa0-20d8-11e8-bca9-c89c16016014', '20afd060-9396-11e7-ab5d-b795e7ba6e35', 'Hi team, customers have responded well to this style, can you please tell us why? Thanks. :) ', '7d098200-20d8-11e8-b9c7-6e081a7fa869', 'requestFeedback', '0', '1', '68270f90-9395-11e7-a3f0-daa7744d684d', '2018-03-06 00:51:21', '2018-03-09 17:37:35', 'requestFeedback', '', 'b51b4bb0-827c-11e7-8a2c-f8cfbeb2ebca', 'FIESTA17SMCDO'), ('7d1011b0-20d8-11e8-a70d-10bf33a1d863', '0df4e460-9396-11e7-91d7-dd5dae17bad9', 'Hi team, customers have responded well to this style, can you please tell us why? Thanks. :) ', '7d098200-20d8-11e8-b9c7-6e081a7fa869', 'requestFeedback', '0', '1', '68270f90-9395-11e7-a3f0-daa7744d684d', '2018-03-06 00:51:21', '2018-03-09 17:37:35', 'requestFeedback', '', 'b51b4bb0-827c-11e7-8a2c-f8cfbeb2ebca', 'FIESTA17SMCDO'), ('7d1038c0-20d8-11e8-b1f9-86fbffa4357f', 'ef01c410-9395-11e7-97d8-79c618a4276e', 'Hi team, customers have responded well to this style, can you please tell us why? Thanks. :) ', '7d098200-20d8-11e8-b9c7-6e081a7fa869', 'requestFeedback', '0', '1', '68270f90-9395-11e7-a3f0-daa7744d684d', '2018-03-06 00:51:21', '2018-03-09 17:37:35', 'requestFeedback', '', 'b51b4bb0-827c-11e7-8a2c-f8cfbeb2ebca', 'FIESTA17SMCDO'), ('7d10fc10-20d8-11e8-a32f-9cdced3b236e', '69744160-a17d-11e7-b8fe-e0d8bb2f474c', 'Hi team, customers have responded well to this style, can you please tell us why? Thanks. :) ', '7d098200-20d8-11e8-b9c7-6e081a7fa869', 'requestFeedback', '0', '1', '68270f90-9395-11e7-a3f0-daa7744d684d', '2018-03-06 00:51:21', '2018-03-09 17:37:35', 'requestFeedback', '', 'b51b4bb0-827c-11e7-8a2c-f8cfbeb2ebca', 'FIESTA17SMCDO'), ('7e1ddbb0-2e1f-11e8-ae64-afe7877f5c51', '65cae530-9397-11e7-81c4-179927a43dde', 'Hi team, please tell us what customers love about this style. ', '7e18f9b0-2e1f-11e8-820d-b47eea269ef5', 'requestFeedback', '0', '1', '68270f90-9395-11e7-a3f0-daa7744d684d', '2018-03-22 22:22:22', '2018-03-26 17:36:40', 'requestFeedback', '', 'b51b4bb0-827c-11e7-8a2c-f8cfbeb2ebca', 'BRANDON CANVAS M'), ('7e1e02c0-2e1f-11e8-9208-fdd2a9429ce8', '3ceba370-9397-11e7-8e9b-d7570b7c3f97', 'Hi team, please tell us what customers love about this style. ', '7e18f9b0-2e1f-11e8-820d-b47eea269ef5', 'requestFeedback', '0', '1', '68270f90-9395-11e7-a3f0-daa7744d684d', '2018-03-22 22:22:22', '2018-03-26 17:36:40', 'requestFeedback', '', 'b51b4bb0-827c-11e7-8a2c-f8cfbeb2ebca', 'BRANDON CANVAS M'), ('7e1e29d0-2e1f-11e8-9281-1bdf5a8167ae', 'b1064660-9398-11e7-9e5f-3733450a79a0', 'Hi team, please tell us what customers love about this style. ', '7e18f9b0-2e1f-11e8-820d-b47eea269ef5', 'requestFeedback', '0', '1', '68270f90-9395-11e7-a3f0-daa7744d684d', '2018-03-22 22:22:22', '2018-03-26 17:36:40', 'requestFeedback', '', 'b51b4bb0-827c-11e7-8a2c-f8cfbeb2ebca', 'BRANDON CANVAS M'), ('7e1e50e0-2e1f-11e8-a484-8f8427642213', '9d11f000-9398-11e7-a45b-71cfa65a584c', 'Hi team, please tell us what customers love about this style. ', '7e18f9b0-2e1f-11e8-820d-b47eea269ef5', 'requestFeedback', '0', '1', '68270f90-9395-11e7-a3f0-daa7744d684d', '2018-03-22 22:22:22', '2018-03-26 17:36:40', 'requestFeedback', '', 'b51b4bb0-827c-11e7-8a2c-f8cfbeb2ebca', 'BRANDON CANVAS M'), ('7e1e9f00-2e1f-11e8-8ba2-0e079bd203da', '804b73b0-9398-11e7-803d-e1af73884cbb', 'Hi team, please tell us what customers love about this style. ', '7e18f9b0-2e1f-11e8-820d-b47eea269ef5', 'requestFeedback', '0', '1', '68270f90-9395-11e7-a3f0-daa7744d684d', '2018-03-22 22:22:22', '2018-03-26 17:36:40', 'requestFeedback', '', 'b51b4bb0-827c-11e7-8a2c-f8cfbeb2ebca', 'BRANDON CANVAS M'), ('7e1ec610-2e1f-11e8-a9f8-8807ee6acb06', '9006c060-aed8-11e7-b843-f517d2abf12a', 'Hi team, please tell us what customers love about this style. ', '7e18f9b0-2e1f-11e8-820d-b47eea269ef5', 'requestFeedback', '0', '1', '68270f90-9395-11e7-a3f0-daa7744d684d', '2018-03-22 22:22:22', '2018-03-26 17:36:40', 'requestFeedback', '', 'b51b4bb0-827c-11e7-8a2c-f8cfbeb2ebca', 'BRANDON CANVAS M'), ('7e1fd780-2e1f-11e8-8279-fcdeac56c473', '20afd060-9396-11e7-ab5d-b795e7ba6e35', 'Hi team, please tell us what customers love about this style. ', '7e18f9b0-2e1f-11e8-820d-b47eea269ef5', 'requestFeedback', '0', '1', '68270f90-9395-11e7-a3f0-daa7744d684d', '2018-03-22 22:22:22', '2018-03-26 17:36:40', 'requestFeedback', '', 'b51b4bb0-827c-11e7-8a2c-f8cfbeb2ebca', 'BRANDON CANVAS M'), ('7e1ffe90-2e1f-11e8-92c4-178118fefa1d', '0df4e460-9396-11e7-91d7-dd5dae17bad9', 'Hi team, please tell us what customers love about this style. ', '7e18f9b0-2e1f-11e8-820d-b47eea269ef5', 'requestFeedback', '0', '1', '68270f90-9395-11e7-a3f0-daa7744d684d', '2018-03-22 22:22:22', '2018-03-26 17:36:40', 'requestFeedback', '', 'b51b4bb0-827c-11e7-8a2c-f8cfbeb2ebca', 'BRANDON CANVAS M'), ('7e2025a0-2e1f-11e8-a385-e97002b7c6d9', 'ef01c410-9395-11e7-97d8-79c618a4276e', 'Hi team, please tell us what customers love about this style. ', '7e18f9b0-2e1f-11e8-820d-b47eea269ef5', 'requestFeedback', '0', '1', '68270f90-9395-11e7-a3f0-daa7744d684d', '2018-03-22 22:22:22', '2018-03-26 17:36:40', 'requestFeedback', '', 'b51b4bb0-827c-11e7-8a2c-f8cfbeb2ebca', 'BRANDON CANVAS M'), ('7e2073c0-2e1f-11e8-a49a-bf9da293ef95', '69744160-a17d-11e7-b8fe-e0d8bb2f474c', 'Hi team, please tell us what customers love about this style. ', '7e18f9b0-2e1f-11e8-820d-b47eea269ef5', 'requestFeedback', '0', '1', '68270f90-9395-11e7-a3f0-daa7744d684d', '2018-03-22 22:22:22', '2018-03-26 17:36:40', 'requestFeedback', '', 'b51b4bb0-827c-11e7-8a2c-f8cfbeb2ebca', 'BRANDON CANVAS M'), ('8513f120-f715-11e7-9fec-65d869cc7074', '181a0540-9398-11e7-b2f0-cfaf4e888818', '', '4c111010-f715-11e7-9069-81009a5e1cef', 'liked', '0', '1', '65cae530-9397-11e7-81c4-179927a43dde', '2018-01-11 21:22:25', '2018-01-11 21:22:34', 'feedback', '', '224288e0-9397-11e7-839d-a0ba6612daa5', 'BRANDON CANVAS M'), ('8da5d4c0-0d45-11e8-a627-18738d2dcfd8', '9006c060-aed8-11e7-b843-f517d2abf12a', 'Test duration', '8da20430-0d45-11e8-964b-11fb5fc2aad5', 'requestFeedback', '0', '1', '9d7e7d00-6770-11e7-8064-f38bf4767f4b', '2018-02-09 03:01:41', '2018-02-14 17:14:48', 'requestFeedback', '', 'b51b4bb0-827c-11e7-8a2c-f8cfbeb2ebca', 'ROSANNE W'), ('8da5fbd0-0d45-11e8-9433-782f13ee15d8', '3dce5160-a4a5-11e7-9e3a-ce5eedc867a1', 'Test duration', '8da20430-0d45-11e8-964b-11fb5fc2aad5', 'requestFeedback', '0', '1', '9d7e7d00-6770-11e7-8064-f38bf4767f4b', '2018-02-09 03:01:41', '2018-02-14 17:14:48', 'requestFeedback', '', 'b51b4bb0-827c-11e7-8a2c-f8cfbeb2ebca', 'ROSANNE W'), ('8da622e0-0d45-11e8-8a89-894e1d6213f6', 'd1892c40-a4a0-11e7-bcac-2df719bae2be', 'Test duration', '8da20430-0d45-11e8-964b-11fb5fc2aad5', 'requestFeedback', '0', '1', '9d7e7d00-6770-11e7-8064-f38bf4767f4b', '2018-02-09 03:01:41', '2018-02-14 17:14:48', 'requestFeedback', '', 'b51b4bb0-827c-11e7-8a2c-f8cfbeb2ebca', 'ROSANNE W'), ('8da649f0-0d45-11e8-98c3-2fdf51f9eed3', 'dc050330-a232-11e7-8e3f-ec57ae8d2f97', 'Test duration', '8da20430-0d45-11e8-964b-11fb5fc2aad5', 'requestFeedback', '0', '1', '9d7e7d00-6770-11e7-8064-f38bf4767f4b', '2018-02-09 03:01:41', '2018-02-14 17:14:48', 'requestFeedback', '', 'b51b4bb0-827c-11e7-8a2c-f8cfbeb2ebca', 'ROSANNE W'), ('8da67100-0d45-11e8-bcb4-ff8375690660', '69744160-a17d-11e7-b8fe-e0d8bb2f474c', 'Test duration', '8da20430-0d45-11e8-964b-11fb5fc2aad5', 'requestFeedback', '0', '1', '9d7e7d00-6770-11e7-8064-f38bf4767f4b', '2018-02-09 03:01:41', '2018-02-14 17:14:48', 'requestFeedback', '', 'b51b4bb0-827c-11e7-8a2c-f8cfbeb2ebca', 'ROSANNE W'), ('8da69810-0d45-11e8-a37d-c2284655e1db', '7389a3f0-a044-11e7-84ec-2b92e5acf41d', 'Test duration', '8da20430-0d45-11e8-964b-11fb5fc2aad5', 'requestFeedback', '0', '1', '9d7e7d00-6770-11e7-8064-f38bf4767f4b', '2018-02-09 03:01:41', '2018-02-14 17:14:48', 'requestFeedback', '', 'b51b4bb0-827c-11e7-8a2c-f8cfbeb2ebca', 'ROSANNE W'), ('8da6bf20-0d45-11e8-91b8-a2c1afd873a6', 'ef5293a0-a000-11e7-a0cd-9d131b07cd33', 'Test duration', '8da20430-0d45-11e8-964b-11fb5fc2aad5', 'requestFeedback', '0', '1', '9d7e7d00-6770-11e7-8064-f38bf4767f4b', '2018-02-09 03:01:41', '2018-02-14 17:14:48', 'requestFeedback', '', 'b51b4bb0-827c-11e7-8a2c-f8cfbeb2ebca', 'ROSANNE W'), ('8da70d40-0d45-11e8-aa16-2e8f97776734', 'b8112e20-9fff-11e7-a4eb-73e48f1bde05', 'Test duration', '8da20430-0d45-11e8-964b-11fb5fc2aad5', 'requestFeedback', '0', '1', '9d7e7d00-6770-11e7-8064-f38bf4767f4b', '2018-02-09 03:01:41', '2018-02-14 17:14:48', 'requestFeedback', '', 'b51b4bb0-827c-11e7-8a2c-f8cfbeb2ebca', 'ROSANNE W'), ('8da73450-0d45-11e8-85fd-1105ae9b00b4', '181a0540-9398-11e7-b2f0-cfaf4e888818', 'Test duration', '8da20430-0d45-11e8-964b-11fb5fc2aad5', 'requestFeedback', '0', '1', '9d7e7d00-6770-11e7-8064-f38bf4767f4b', '2018-02-09 03:01:41', '2018-02-14 17:14:48', 'requestFeedback', '', 'b51b4bb0-827c-11e7-8a2c-f8cfbeb2ebca', 'ROSANNE W'), ('8da75b60-0d45-11e8-a844-0c87952f86a0', 'd437bbd0-9f4d-11e7-a658-1384ca7bc941', 'Test duration', '8da20430-0d45-11e8-964b-11fb5fc2aad5', 'requestFeedback', '0', '1', '9d7e7d00-6770-11e7-8064-f38bf4767f4b', '2018-02-09 03:01:41', '2018-02-14 17:14:48', 'requestFeedback', '', 'b51b4bb0-827c-11e7-8a2c-f8cfbeb2ebca', 'ROSANNE W'), ('8da78270-0d45-11e8-8958-d56c1125b7ad', 'aa695f20-9f4d-11e7-b5dc-03da657c9c87', 'Test duration', '8da20430-0d45-11e8-964b-11fb5fc2aad5', 'requestFeedback', '0', '1', '9d7e7d00-6770-11e7-8064-f38bf4767f4b', '2018-02-09 03:01:41', '2018-02-14 17:14:48', 'requestFeedback', '', 'b51b4bb0-827c-11e7-8a2c-f8cfbeb2ebca', 'ROSANNE W'), ('8da7a980-0d45-11e8-82c8-63f20c9ce4f2', '889b75f0-9f4c-11e7-9b4f-2e9ec46159d9', 'Test duration', '8da20430-0d45-11e8-964b-11fb5fc2aad5', 'requestFeedback', '0', '1', '9d7e7d00-6770-11e7-8064-f38bf4767f4b', '2018-02-09 03:01:41', '2018-02-14 17:14:48', 'requestFeedback', '', 'b51b4bb0-827c-11e7-8a2c-f8cfbeb2ebca', 'ROSANNE W'), ('8da7d090-0d45-11e8-b65d-64b8a09d68ed', '4fb38510-9e8a-11e7-a1c7-b577361dd49f', 'Test duration', '8da20430-0d45-11e8-964b-11fb5fc2aad5', 'requestFeedback', '0', '1', '9d7e7d00-6770-11e7-8064-f38bf4767f4b', '2018-02-09 03:01:41', '2018-02-14 17:14:48', 'requestFeedback', '', 'b51b4bb0-827c-11e7-8a2c-f8cfbeb2ebca', 'ROSANNE W'), ('8da7f7a0-0d45-11e8-9da9-f5fc9ad87535', '52f44810-9e51-11e7-af98-6c27d0a4382e', 'Test duration', '8da20430-0d45-11e8-964b-11fb5fc2aad5', 'requestFeedback', '0', '1', '9d7e7d00-6770-11e7-8064-f38bf4767f4b', '2018-02-09 03:01:41', '2018-02-14 17:14:48', 'requestFeedback', '', 'b51b4bb0-827c-11e7-8a2c-f8cfbeb2ebca', 'ROSANNE W'), ('8da81eb0-0d45-11e8-9354-0c7b831ef8a7', 'b1064660-9398-11e7-9e5f-3733450a79a0', 'Test duration', '8da20430-0d45-11e8-964b-11fb5fc2aad5', 'requestFeedback', '0', '1', '9d7e7d00-6770-11e7-8064-f38bf4767f4b', '2018-02-09 03:01:41', '2018-02-14 17:14:48', 'requestFeedback', '', 'b51b4bb0-827c-11e7-8a2c-f8cfbeb2ebca', 'ROSANNE W'), ('8da845c0-0d45-11e8-91b6-1871acaba714', '9d11f000-9398-11e7-a45b-71cfa65a584c', 'Test duration', '8da20430-0d45-11e8-964b-11fb5fc2aad5', 'requestFeedback', '0', '1', '9d7e7d00-6770-11e7-8064-f38bf4767f4b', '2018-02-09 03:01:41', '2018-02-14 17:14:48', 'requestFeedback', '', 'b51b4bb0-827c-11e7-8a2c-f8cfbeb2ebca', 'ROSANNE W'), ('8da86cd0-0d45-11e8-aa61-279acf6598ec', '804b73b0-9398-11e7-803d-e1af73884cbb', 'Test duration', '8da20430-0d45-11e8-964b-11fb5fc2aad5', 'requestFeedback', '0', '1', '9d7e7d00-6770-11e7-8064-f38bf4767f4b', '2018-02-09 03:01:41', '2018-02-14 17:14:48', 'requestFeedback', '', 'b51b4bb0-827c-11e7-8a2c-f8cfbeb2ebca', 'ROSANNE W'), ('8da893e0-0d45-11e8-831c-44f3d3a1162f', 'f8e436a0-9397-11e7-8b95-9a063eb9161f', 'Test duration', '8da20430-0d45-11e8-964b-11fb5fc2aad5', 'requestFeedback', '0', '1', '9d7e7d00-6770-11e7-8064-f38bf4767f4b', '2018-02-09 03:01:41', '2018-02-14 17:14:48', 'requestFeedback', '', 'b51b4bb0-827c-11e7-8a2c-f8cfbeb2ebca', 'ROSANNE W'), ('8da8baf0-0d45-11e8-bd27-f4ff7d9c51fc', '65cae530-9397-11e7-81c4-179927a43dde', 'Test duration', '8da20430-0d45-11e8-964b-11fb5fc2aad5', 'requestFeedback', '0', '1', '9d7e7d00-6770-11e7-8064-f38bf4767f4b', '2018-02-09 03:01:41', '2018-02-14 17:14:48', 'requestFeedback', '', 'b51b4bb0-827c-11e7-8a2c-f8cfbeb2ebca', 'ROSANNE W'), ('8da8e200-0d45-11e8-b835-54c5c70ecc31', '3ceba370-9397-11e7-8e9b-d7570b7c3f97', 'Test duration', '8da20430-0d45-11e8-964b-11fb5fc2aad5', 'requestFeedback', '0', '1', '9d7e7d00-6770-11e7-8064-f38bf4767f4b', '2018-02-09 03:01:41', '2018-02-14 17:14:48', 'requestFeedback', '', 'b51b4bb0-827c-11e7-8a2c-f8cfbeb2ebca', 'ROSANNE W'), ('8da90910-0d45-11e8-b5b3-7a711ff4af27', '20afd060-9396-11e7-ab5d-b795e7ba6e35', 'Test duration', '8da20430-0d45-11e8-964b-11fb5fc2aad5', 'requestFeedback', '0', '1', '9d7e7d00-6770-11e7-8064-f38bf4767f4b', '2018-02-09 03:01:41', '2018-02-14 17:14:48', 'requestFeedback', '', 'b51b4bb0-827c-11e7-8a2c-f8cfbeb2ebca', 'ROSANNE W'), ('8da93020-0d45-11e8-a20a-17960c6e420b', '0df4e460-9396-11e7-91d7-dd5dae17bad9', 'Test duration', '8da20430-0d45-11e8-964b-11fb5fc2aad5', 'requestFeedback', '0', '1', '9d7e7d00-6770-11e7-8064-f38bf4767f4b', '2018-02-09 03:01:41', '2018-02-14 17:14:48', 'requestFeedback', '', 'b51b4bb0-827c-11e7-8a2c-f8cfbeb2ebca', 'ROSANNE W'), ('8da95730-0d45-11e8-b713-3972a19a8355', 'ef01c410-9395-11e7-97d8-79c618a4276e', 'Test duration', '8da20430-0d45-11e8-964b-11fb5fc2aad5', 'requestFeedback', '0', '1', '9d7e7d00-6770-11e7-8064-f38bf4767f4b', '2018-02-09 03:01:41', '2018-02-14 17:14:48', 'requestFeedback', '', 'b51b4bb0-827c-11e7-8a2c-f8cfbeb2ebca', 'ROSANNE W'), ('9688d190-f6b2-11e7-8216-510e5df5daf2', '9006c060-aed8-11e7-b843-f517d2abf12a', 'This Dado hasn\'t sold to expectation. Please tell us more about what customers have been saying and why they haven\'t been picking it up/buying it. Thanks', '968268f0-f6b2-11e7-b239-9dace4f3edd0', 'requestFeedback', '0', '1', '8a402800-9395-11e7-9b19-0c3ab4078e1e', '2018-01-11 09:34:14', '2018-01-11 09:41:15', 'requestFeedback', '', 'b51b4bb0-827c-11e7-8a2c-f8cfbeb2ebca', 'DADO17SMCDO'), ('96891fb0-f6b2-11e7-98fe-ca37cf01f817', '3dce5160-a4a5-11e7-9e3a-ce5eedc867a1', 'This Dado hasn\'t sold to expectation. Please tell us more about what customers have been saying and why they haven\'t been picking it up/buying it. Thanks', '968268f0-f6b2-11e7-b239-9dace4f3edd0', 'requestFeedback', '0', '1', '8a402800-9395-11e7-9b19-0c3ab4078e1e', '2018-01-11 09:34:14', '2018-01-11 09:41:15', 'requestFeedback', '', 'b51b4bb0-827c-11e7-8a2c-f8cfbeb2ebca', 'DADO17SMCDO'), ('96896dd0-f6b2-11e7-98af-db8b7d01ee3a', 'd1892c40-a4a0-11e7-bcac-2df719bae2be', 'This Dado hasn\'t sold to expectation. Please tell us more about what customers have been saying and why they haven\'t been picking it up/buying it. Thanks', '968268f0-f6b2-11e7-b239-9dace4f3edd0', 'requestFeedback', '0', '1', '8a402800-9395-11e7-9b19-0c3ab4078e1e', '2018-01-11 09:34:14', '2018-01-11 09:41:15', 'requestFeedback', '', 'b51b4bb0-827c-11e7-8a2c-f8cfbeb2ebca', 'DADO17SMCDO'), ('96896dd1-f6b2-11e7-9e7a-29a4471f888b', 'dc050330-a232-11e7-8e3f-ec57ae8d2f97', 'This Dado hasn\'t sold to expectation. Please tell us more about what customers have been saying and why they haven\'t been picking it up/buying it. Thanks', '968268f0-f6b2-11e7-b239-9dace4f3edd0', 'requestFeedback', '0', '1', '8a402800-9395-11e7-9b19-0c3ab4078e1e', '2018-01-11 09:34:14', '2018-01-11 09:41:15', 'requestFeedback', '', 'b51b4bb0-827c-11e7-8a2c-f8cfbeb2ebca', 'DADO17SMCDO'), ('968994e0-f6b2-11e7-90cc-7e9a16b684c0', '69744160-a17d-11e7-b8fe-e0d8bb2f474c', 'This Dado hasn\'t sold to expectation. Please tell us more about what customers have been saying and why they haven\'t been picking it up/buying it. Thanks', '968268f0-f6b2-11e7-b239-9dace4f3edd0', 'requestFeedback', '0', '1', '8a402800-9395-11e7-9b19-0c3ab4078e1e', '2018-01-11 09:34:14', '2018-01-11 09:41:15', 'requestFeedback', '', 'b51b4bb0-827c-11e7-8a2c-f8cfbeb2ebca', 'DADO17SMCDO'), ('9689bbf0-f6b2-11e7-92f7-5634b8dc4b45', '7389a3f0-a044-11e7-84ec-2b92e5acf41d', 'This Dado hasn\'t sold to expectation. Please tell us more about what customers have been saying and why they haven\'t been picking it up/buying it. Thanks', '968268f0-f6b2-11e7-b239-9dace4f3edd0', 'requestFeedback', '0', '1', '8a402800-9395-11e7-9b19-0c3ab4078e1e', '2018-01-11 09:34:14', '2018-01-11 09:41:15', 'requestFeedback', '', 'b51b4bb0-827c-11e7-8a2c-f8cfbeb2ebca', 'DADO17SMCDO'), ('968a0a10-f6b2-11e7-aa14-16fad0c98012', 'ef5293a0-a000-11e7-a0cd-9d131b07cd33', 'This Dado hasn\'t sold to expectation. Please tell us more about what customers have been saying and why they haven\'t been picking it up/buying it. Thanks', '968268f0-f6b2-11e7-b239-9dace4f3edd0', 'requestFeedback', '0', '1', '8a402800-9395-11e7-9b19-0c3ab4078e1e', '2018-01-11 09:34:14', '2018-01-11 09:41:15', 'requestFeedback', '', 'b51b4bb0-827c-11e7-8a2c-f8cfbeb2ebca', 'DADO17SMCDO'), ('968a3120-f6b2-11e7-9823-d6f327534a56', 'b8112e20-9fff-11e7-a4eb-73e48f1bde05', 'This Dado hasn\'t sold to expectation. Please tell us more about what customers have been saying and why they haven\'t been picking it up/buying it. Thanks', '968268f0-f6b2-11e7-b239-9dace4f3edd0', 'requestFeedback', '0', '1', '8a402800-9395-11e7-9b19-0c3ab4078e1e', '2018-01-11 09:34:14', '2018-01-11 09:41:15', 'requestFeedback', '', 'b51b4bb0-827c-11e7-8a2c-f8cfbeb2ebca', 'DADO17SMCDO'), ('968a3121-f6b2-11e7-800d-1fe8b7b10059', '181a0540-9398-11e7-b2f0-cfaf4e888818', 'This Dado hasn\'t sold to expectation. Please tell us more about what customers have been saying and why they haven\'t been picking it up/buying it. Thanks', '968268f0-f6b2-11e7-b239-9dace4f3edd0', 'requestFeedback', '0', '1', '8a402800-9395-11e7-9b19-0c3ab4078e1e', '2018-01-11 09:34:14', '2018-01-11 09:41:15', 'requestFeedback', '', 'b51b4bb0-827c-11e7-8a2c-f8cfbeb2ebca', 'DADO17SMCDO'), ('968b69a0-f6b2-11e7-9673-f1ff34609f01', 'd437bbd0-9f4d-11e7-a658-1384ca7bc941', 'This Dado hasn\'t sold to expectation. Please tell us more about what customers have been saying and why they haven\'t been picking it up/buying it. Thanks', '968268f0-f6b2-11e7-b239-9dace4f3edd0', 'requestFeedback', '0', '1', '8a402800-9395-11e7-9b19-0c3ab4078e1e', '2018-01-11 09:34:14', '2018-01-11 09:41:15', 'requestFeedback', '', 'b51b4bb0-827c-11e7-8a2c-f8cfbeb2ebca', 'DADO17SMCDO'), ('968b90b0-f6b2-11e7-80c7-482502ed473a', 'aa695f20-9f4d-11e7-b5dc-03da657c9c87', 'This Dado hasn\'t sold to expectation. Please tell us more about what customers have been saying and why they haven\'t been picking it up/buying it. Thanks', '968268f0-f6b2-11e7-b239-9dace4f3edd0', 'requestFeedback', '0', '1', '8a402800-9395-11e7-9b19-0c3ab4078e1e', '2018-01-11 09:34:14', '2018-01-11 09:41:15', 'requestFeedback', '', 'b51b4bb0-827c-11e7-8a2c-f8cfbeb2ebca', 'DADO17SMCDO'), ('968bb7c0-f6b2-11e7-97f8-79c0a7289a5e', '889b75f0-9f4c-11e7-9b4f-2e9ec46159d9', 'This Dado hasn\'t sold to expectation. Please tell us more about what customers have been saying and why they haven\'t been picking it up/buying it. Thanks', '968268f0-f6b2-11e7-b239-9dace4f3edd0', 'requestFeedback', '0', '1', '8a402800-9395-11e7-9b19-0c3ab4078e1e', '2018-01-11 09:34:14', '2018-01-11 09:41:15', 'requestFeedback', '', 'b51b4bb0-827c-11e7-8a2c-f8cfbeb2ebca', 'DADO17SMCDO'), ('968bb7c1-f6b2-11e7-bbf6-aade3a798995', '4fb38510-9e8a-11e7-a1c7-b577361dd49f', 'This Dado hasn\'t sold to expectation. Please tell us more about what customers have been saying and why they haven\'t been picking it up/buying it. Thanks', '968268f0-f6b2-11e7-b239-9dace4f3edd0', 'requestFeedback', '0', '1', '8a402800-9395-11e7-9b19-0c3ab4078e1e', '2018-01-11 09:34:14', '2018-01-11 09:41:15', 'requestFeedback', '', 'b51b4bb0-827c-11e7-8a2c-f8cfbeb2ebca', 'DADO17SMCDO'), ('968bded0-f6b2-11e7-b856-23a7ba097a4c', '52f44810-9e51-11e7-af98-6c27d0a4382e', 'This Dado hasn\'t sold to expectation. Please tell us more about what customers have been saying and why they haven\'t been picking it up/buying it. Thanks', '968268f0-f6b2-11e7-b239-9dace4f3edd0', 'requestFeedback', '0', '1', '8a402800-9395-11e7-9b19-0c3ab4078e1e', '2018-01-11 09:34:14', '2018-01-11 09:41:15', 'requestFeedback', '', 'b51b4bb0-827c-11e7-8a2c-f8cfbeb2ebca', 'DADO17SMCDO'), ('968c05e0-f6b2-11e7-9ce1-5080db147a4d', 'b1064660-9398-11e7-9e5f-3733450a79a0', 'This Dado hasn\'t sold to expectation. Please tell us more about what customers have been saying and why they haven\'t been picking it up/buying it. Thanks', '968268f0-f6b2-11e7-b239-9dace4f3edd0', 'requestFeedback', '0', '1', '8a402800-9395-11e7-9b19-0c3ab4078e1e', '2018-01-11 09:34:14', '2018-01-11 09:41:15', 'requestFeedback', '', 'b51b4bb0-827c-11e7-8a2c-f8cfbeb2ebca', 'DADO17SMCDO'), ('968c05e1-f6b2-11e7-a6c0-d773df3dae0d', '9d11f000-9398-11e7-a45b-71cfa65a584c', 'This Dado hasn\'t sold to expectation. Please tell us more about what customers have been saying and why they haven\'t been picking it up/buying it. Thanks', '968268f0-f6b2-11e7-b239-9dace4f3edd0', 'requestFeedback', '0', '1', '8a402800-9395-11e7-9b19-0c3ab4078e1e', '2018-01-11 09:34:14', '2018-01-11 09:41:15', 'requestFeedback', '', 'b51b4bb0-827c-11e7-8a2c-f8cfbeb2ebca', 'DADO17SMCDO'), ('968c2cf0-f6b2-11e7-a225-624e6589c4f2', '804b73b0-9398-11e7-803d-e1af73884cbb', 'This Dado hasn\'t sold to expectation. Please tell us more about what customers have been saying and why they haven\'t been picking it up/buying it. Thanks', '968268f0-f6b2-11e7-b239-9dace4f3edd0', 'requestFeedback', '0', '1', '8a402800-9395-11e7-9b19-0c3ab4078e1e', '2018-01-11 09:34:14', '2018-01-11 09:41:15', 'requestFeedback', '', 'b51b4bb0-827c-11e7-8a2c-f8cfbeb2ebca', 'DADO17SMCDO'), ('968c5400-f6b2-11e7-b3e1-08624ab75347', 'f8e436a0-9397-11e7-8b95-9a063eb9161f', 'This Dado hasn\'t sold to expectation. Please tell us more about what customers have been saying and why they haven\'t been picking it up/buying it. Thanks', '968268f0-f6b2-11e7-b239-9dace4f3edd0', 'requestFeedback', '0', '1', '8a402800-9395-11e7-9b19-0c3ab4078e1e', '2018-01-11 09:34:14', '2018-01-11 09:41:15', 'requestFeedback', '', 'b51b4bb0-827c-11e7-8a2c-f8cfbeb2ebca', 'DADO17SMCDO'), ('968c7b10-f6b2-11e7-8865-298ff38e8c23', '65cae530-9397-11e7-81c4-179927a43dde', 'This Dado hasn\'t sold to expectation. Please tell us more about what customers have been saying and why they haven\'t been picking it up/buying it. Thanks', '968268f0-f6b2-11e7-b239-9dace4f3edd0', 'requestFeedback', '0', '1', '8a402800-9395-11e7-9b19-0c3ab4078e1e', '2018-01-11 09:34:14', '2018-01-11 09:41:15', 'requestFeedback', '', 'b51b4bb0-827c-11e7-8a2c-f8cfbeb2ebca', 'DADO17SMCDO'), ('968c7b11-f6b2-11e7-ae7d-f39949d7e0d1', '3ceba370-9397-11e7-8e9b-d7570b7c3f97', 'This Dado hasn\'t sold to expectation. Please tell us more about what customers have been saying and why they haven\'t been picking it up/buying it. Thanks', '968268f0-f6b2-11e7-b239-9dace4f3edd0', 'requestFeedback', '0', '1', '8a402800-9395-11e7-9b19-0c3ab4078e1e', '2018-01-11 09:34:14', '2018-01-11 09:41:15', 'requestFeedback', '', 'b51b4bb0-827c-11e7-8a2c-f8cfbeb2ebca', 'DADO17SMCDO'), ('968ca220-f6b2-11e7-85d0-bed52fc17003', '20afd060-9396-11e7-ab5d-b795e7ba6e35', 'This Dado hasn\'t sold to expectation. Please tell us more about what customers have been saying and why they haven\'t been picking it up/buying it. Thanks', '968268f0-f6b2-11e7-b239-9dace4f3edd0', 'requestFeedback', '0', '1', '8a402800-9395-11e7-9b19-0c3ab4078e1e', '2018-01-11 09:34:14', '2018-01-11 09:41:15', 'requestFeedback', '', 'b51b4bb0-827c-11e7-8a2c-f8cfbeb2ebca', 'DADO17SMCDO'), ('968cc930-f6b2-11e7-8278-5c8312c36f47', '0df4e460-9396-11e7-91d7-dd5dae17bad9', 'This Dado hasn\'t sold to expectation. Please tell us more about what customers have been saying and why they haven\'t been picking it up/buying it. Thanks', '968268f0-f6b2-11e7-b239-9dace4f3edd0', 'requestFeedback', '0', '1', '8a402800-9395-11e7-9b19-0c3ab4078e1e', '2018-01-11 09:34:14', '2018-01-11 09:41:15', 'requestFeedback', '', 'b51b4bb0-827c-11e7-8a2c-f8cfbeb2ebca', 'DADO17SMCDO'), ('968cc931-f6b2-11e7-902f-c030a1200ee0', 'ef01c410-9395-11e7-97d8-79c618a4276e', 'This Dado hasn\'t sold to expectation. Please tell us more about what customers have been saying and why they haven\'t been picking it up/buying it. Thanks', '968268f0-f6b2-11e7-b239-9dace4f3edd0', 'requestFeedback', '0', '1', '8a402800-9395-11e7-9b19-0c3ab4078e1e', '2018-01-11 09:34:14', '2018-01-11 09:41:15', 'requestFeedback', '', 'b51b4bb0-827c-11e7-8a2c-f8cfbeb2ebca', 'DADO17SMCDO'), ('9aede3f0-f6b3-11e7-b15b-2efe71c322bc', '9006c060-aed8-11e7-b843-f517d2abf12a', 'The Dado hasn\'t sold to expectation. Please tell us more about what customers have been saying and why they haven\'t been picking it up/buying it. Thanks\'', '9ae88cc0-f6b3-11e7-9f6f-ae7dcedebd39', 'requestFeedback', '0', '1', '8a402800-9395-11e7-9b19-0c3ab4078e1e', '2018-01-11 09:41:31', '2018-01-14 17:00:57', 'requestFeedback', '', 'b51b4bb0-827c-11e7-8a2c-f8cfbeb2ebca', 'DADO17SMCDO'), ('9aee0b00-f6b3-11e7-9971-e5a0372f8eb2', '3dce5160-a4a5-11e7-9e3a-ce5eedc867a1', 'The Dado hasn\'t sold to expectation. Please tell us more about what customers have been saying and why they haven\'t been picking it up/buying it. Thanks\'', '9ae88cc0-f6b3-11e7-9f6f-ae7dcedebd39', 'requestFeedback', '0', '1', '8a402800-9395-11e7-9b19-0c3ab4078e1e', '2018-01-11 09:41:31', '2018-01-14 17:00:57', 'requestFeedback', '', 'b51b4bb0-827c-11e7-8a2c-f8cfbeb2ebca', 'DADO17SMCDO'), ('9aeef560-f6b3-11e7-94bd-c5e1d7c161dd', 'd1892c40-a4a0-11e7-bcac-2df719bae2be', 'The Dado hasn\'t sold to expectation. Please tell us more about what customers have been saying and why they haven\'t been picking it up/buying it. Thanks\'', '9ae88cc0-f6b3-11e7-9f6f-ae7dcedebd39', 'requestFeedback', '0', '1', '8a402800-9395-11e7-9b19-0c3ab4078e1e', '2018-01-11 09:41:31', '2018-01-14 17:00:57', 'requestFeedback', '', 'b51b4bb0-827c-11e7-8a2c-f8cfbeb2ebca', 'DADO17SMCDO'), ('9aef1c70-f6b3-11e7-b5f7-689d01666374', 'dc050330-a232-11e7-8e3f-ec57ae8d2f97', 'The Dado hasn\'t sold to expectation. Please tell us more about what customers have been saying and why they haven\'t been picking it up/buying it. Thanks\'', '9ae88cc0-f6b3-11e7-9f6f-ae7dcedebd39', 'requestFeedback', '0', '1', '8a402800-9395-11e7-9b19-0c3ab4078e1e', '2018-01-11 09:41:31', '2018-01-14 17:00:57', 'requestFeedback', '', 'b51b4bb0-827c-11e7-8a2c-f8cfbeb2ebca', 'DADO17SMCDO'), ('9aef1c71-f6b3-11e7-8a14-b5e90c13bc70', '69744160-a17d-11e7-b8fe-e0d8bb2f474c', 'The Dado hasn\'t sold to expectation. Please tell us more about what customers have been saying and why they haven\'t been picking it up/buying it. Thanks\'', '9ae88cc0-f6b3-11e7-9f6f-ae7dcedebd39', 'requestFeedback', '0', '1', '8a402800-9395-11e7-9b19-0c3ab4078e1e', '2018-01-11 09:41:31', '2018-01-14 17:00:57', 'requestFeedback', '', 'b51b4bb0-827c-11e7-8a2c-f8cfbeb2ebca', 'DADO17SMCDO'), ('9aef4380-f6b3-11e7-8e59-e0bd89414871', '7389a3f0-a044-11e7-84ec-2b92e5acf41d', 'The Dado hasn\'t sold to expectation. Please tell us more about what customers have been saying and why they haven\'t been picking it up/buying it. Thanks\'', '9ae88cc0-f6b3-11e7-9f6f-ae7dcedebd39', 'requestFeedback', '0', '1', '8a402800-9395-11e7-9b19-0c3ab4078e1e', '2018-01-11 09:41:31', '2018-01-14 17:00:57', 'requestFeedback', '', 'b51b4bb0-827c-11e7-8a2c-f8cfbeb2ebca', 'DADO17SMCDO'), ('9aef6a90-f6b3-11e7-8668-1071d86546f2', 'ef5293a0-a000-11e7-a0cd-9d131b07cd33', 'The Dado hasn\'t sold to expectation. Please tell us more about what customers have been saying and why they haven\'t been picking it up/buying it. Thanks\'', '9ae88cc0-f6b3-11e7-9f6f-ae7dcedebd39', 'requestFeedback', '0', '1', '8a402800-9395-11e7-9b19-0c3ab4078e1e', '2018-01-11 09:41:31', '2018-01-14 17:00:57', 'requestFeedback', '', 'b51b4bb0-827c-11e7-8a2c-f8cfbeb2ebca', 'DADO17SMCDO'), ('9aef91a0-f6b3-11e7-a5f8-32d21b961178', 'b8112e20-9fff-11e7-a4eb-73e48f1bde05', 'The Dado hasn\'t sold to expectation. Please tell us more about what customers have been saying and why they haven\'t been picking it up/buying it. Thanks\'', '9ae88cc0-f6b3-11e7-9f6f-ae7dcedebd39', 'requestFeedback', '0', '1', '8a402800-9395-11e7-9b19-0c3ab4078e1e', '2018-01-11 09:41:31', '2018-01-14 17:00:57', 'requestFeedback', '', 'b51b4bb0-827c-11e7-8a2c-f8cfbeb2ebca', 'DADO17SMCDO'), ('9aefb8b0-f6b3-11e7-9d49-dc018a9c4f9d', '181a0540-9398-11e7-b2f0-cfaf4e888818', 'The Dado hasn\'t sold to expectation. Please tell us more about what customers have been saying and why they haven\'t been picking it up/buying it. Thanks\'', '9ae88cc0-f6b3-11e7-9f6f-ae7dcedebd39', 'requestFeedback', '0', '1', '8a402800-9395-11e7-9b19-0c3ab4078e1e', '2018-01-11 09:41:31', '2018-01-14 17:00:57', 'requestFeedback', '', 'b51b4bb0-827c-11e7-8a2c-f8cfbeb2ebca', 'DADO17SMCDO'), ('9af07c00-f6b3-11e7-9cef-192047f6d106', 'd437bbd0-9f4d-11e7-a658-1384ca7bc941', 'The Dado hasn\'t sold to expectation. Please tell us more about what customers have been saying and why they haven\'t been picking it up/buying it. Thanks\'', '9ae88cc0-f6b3-11e7-9f6f-ae7dcedebd39', 'requestFeedback', '0', '1', '8a402800-9395-11e7-9b19-0c3ab4078e1e', '2018-01-11 09:41:31', '2018-01-14 17:00:57', 'requestFeedback', '', 'b51b4bb0-827c-11e7-8a2c-f8cfbeb2ebca', 'DADO17SMCDO'), ('9af0a310-f6b3-11e7-9cce-235497d5b618', 'aa695f20-9f4d-11e7-b5dc-03da657c9c87', 'The Dado hasn\'t sold to expectation. Please tell us more about what customers have been saying and why they haven\'t been picking it up/buying it. Thanks\'', '9ae88cc0-f6b3-11e7-9f6f-ae7dcedebd39', 'requestFeedback', '0', '1', '8a402800-9395-11e7-9b19-0c3ab4078e1e', '2018-01-11 09:41:31', '2018-01-14 17:00:57', 'requestFeedback', '', 'b51b4bb0-827c-11e7-8a2c-f8cfbeb2ebca', 'DADO17SMCDO'), ('9af0ca20-f6b3-11e7-a889-dcff78c7f26d', '889b75f0-9f4c-11e7-9b4f-2e9ec46159d9', 'The Dado hasn\'t sold to expectation. Please tell us more about what customers have been saying and why they haven\'t been picking it up/buying it. Thanks\'', '9ae88cc0-f6b3-11e7-9f6f-ae7dcedebd39', 'requestFeedback', '0', '1', '8a402800-9395-11e7-9b19-0c3ab4078e1e', '2018-01-11 09:41:31', '2018-01-14 17:00:57', 'requestFeedback', '', 'b51b4bb0-827c-11e7-8a2c-f8cfbeb2ebca', 'DADO17SMCDO'), ('9af11840-f6b3-11e7-b3ce-2426fd72eaa4', '4fb38510-9e8a-11e7-a1c7-b577361dd49f', 'The Dado hasn\'t sold to expectation. Please tell us more about what customers have been saying and why they haven\'t been picking it up/buying it. Thanks\'', '9ae88cc0-f6b3-11e7-9f6f-ae7dcedebd39', 'requestFeedback', '0', '1', '8a402800-9395-11e7-9b19-0c3ab4078e1e', '2018-01-11 09:41:31', '2018-01-14 17:00:57', 'requestFeedback', '', 'b51b4bb0-827c-11e7-8a2c-f8cfbeb2ebca', 'DADO17SMCDO'), ('9af11841-f6b3-11e7-b893-e86d74dc587f', '52f44810-9e51-11e7-af98-6c27d0a4382e', 'The Dado hasn\'t sold to expectation. Please tell us more about what customers have been saying and why they haven\'t been picking it up/buying it. Thanks\'', '9ae88cc0-f6b3-11e7-9f6f-ae7dcedebd39', 'requestFeedback', '0', '1', '8a402800-9395-11e7-9b19-0c3ab4078e1e', '2018-01-11 09:41:31', '2018-01-14 17:00:57', 'requestFeedback', '', 'b51b4bb0-827c-11e7-8a2c-f8cfbeb2ebca', 'DADO17SMCDO'), ('9af13f50-f6b3-11e7-a326-9225dd250156', 'b1064660-9398-11e7-9e5f-3733450a79a0', 'The Dado hasn\'t sold to expectation. Please tell us more about what customers have been saying and why they haven\'t been picking it up/buying it. Thanks\'', '9ae88cc0-f6b3-11e7-9f6f-ae7dcedebd39', 'requestFeedback', '0', '1', '8a402800-9395-11e7-9b19-0c3ab4078e1e', '2018-01-11 09:41:31', '2018-01-14 17:00:57', 'requestFeedback', '', 'b51b4bb0-827c-11e7-8a2c-f8cfbeb2ebca', 'DADO17SMCDO'), ('9af16660-f6b3-11e7-bc51-2cebe96815e4', '9d11f000-9398-11e7-a45b-71cfa65a584c', 'The Dado hasn\'t sold to expectation. Please tell us more about what customers have been saying and why they haven\'t been picking it up/buying it. Thanks\'', '9ae88cc0-f6b3-11e7-9f6f-ae7dcedebd39', 'requestFeedback', '0', '1', '8a402800-9395-11e7-9b19-0c3ab4078e1e', '2018-01-11 09:41:31', '2018-01-14 17:00:57', 'requestFeedback', '', 'b51b4bb0-827c-11e7-8a2c-f8cfbeb2ebca', 'DADO17SMCDO'), ('9af18d70-f6b3-11e7-b69b-56e2e3f35c97', '804b73b0-9398-11e7-803d-e1af73884cbb', 'The Dado hasn\'t sold to expectation. Please tell us more about what customers have been saying and why they haven\'t been picking it up/buying it. Thanks\'', '9ae88cc0-f6b3-11e7-9f6f-ae7dcedebd39', 'requestFeedback', '0', '1', '8a402800-9395-11e7-9b19-0c3ab4078e1e', '2018-01-11 09:41:31', '2018-01-14 17:00:57', 'requestFeedback', '', 'b51b4bb0-827c-11e7-8a2c-f8cfbeb2ebca', 'DADO17SMCDO'), ('9af1b480-f6b3-11e7-8210-bde969bc9f45', 'f8e436a0-9397-11e7-8b95-9a063eb9161f', 'The Dado hasn\'t sold to expectation. Please tell us more about what customers have been saying and why they haven\'t been picking it up/buying it. Thanks\'', '9ae88cc0-f6b3-11e7-9f6f-ae7dcedebd39', 'requestFeedback', '0', '1', '8a402800-9395-11e7-9b19-0c3ab4078e1e', '2018-01-11 09:41:31', '2018-01-14 17:00:57', 'requestFeedback', '', 'b51b4bb0-827c-11e7-8a2c-f8cfbeb2ebca', 'DADO17SMCDO'), ('9af1b481-f6b3-11e7-8c31-6feecfcec16c', '65cae530-9397-11e7-81c4-179927a43dde', 'The Dado hasn\'t sold to expectation. Please tell us more about what customers have been saying and why they haven\'t been picking it up/buying it. Thanks\'', '9ae88cc0-f6b3-11e7-9f6f-ae7dcedebd39', 'requestFeedback', '0', '1', '8a402800-9395-11e7-9b19-0c3ab4078e1e', '2018-01-11 09:41:31', '2018-01-14 17:00:57', 'requestFeedback', '', 'b51b4bb0-827c-11e7-8a2c-f8cfbeb2ebca', 'DADO17SMCDO'), ('9af1db90-f6b3-11e7-a348-05621441b453', '3ceba370-9397-11e7-8e9b-d7570b7c3f97', 'The Dado hasn\'t sold to expectation. Please tell us more about what customers have been saying and why they haven\'t been picking it up/buying it. Thanks\'', '9ae88cc0-f6b3-11e7-9f6f-ae7dcedebd39', 'requestFeedback', '0', '1', '8a402800-9395-11e7-9b19-0c3ab4078e1e', '2018-01-11 09:41:31', '2018-01-14 17:00:57', 'requestFeedback', '', 'b51b4bb0-827c-11e7-8a2c-f8cfbeb2ebca', 'DADO17SMCDO'), ('9af202a0-f6b3-11e7-9c1e-c6e6c806cc6f', '20afd060-9396-11e7-ab5d-b795e7ba6e35', 'The Dado hasn\'t sold to expectation. Please tell us more about what customers have been saying and why they haven\'t been picking it up/buying it. Thanks\'', '9ae88cc0-f6b3-11e7-9f6f-ae7dcedebd39', 'requestFeedback', '0', '1', '8a402800-9395-11e7-9b19-0c3ab4078e1e', '2018-01-11 09:41:31', '2018-01-14 17:00:57', 'requestFeedback', '', 'b51b4bb0-827c-11e7-8a2c-f8cfbeb2ebca', 'DADO17SMCDO'), ('9af202a1-f6b3-11e7-a61f-9c319fb9b500', '0df4e460-9396-11e7-91d7-dd5dae17bad9', 'The Dado hasn\'t sold to expectation. Please tell us more about what customers have been saying and why they haven\'t been picking it up/buying it. Thanks\'', '9ae88cc0-f6b3-11e7-9f6f-ae7dcedebd39', 'requestFeedback', '0', '1', '8a402800-9395-11e7-9b19-0c3ab4078e1e', '2018-01-11 09:41:31', '2018-01-14 17:00:57', 'requestFeedback', '', 'b51b4bb0-827c-11e7-8a2c-f8cfbeb2ebca', 'DADO17SMCDO'), ('9af229b0-f6b3-11e7-b271-b655c061c080', 'ef01c410-9395-11e7-97d8-79c618a4276e', 'The Dado hasn\'t sold to expectation. Please tell us more about what customers have been saying and why they haven\'t been picking it up/buying it. Thanks\'', '9ae88cc0-f6b3-11e7-9f6f-ae7dcedebd39', 'requestFeedback', '0', '1', '8a402800-9395-11e7-9b19-0c3ab4078e1e', '2018-01-11 09:41:31', '2018-01-14 17:00:57', 'requestFeedback', '', 'b51b4bb0-827c-11e7-8a2c-f8cfbeb2ebca', 'DADO17SMCDO'), ('9f17f9a0-f737-11e7-8449-5edc08150330', '9006c060-aed8-11e7-b843-f517d2abf12a', 'Hi team, can you please tell us what customers like about this style?', '9f12c980-f737-11e7-9248-e8f65465fb92', 'requestFeedback', '0', '1', '4c8256f0-9395-11e7-89a6-88568af3c30e', '2018-01-12 01:26:32', '2018-01-15 17:00:59', 'requestFeedback', '', 'b51b4bb0-827c-11e7-8a2c-f8cfbeb2ebca', 'AIDEN17SIMPO'), ('9f1820b0-f737-11e7-8c6b-1e55cb03a13b', '3dce5160-a4a5-11e7-9e3a-ce5eedc867a1', 'Hi team, can you please tell us what customers like about this style?', '9f12c980-f737-11e7-9248-e8f65465fb92', 'requestFeedback', '0', '1', '4c8256f0-9395-11e7-89a6-88568af3c30e', '2018-01-12 01:26:32', '2018-01-15 17:00:59', 'requestFeedback', '', 'b51b4bb0-827c-11e7-8a2c-f8cfbeb2ebca', 'AIDEN17SIMPO'), ('9f186ed0-f737-11e7-a1d0-b82bd99a9df1', 'd1892c40-a4a0-11e7-bcac-2df719bae2be', 'Hi team, can you please tell us what customers like about this style?', '9f12c980-f737-11e7-9248-e8f65465fb92', 'requestFeedback', '0', '1', '4c8256f0-9395-11e7-89a6-88568af3c30e', '2018-01-12 01:26:32', '2018-01-15 17:00:59', 'requestFeedback', '', 'b51b4bb0-827c-11e7-8a2c-f8cfbeb2ebca', 'AIDEN17SIMPO'), ('9f1895e0-f737-11e7-a385-382c8bc67787', 'dc050330-a232-11e7-8e3f-ec57ae8d2f97', 'Hi team, can you please tell us what customers like about this style?', '9f12c980-f737-11e7-9248-e8f65465fb92', 'requestFeedback', '0', '1', '4c8256f0-9395-11e7-89a6-88568af3c30e', '2018-01-12 01:26:32', '2018-01-15 17:00:59', 'requestFeedback', '', 'b51b4bb0-827c-11e7-8a2c-f8cfbeb2ebca', 'AIDEN17SIMPO'), ('9f18bcf0-f737-11e7-b7fe-fb39d3285d9d', '69744160-a17d-11e7-b8fe-e0d8bb2f474c', 'Hi team, can you please tell us what customers like about this style?', '9f12c980-f737-11e7-9248-e8f65465fb92', 'requestFeedback', '0', '1', '4c8256f0-9395-11e7-89a6-88568af3c30e', '2018-01-12 01:26:32', '2018-01-15 17:00:59', 'requestFeedback', '', 'b51b4bb0-827c-11e7-8a2c-f8cfbeb2ebca', 'AIDEN17SIMPO'), ('9f18e400-f737-11e7-9e0c-520114f02e65', '7389a3f0-a044-11e7-84ec-2b92e5acf41d', 'Hi team, can you please tell us what customers like about this style?', '9f12c980-f737-11e7-9248-e8f65465fb92', 'requestFeedback', '0', '1', '4c8256f0-9395-11e7-89a6-88568af3c30e', '2018-01-12 01:26:32', '2018-01-15 17:00:59', 'requestFeedback', '', 'b51b4bb0-827c-11e7-8a2c-f8cfbeb2ebca', 'AIDEN17SIMPO'), ('9f190b10-f737-11e7-86bd-11fa7264ade5', 'ef5293a0-a000-11e7-a0cd-9d131b07cd33', 'Hi team, can you please tell us what customers like about this style?', '9f12c980-f737-11e7-9248-e8f65465fb92', 'requestFeedback', '0', '1', '4c8256f0-9395-11e7-89a6-88568af3c30e', '2018-01-12 01:26:32', '2018-01-15 17:00:59', 'requestFeedback', '', 'b51b4bb0-827c-11e7-8a2c-f8cfbeb2ebca', 'AIDEN17SIMPO'), ('9f193220-f737-11e7-8642-6459c6abfbb5', 'b8112e20-9fff-11e7-a4eb-73e48f1bde05', 'Hi team, can you please tell us what customers like about this style?', '9f12c980-f737-11e7-9248-e8f65465fb92', 'requestFeedback', '0', '1', '4c8256f0-9395-11e7-89a6-88568af3c30e', '2018-01-12 01:26:32', '2018-01-15 17:00:59', 'requestFeedback', '', 'b51b4bb0-827c-11e7-8a2c-f8cfbeb2ebca', 'AIDEN17SIMPO'), ('9f195930-f737-11e7-ae34-1f2ba389d101', '181a0540-9398-11e7-b2f0-cfaf4e888818', 'Hi team, can you please tell us what customers like about this style?', '9f12c980-f737-11e7-9248-e8f65465fb92', 'requestFeedback', '0', '1', '4c8256f0-9395-11e7-89a6-88568af3c30e', '2018-01-12 01:26:32', '2018-01-15 17:00:59', 'requestFeedback', '', 'b51b4bb0-827c-11e7-8a2c-f8cfbeb2ebca', 'AIDEN17SIMPO'), ('9f1a1c80-f737-11e7-baf0-a780ae643a40', 'd437bbd0-9f4d-11e7-a658-1384ca7bc941', 'Hi team, can you please tell us what customers like about this style?', '9f12c980-f737-11e7-9248-e8f65465fb92', 'requestFeedback', '0', '1', '4c8256f0-9395-11e7-89a6-88568af3c30e', '2018-01-12 01:26:32', '2018-01-15 17:00:59', 'requestFeedback', '', 'b51b4bb0-827c-11e7-8a2c-f8cfbeb2ebca', 'AIDEN17SIMPO'), ('9f1a4390-f737-11e7-a39f-7535f4c63998', 'aa695f20-9f4d-11e7-b5dc-03da657c9c87', 'Hi team, can you please tell us what customers like about this style?', '9f12c980-f737-11e7-9248-e8f65465fb92', 'requestFeedback', '0', '1', '4c8256f0-9395-11e7-89a6-88568af3c30e', '2018-01-12 01:26:32', '2018-01-15 17:00:59', 'requestFeedback', '', 'b51b4bb0-827c-11e7-8a2c-f8cfbeb2ebca', 'AIDEN17SIMPO'), ('9f1a4391-f737-11e7-bfb8-ee3207aae652', '889b75f0-9f4c-11e7-9b4f-2e9ec46159d9', 'Hi team, can you please tell us what customers like about this style?', '9f12c980-f737-11e7-9248-e8f65465fb92', 'requestFeedback', '0', '1', '4c8256f0-9395-11e7-89a6-88568af3c30e', '2018-01-12 01:26:32', '2018-01-15 17:00:59', 'requestFeedback', '', 'b51b4bb0-827c-11e7-8a2c-f8cfbeb2ebca', 'AIDEN17SIMPO'), ('9f1a91b0-f737-11e7-91df-0feb4decf2ec', '4fb38510-9e8a-11e7-a1c7-b577361dd49f', 'Hi team, can you please tell us what customers like about this style?', '9f12c980-f737-11e7-9248-e8f65465fb92', 'requestFeedback', '0', '1', '4c8256f0-9395-11e7-89a6-88568af3c30e', '2018-01-12 01:26:32', '2018-01-15 17:00:59', 'requestFeedback', '', 'b51b4bb0-827c-11e7-8a2c-f8cfbeb2ebca', 'AIDEN17SIMPO'), ('9f1ab8c0-f737-11e7-870b-e928aa72cce1', '52f44810-9e51-11e7-af98-6c27d0a4382e', 'Hi team, can you please tell us what customers like about this style?', '9f12c980-f737-11e7-9248-e8f65465fb92', 'requestFeedback', '0', '1', '4c8256f0-9395-11e7-89a6-88568af3c30e', '2018-01-12 01:26:32', '2018-01-15 17:00:59', 'requestFeedback', '', 'b51b4bb0-827c-11e7-8a2c-f8cfbeb2ebca', 'AIDEN17SIMPO'), ('9f1adfd0-f737-11e7-883b-5b2fc310c2da', 'b1064660-9398-11e7-9e5f-3733450a79a0', 'Hi team, can you please tell us what customers like about this style?', '9f12c980-f737-11e7-9248-e8f65465fb92', 'requestFeedback', '0', '1', '4c8256f0-9395-11e7-89a6-88568af3c30e', '2018-01-12 01:26:32', '2018-01-15 17:00:59', 'requestFeedback', '', 'b51b4bb0-827c-11e7-8a2c-f8cfbeb2ebca', 'AIDEN17SIMPO'), ('9f1b06e0-f737-11e7-87b6-6655bfb5226a', '9d11f000-9398-11e7-a45b-71cfa65a584c', 'Hi team, can you please tell us what customers like about this style?', '9f12c980-f737-11e7-9248-e8f65465fb92', 'requestFeedback', '0', '1', '4c8256f0-9395-11e7-89a6-88568af3c30e', '2018-01-12 01:26:32', '2018-01-15 17:00:59', 'requestFeedback', '', 'b51b4bb0-827c-11e7-8a2c-f8cfbeb2ebca', 'AIDEN17SIMPO'), ('9f1b06e1-f737-11e7-a1ff-662e52016ec9', '804b73b0-9398-11e7-803d-e1af73884cbb', 'Hi team, can you please tell us what customers like about this style?', '9f12c980-f737-11e7-9248-e8f65465fb92', 'requestFeedback', '0', '1', '4c8256f0-9395-11e7-89a6-88568af3c30e', '2018-01-12 01:26:32', '2018-01-15 17:00:59', 'requestFeedback', '', 'b51b4bb0-827c-11e7-8a2c-f8cfbeb2ebca', 'AIDEN17SIMPO'), ('9f1b2df0-f737-11e7-8f07-3e4908f19da4', 'f8e436a0-9397-11e7-8b95-9a063eb9161f', 'Hi team, can you please tell us what customers like about this style?', '9f12c980-f737-11e7-9248-e8f65465fb92', 'requestFeedback', '0', '1', '4c8256f0-9395-11e7-89a6-88568af3c30e', '2018-01-12 01:26:32', '2018-01-15 17:00:59', 'requestFeedback', '', 'b51b4bb0-827c-11e7-8a2c-f8cfbeb2ebca', 'AIDEN17SIMPO'), ('9f1b5500-f737-11e7-9fad-038721d495f6', '65cae530-9397-11e7-81c4-179927a43dde', 'Hi team, can you please tell us what customers like about this style?', '9f12c980-f737-11e7-9248-e8f65465fb92', 'requestFeedback', '0', '1', '4c8256f0-9395-11e7-89a6-88568af3c30e', '2018-01-12 01:26:32', '2018-01-15 17:00:59', 'requestFeedback', '', 'b51b4bb0-827c-11e7-8a2c-f8cfbeb2ebca', 'AIDEN17SIMPO'), ('9f1b7c10-f737-11e7-a132-07cc2a0df195', '3ceba370-9397-11e7-8e9b-d7570b7c3f97', 'Hi team, can you please tell us what customers like about this style?', '9f12c980-f737-11e7-9248-e8f65465fb92', 'requestFeedback', '0', '1', '4c8256f0-9395-11e7-89a6-88568af3c30e', '2018-01-12 01:26:32', '2018-01-15 17:00:59', 'requestFeedback', '', 'b51b4bb0-827c-11e7-8a2c-f8cfbeb2ebca', 'AIDEN17SIMPO'), ('9f1b7c11-f737-11e7-81ea-52aa62441dd7', '20afd060-9396-11e7-ab5d-b795e7ba6e35', 'Hi team, can you please tell us what customers like about this style?', '9f12c980-f737-11e7-9248-e8f65465fb92', 'requestFeedback', '0', '1', '4c8256f0-9395-11e7-89a6-88568af3c30e', '2018-01-12 01:26:32', '2018-01-15 17:00:59', 'requestFeedback', '', 'b51b4bb0-827c-11e7-8a2c-f8cfbeb2ebca', 'AIDEN17SIMPO'), ('9f1ba320-f737-11e7-951e-3c4bef0897c3', '0df4e460-9396-11e7-91d7-dd5dae17bad9', 'Hi team, can you please tell us what customers like about this style?', '9f12c980-f737-11e7-9248-e8f65465fb92', 'requestFeedback', '0', '1', '4c8256f0-9395-11e7-89a6-88568af3c30e', '2018-01-12 01:26:32', '2018-01-15 17:00:59', 'requestFeedback', '', 'b51b4bb0-827c-11e7-8a2c-f8cfbeb2ebca', 'AIDEN17SIMPO'), ('9f1bca30-f737-11e7-b8b3-e3455c4d5428', 'ef01c410-9395-11e7-97d8-79c618a4276e', 'Hi team, can you please tell us what customers like about this style?', '9f12c980-f737-11e7-9248-e8f65465fb92', 'requestFeedback', '0', '1', '4c8256f0-9395-11e7-89a6-88568af3c30e', '2018-01-12 01:26:32', '2018-01-15 17:00:59', 'requestFeedback', '', 'b51b4bb0-827c-11e7-8a2c-f8cfbeb2ebca', 'AIDEN17SIMPO'), ('9f43ac60-0931-11e8-b29e-d9842ebd9b41', '9006c060-aed8-11e7-b843-f517d2abf12a', 'Hey team, this style has sold really well, why do customers love it?', '9f1cea80-0931-11e8-aac7-c1441dce01f0', 'requestFeedback', '0', '1', '9d7e7d00-6770-11e7-8064-f38bf4767f4b', '2018-02-03 22:28:56', '2018-02-07 17:14:46', 'requestFeedback', '', 'b51b4bb0-827c-11e7-8a2c-f8cfbeb2ebca', 'MAXWELL17SSULO'), ('9f43d370-0931-11e8-83b8-ca71b3dfc2b1', '3dce5160-a4a5-11e7-9e3a-ce5eedc867a1', 'Hey team, this style has sold really well, why do customers love it?', '9f1cea80-0931-11e8-aac7-c1441dce01f0', 'requestFeedback', '0', '1', '9d7e7d00-6770-11e7-8064-f38bf4767f4b', '2018-02-03 22:28:56', '2018-02-07 17:14:46', 'requestFeedback', '', 'b51b4bb0-827c-11e7-8a2c-f8cfbeb2ebca', 'MAXWELL17SSULO'), ('9f43fa80-0931-11e8-a010-fd32317275ad', 'd1892c40-a4a0-11e7-bcac-2df719bae2be', 'Hey team, this style has sold really well, why do customers love it?', '9f1cea80-0931-11e8-aac7-c1441dce01f0', 'requestFeedback', '0', '1', '9d7e7d00-6770-11e7-8064-f38bf4767f4b', '2018-02-03 22:28:56', '2018-02-07 17:14:46', 'requestFeedback', '', 'b51b4bb0-827c-11e7-8a2c-f8cfbeb2ebca', 'MAXWELL17SSULO'), ('9f442190-0931-11e8-b15b-a8ae6511255d', 'dc050330-a232-11e7-8e3f-ec57ae8d2f97', 'Hey team, this style has sold really well, why do customers love it?', '9f1cea80-0931-11e8-aac7-c1441dce01f0', 'requestFeedback', '0', '1', '9d7e7d00-6770-11e7-8064-f38bf4767f4b', '2018-02-03 22:28:56', '2018-02-07 17:14:46', 'requestFeedback', '', 'b51b4bb0-827c-11e7-8a2c-f8cfbeb2ebca', 'MAXWELL17SSULO'), ('9f44bdd0-0931-11e8-8790-0268d9516591', '69744160-a17d-11e7-b8fe-e0d8bb2f474c', 'Hey team, this style has sold really well, why do customers love it?', '9f1cea80-0931-11e8-aac7-c1441dce01f0', 'requestFeedback', '0', '1', '9d7e7d00-6770-11e7-8064-f38bf4767f4b', '2018-02-03 22:28:56', '2018-02-07 17:14:46', 'requestFeedback', '', 'b51b4bb0-827c-11e7-8a2c-f8cfbeb2ebca', 'MAXWELL17SSULO'), ('9f44e4e0-0931-11e8-a2d6-5591e54be935', '7389a3f0-a044-11e7-84ec-2b92e5acf41d', 'Hey team, this style has sold really well, why do customers love it?', '9f1cea80-0931-11e8-aac7-c1441dce01f0', 'requestFeedback', '0', '1', '9d7e7d00-6770-11e7-8064-f38bf4767f4b', '2018-02-03 22:28:56', '2018-02-07 17:14:46', 'requestFeedback', '', 'b51b4bb0-827c-11e7-8a2c-f8cfbeb2ebca', 'MAXWELL17SSULO'), ('9f450bf0-0931-11e8-b6c3-b182a2bb7ce8', 'ef5293a0-a000-11e7-a0cd-9d131b07cd33', 'Hey team, this style has sold really well, why do customers love it?', '9f1cea80-0931-11e8-aac7-c1441dce01f0', 'requestFeedback', '0', '1', '9d7e7d00-6770-11e7-8064-f38bf4767f4b', '2018-02-03 22:28:56', '2018-02-07 17:14:46', 'requestFeedback', '', 'b51b4bb0-827c-11e7-8a2c-f8cfbeb2ebca', 'MAXWELL17SSULO'), ('9f453300-0931-11e8-9f7d-bfdaa26bce9a', 'b8112e20-9fff-11e7-a4eb-73e48f1bde05', 'Hey team, this style has sold really well, why do customers love it?', '9f1cea80-0931-11e8-aac7-c1441dce01f0', 'requestFeedback', '0', '1', '9d7e7d00-6770-11e7-8064-f38bf4767f4b', '2018-02-03 22:28:56', '2018-02-07 17:14:46', 'requestFeedback', '', 'b51b4bb0-827c-11e7-8a2c-f8cfbeb2ebca', 'MAXWELL17SSULO'), ('9f458120-0931-11e8-ae88-e42dd77b8586', '181a0540-9398-11e7-b2f0-cfaf4e888818', 'Hey team, this style has sold really well, why do customers love it?', '9f1cea80-0931-11e8-aac7-c1441dce01f0', 'requestFeedback', '0', '1', '9d7e7d00-6770-11e7-8064-f38bf4767f4b', '2018-02-03 22:28:56', '2018-02-07 17:14:46', 'requestFeedback', '', 'b51b4bb0-827c-11e7-8a2c-f8cfbeb2ebca', 'MAXWELL17SSULO'), ('9f458121-0931-11e8-9448-029ee7fdb9f0', 'd437bbd0-9f4d-11e7-a658-1384ca7bc941', 'Hey team, this style has sold really well, why do customers love it?', '9f1cea80-0931-11e8-aac7-c1441dce01f0', 'requestFeedback', '0', '1', '9d7e7d00-6770-11e7-8064-f38bf4767f4b', '2018-02-03 22:28:56', '2018-02-07 17:14:46', 'requestFeedback', '', 'b51b4bb0-827c-11e7-8a2c-f8cfbeb2ebca', 'MAXWELL17SSULO'), ('9f45a830-0931-11e8-903a-175cf7d15550', 'aa695f20-9f4d-11e7-b5dc-03da657c9c87', 'Hey team, this style has sold really well, why do customers love it?', '9f1cea80-0931-11e8-aac7-c1441dce01f0', 'requestFeedback', '0', '1', '9d7e7d00-6770-11e7-8064-f38bf4767f4b', '2018-02-03 22:28:56', '2018-02-07 17:14:46', 'requestFeedback', '', 'b51b4bb0-827c-11e7-8a2c-f8cfbeb2ebca', 'MAXWELL17SSULO'), ('9f45cf40-0931-11e8-afd3-a7ecadefd797', '889b75f0-9f4c-11e7-9b4f-2e9ec46159d9', 'Hey team, this style has sold really well, why do customers love it?', '9f1cea80-0931-11e8-aac7-c1441dce01f0', 'requestFeedback', '0', '1', '9d7e7d00-6770-11e7-8064-f38bf4767f4b', '2018-02-03 22:28:56', '2018-02-07 17:14:46', 'requestFeedback', '', 'b51b4bb0-827c-11e7-8a2c-f8cfbeb2ebca', 'MAXWELL17SSULO'), ('9f45f650-0931-11e8-8f8e-66e22ecff5f0', '4fb38510-9e8a-11e7-a1c7-b577361dd49f', 'Hey team, this style has sold really well, why do customers love it?', '9f1cea80-0931-11e8-aac7-c1441dce01f0', 'requestFeedback', '0', '1', '9d7e7d00-6770-11e7-8064-f38bf4767f4b', '2018-02-03 22:28:56', '2018-02-07 17:14:46', 'requestFeedback', '', 'b51b4bb0-827c-11e7-8a2c-f8cfbeb2ebca', 'MAXWELL17SSULO'), ('9f461d60-0931-11e8-bc21-cd744e84632f', '52f44810-9e51-11e7-af98-6c27d0a4382e', 'Hey team, this style has sold really well, why do customers love it?', '9f1cea80-0931-11e8-aac7-c1441dce01f0', 'requestFeedback', '0', '1', '9d7e7d00-6770-11e7-8064-f38bf4767f4b', '2018-02-03 22:28:56', '2018-02-07 17:14:46', 'requestFeedback', '', 'b51b4bb0-827c-11e7-8a2c-f8cfbeb2ebca', 'MAXWELL17SSULO'), ('9f469290-0931-11e8-b781-e4e104dc4aac', 'b1064660-9398-11e7-9e5f-3733450a79a0', 'Hey team, this style has sold really well, why do customers love it?', '9f1cea80-0931-11e8-aac7-c1441dce01f0', 'requestFeedback', '0', '1', '9d7e7d00-6770-11e7-8064-f38bf4767f4b', '2018-02-03 22:28:56', '2018-02-07 17:14:46', 'requestFeedback', '', 'b51b4bb0-827c-11e7-8a2c-f8cfbeb2ebca', 'MAXWELL17SSULO'), ('9f46b9a0-0931-11e8-89fb-a2dd28f4b1b4', '9d11f000-9398-11e7-a45b-71cfa65a584c', 'Hey team, this style has sold really well, why do customers love it?', '9f1cea80-0931-11e8-aac7-c1441dce01f0', 'requestFeedback', '0', '1', '9d7e7d00-6770-11e7-8064-f38bf4767f4b', '2018-02-03 22:28:56', '2018-02-07 17:14:46', 'requestFeedback', '', 'b51b4bb0-827c-11e7-8a2c-f8cfbeb2ebca', 'MAXWELL17SSULO'), ('9f46e0b0-0931-11e8-933d-96efd3d187c0', '804b73b0-9398-11e7-803d-e1af73884cbb', 'Hey team, this style has sold really well, why do customers love it?', '9f1cea80-0931-11e8-aac7-c1441dce01f0', 'requestFeedback', '0', '1', '9d7e7d00-6770-11e7-8064-f38bf4767f4b', '2018-02-03 22:28:56', '2018-02-07 17:14:46', 'requestFeedback', '', 'b51b4bb0-827c-11e7-8a2c-f8cfbeb2ebca', 'MAXWELL17SSULO'), ('9f4707c0-0931-11e8-a4e3-97c5d3e09262', 'f8e436a0-9397-11e7-8b95-9a063eb9161f', 'Hey team, this style has sold really well, why do customers love it?', '9f1cea80-0931-11e8-aac7-c1441dce01f0', 'requestFeedback', '0', '1', '9d7e7d00-6770-11e7-8064-f38bf4767f4b', '2018-02-03 22:28:56', '2018-02-07 17:14:46', 'requestFeedback', '', 'b51b4bb0-827c-11e7-8a2c-f8cfbeb2ebca', 'MAXWELL17SSULO'), ('9f472ed0-0931-11e8-9bbc-9c2fa1290867', '65cae530-9397-11e7-81c4-179927a43dde', 'Hey team, this style has sold really well, why do customers love it?', '9f1cea80-0931-11e8-aac7-c1441dce01f0', 'requestFeedback', '0', '1', '9d7e7d00-6770-11e7-8064-f38bf4767f4b', '2018-02-03 22:28:56', '2018-02-07 17:14:46', 'requestFeedback', '', 'b51b4bb0-827c-11e7-8a2c-f8cfbeb2ebca', 'MAXWELL17SSULO'), ('9f4755e0-0931-11e8-ba4d-3ba1f80f84cd', '3ceba370-9397-11e7-8e9b-d7570b7c3f97', 'Hey team, this style has sold really well, why do customers love it?', '9f1cea80-0931-11e8-aac7-c1441dce01f0', 'requestFeedback', '0', '1', '9d7e7d00-6770-11e7-8064-f38bf4767f4b', '2018-02-03 22:28:56', '2018-02-07 17:14:46', 'requestFeedback', '', 'b51b4bb0-827c-11e7-8a2c-f8cfbeb2ebca', 'MAXWELL17SSULO'), ('9f477cf0-0931-11e8-b2f2-21cde715413f', '20afd060-9396-11e7-ab5d-b795e7ba6e35', 'Hey team, this style has sold really well, why do customers love it?', '9f1cea80-0931-11e8-aac7-c1441dce01f0', 'requestFeedback', '0', '1', '9d7e7d00-6770-11e7-8064-f38bf4767f4b', '2018-02-03 22:28:56', '2018-02-07 17:14:46', 'requestFeedback', '', 'b51b4bb0-827c-11e7-8a2c-f8cfbeb2ebca', 'MAXWELL17SSULO'), ('9f47a400-0931-11e8-aa06-7f1295b589ee', '0df4e460-9396-11e7-91d7-dd5dae17bad9', 'Hey team, this style has sold really well, why do customers love it?', '9f1cea80-0931-11e8-aac7-c1441dce01f0', 'requestFeedback', '0', '1', '9d7e7d00-6770-11e7-8064-f38bf4767f4b', '2018-02-03 22:28:56', '2018-02-07 17:14:46', 'requestFeedback', '', 'b51b4bb0-827c-11e7-8a2c-f8cfbeb2ebca', 'MAXWELL17SSULO'), ('9f47cb10-0931-11e8-b2ac-7552a58aba4a', 'ef01c410-9395-11e7-97d8-79c618a4276e', 'Hey team, this style has sold really well, why do customers love it?', '9f1cea80-0931-11e8-aac7-c1441dce01f0', 'requestFeedback', '0', '1', '9d7e7d00-6770-11e7-8064-f38bf4767f4b', '2018-02-03 22:28:56', '2018-02-07 17:14:46', 'requestFeedback', '', 'b51b4bb0-827c-11e7-8a2c-f8cfbeb2ebca', 'MAXWELL17SSULO'), ('a2cc1ca0-20e7-11e8-99ef-8302316779f4', 'd1892c40-a4a0-11e7-bcac-2df719bae2be', 'Hi team, tell us what customers have been saying about this style. ', 'a24909f0-20e7-11e8-9932-9cb1052436e3', 'requestFeedback', '0', '1', '68270f90-9395-11e7-a3f0-daa7744d684d', '2018-03-06 02:39:47', '2018-03-09 17:37:35', 'requestFeedback', '', 'b51b4bb0-827c-11e7-8a2c-f8cfbeb2ebca', 'COVENTGARDEN17SPAPPO'), ('a2cc6ac0-20e7-11e8-b24c-73f6c434d5b4', '181a0540-9398-11e7-b2f0-cfaf4e888818', 'Hi team, tell us what customers have been saying about this style. ', 'a24909f0-20e7-11e8-9932-9cb1052436e3', 'requestFeedback', '0', '1', '68270f90-9395-11e7-a3f0-daa7744d684d', '2018-03-06 02:39:47', '2018-03-09 17:37:35', 'requestFeedback', '', 'b51b4bb0-827c-11e7-8a2c-f8cfbeb2ebca', 'COVENTGARDEN17SPAPPO'), ('a2cc91d0-20e7-11e8-b06c-1a6a1f52e8b7', 'f8e436a0-9397-11e7-8b95-9a063eb9161f', 'Hi team, tell us what customers have been saying about this style. ', 'a24909f0-20e7-11e8-9932-9cb1052436e3', 'requestFeedback', '0', '1', '68270f90-9395-11e7-a3f0-daa7744d684d', '2018-03-06 02:39:47', '2018-03-09 17:37:35', 'requestFeedback', '', 'b51b4bb0-827c-11e7-8a2c-f8cfbeb2ebca', 'COVENTGARDEN17SPAPPO'), ('a6d557a0-f69c-11e7-9795-fbd2094586de', '8a402800-9395-11e7-9b19-0c3ab4078e1e', '', '-1', 'responseForRequest', '0', '0', '0df4e460-9396-11e7-91d7-dd5dae17bad9', '2018-01-11 06:57:13', '2018-01-11 06:57:13', 'feedback', '', 'dd9f1510-9395-11e7-983e-aace4d7d4c3b', 'BRANDON CANVAS M'), ('b4975b60-fc9e-11e7-9a24-8532cc7f2113', 'f8e436a0-9397-11e7-8b95-9a063eb9161f', '', 'ac37cd60-fc9e-11e7-aa09-7cea2e9cc173', 'liked', '0', '1', '37f65470-9395-11e7-aef2-d79ace5f7884', '2018-01-18 22:27:02', '2018-03-06 00:38:05', 'suggestion', '', 'b51b4bb0-827c-11e7-8a2c-f8cfbeb2ebca', ''), ('b53fd060-fc9e-11e7-b696-8767ca5cb2b2', 'f8e436a0-9397-11e7-8b95-9a063eb9161f', '', 'ac37cd60-fc9e-11e7-aa09-7cea2e9cc173', 'thank', '0', '1', '37f65470-9395-11e7-aef2-d79ace5f7884', '2018-01-18 22:27:03', '2018-03-06 00:38:05', 'suggestion', '', 'b51b4bb0-827c-11e7-8a2c-f8cfbeb2ebca', ''), ('b5b94790-f737-11e7-9b56-dc0fcb10f8da', '4c8256f0-9395-11e7-89a6-88568af3c30e', '', '3d72ccb0-f71f-11e7-b7dc-b32259dbe576', 'exemptionForRequest', '0', '1', '181a0540-9398-11e7-b2f0-cfaf4e888818', '2018-01-12 01:27:10', '2018-01-15 17:00:59', 'requestFeedback', '', 'd5cfce40-9397-11e7-b3b4-d217ca389f53', 'MAXWELL17SSULO'), ('bc3dab80-fc9e-11e7-b9c9-98499eebd796', 'f8e436a0-9397-11e7-8b95-9a063eb9161f', 'Thanks Charlie, these look great.', 'ac37cd60-fc9e-11e7-aa09-7cea2e9cc173', 'commented', '0', '1', '37f65470-9395-11e7-aef2-d79ace5f7884', '2018-01-18 22:27:15', '2018-03-06 00:38:05', 'suggestion', 'bc393eb0-fc9e-11e7-87e8-eabd9bab5e1f', 'b51b4bb0-827c-11e7-8a2c-f8cfbeb2ebca', ''), ('bf7ea280-fc9a-11e7-9c39-8d56f1af2869', 'f8e436a0-9397-11e7-8b95-9a063eb9161f', '', '4152ff00-f71d-11e7-a133-67a392bc858c', 'liked', '0', '1', '37f65470-9395-11e7-aef2-d79ace5f7884', '2018-01-18 21:58:42', '2018-01-18 21:58:44', 'feedback', '', 'b51b4bb0-827c-11e7-8a2c-f8cfbeb2ebca', 'LUCILLE17SSGOO'), ('c167fbf0-fc9a-11e7-809a-d1dc8d51e6fe', 'f8e436a0-9397-11e7-8b95-9a063eb9161f', '', '4152ff00-f71d-11e7-a133-67a392bc858c', 'liked', '0', '1', '37f65470-9395-11e7-aef2-d79ace5f7884', '2018-01-18 21:58:45', '2018-01-18 21:59:20', 'feedback', '', 'b51b4bb0-827c-11e7-8a2c-f8cfbeb2ebca', 'LUCILLE17SSGOO'), ('c2305500-fc9a-11e7-9a49-3b5f8bfc0688', 'f8e436a0-9397-11e7-8b95-9a063eb9161f', '', '4152ff00-f71d-11e7-a133-67a392bc858c', 'thank', '0', '1', '37f65470-9395-11e7-aef2-d79ace5f7884', '2018-01-18 21:58:47', '2018-01-18 21:59:17', 'feedback', '', 'b51b4bb0-827c-11e7-8a2c-f8cfbeb2ebca', 'LUCILLE17SSGOO'), ('d55881c0-fc9a-11e7-836b-0a2dda36b1a0', 'f8e436a0-9397-11e7-8b95-9a063eb9161f', '', '4152ff00-f71d-11e7-a133-67a392bc858c', 'thank', '0', '1', '37f65470-9395-11e7-aef2-d79ace5f7884', '2018-01-18 21:59:19', '2018-01-18 21:59:21', 'feedback', '', 'b51b4bb0-827c-11e7-8a2c-f8cfbeb2ebca', 'LUCILLE17SSGOO');
INSERT INTO `notifications` VALUES ('ddb59140-f714-11e7-b0e8-4b504745aa0e', '65cae530-9397-11e7-81c4-179927a43dde', '', 'dee7c6c0-f6b3-11e7-bae9-5081e0ce0e64', 'liked', '0', '0', '181a0540-9398-11e7-b2f0-cfaf4e888818', '2018-01-11 21:17:44', '2018-01-11 21:17:44', 'feedback', '', 'd5cfce40-9397-11e7-b3b4-d217ca389f53', 'DADO17SMCDO'), ('deeafb10-f6b3-11e7-ac7c-eff5fdcfca5a', '8a402800-9395-11e7-9b19-0c3ab4078e1e', '', '-1', 'responseForRequest', '0', '0', '65cae530-9397-11e7-81c4-179927a43dde', '2018-01-11 09:43:25', '2018-01-11 09:43:25', 'feedback', '', '224288e0-9397-11e7-839d-a0ba6612daa5', 'DADO17SMCDO'), ('e029fa20-fc9a-11e7-a234-1ee28abe7643', 'f8e436a0-9397-11e7-8b95-9a063eb9161f', 'Great to hear Charlie!', '4152ff00-f71d-11e7-a133-67a392bc858c', 'commented', '1', '0', '37f65470-9395-11e7-aef2-d79ace5f7884', '2018-01-18 21:59:37', '2018-01-18 21:59:37', 'feedback', 'e02713f0-fc9a-11e7-8e6d-57ddfdb022be', 'b51b4bb0-827c-11e7-8a2c-f8cfbeb2ebca', 'LUCILLE17SSGOO'), ('e1265b80-fc9a-11e7-9c43-0a7733044355', 'f8e436a0-9397-11e7-8b95-9a063eb9161f', '', '4152ff00-f71d-11e7-a133-67a392bc858c', 'liked', '1', '0', '37f65470-9395-11e7-aef2-d79ace5f7884', '2018-01-18 21:59:39', '2018-01-18 21:59:39', 'feedback', '', 'b51b4bb0-827c-11e7-8a2c-f8cfbeb2ebca', 'LUCILLE17SSGOO'), ('e356a900-fc9a-11e7-b84f-74358b7a784b', 'f8e436a0-9397-11e7-8b95-9a063eb9161f', '', '4152ff00-f71d-11e7-a133-67a392bc858c', 'thank', '1', '0', '37f65470-9395-11e7-aef2-d79ace5f7884', '2018-01-18 21:59:42', '2018-01-18 21:59:42', 'feedback', '', 'b51b4bb0-827c-11e7-8a2c-f8cfbeb2ebca', 'LUCILLE17SSGOO'), ('e3e0ea30-0928-11e8-bbe3-6a95b3160671', '9006c060-aed8-11e7-b843-f517d2abf12a', 'Hey team, tell us what customers love about this style.', 'e3d689f0-0928-11e8-af19-a15002fc8055', 'requestFeedback', '0', '1', '9d7e7d00-6770-11e7-8064-f38bf4767f4b', '2018-02-03 21:26:26', '2018-02-07 17:14:46', 'requestFeedback', '', 'b51b4bb0-827c-11e7-8a2c-f8cfbeb2ebca', 'ARIA W'), ('e3e13850-0928-11e8-822a-c6e25c808199', '3dce5160-a4a5-11e7-9e3a-ce5eedc867a1', 'Hey team, tell us what customers love about this style.', 'e3d689f0-0928-11e8-af19-a15002fc8055', 'requestFeedback', '0', '1', '9d7e7d00-6770-11e7-8064-f38bf4767f4b', '2018-02-03 21:26:26', '2018-02-07 17:14:46', 'requestFeedback', '', 'b51b4bb0-827c-11e7-8a2c-f8cfbeb2ebca', 'ARIA W'), ('e3e15f60-0928-11e8-a04b-8657acd57452', 'd1892c40-a4a0-11e7-bcac-2df719bae2be', 'Hey team, tell us what customers love about this style.', 'e3d689f0-0928-11e8-af19-a15002fc8055', 'requestFeedback', '0', '1', '9d7e7d00-6770-11e7-8064-f38bf4767f4b', '2018-02-03 21:26:26', '2018-02-07 17:14:46', 'requestFeedback', '', 'b51b4bb0-827c-11e7-8a2c-f8cfbeb2ebca', 'ARIA W'), ('e3e1ad80-0928-11e8-96a1-9d89aaeffca6', 'dc050330-a232-11e7-8e3f-ec57ae8d2f97', 'Hey team, tell us what customers love about this style.', 'e3d689f0-0928-11e8-af19-a15002fc8055', 'requestFeedback', '0', '1', '9d7e7d00-6770-11e7-8064-f38bf4767f4b', '2018-02-03 21:26:26', '2018-02-07 17:14:46', 'requestFeedback', '', 'b51b4bb0-827c-11e7-8a2c-f8cfbeb2ebca', 'ARIA W'), ('e3e1d490-0928-11e8-9716-fef9169d5489', '69744160-a17d-11e7-b8fe-e0d8bb2f474c', 'Hey team, tell us what customers love about this style.', 'e3d689f0-0928-11e8-af19-a15002fc8055', 'requestFeedback', '0', '1', '9d7e7d00-6770-11e7-8064-f38bf4767f4b', '2018-02-03 21:26:26', '2018-02-07 17:14:46', 'requestFeedback', '', 'b51b4bb0-827c-11e7-8a2c-f8cfbeb2ebca', 'ARIA W'), ('e3e1fba0-0928-11e8-b49c-2afe73d311d5', '7389a3f0-a044-11e7-84ec-2b92e5acf41d', 'Hey team, tell us what customers love about this style.', 'e3d689f0-0928-11e8-af19-a15002fc8055', 'requestFeedback', '0', '1', '9d7e7d00-6770-11e7-8064-f38bf4767f4b', '2018-02-03 21:26:26', '2018-02-07 17:14:46', 'requestFeedback', '', 'b51b4bb0-827c-11e7-8a2c-f8cfbeb2ebca', 'ARIA W'), ('e3e222b0-0928-11e8-9710-1c191ce7649c', 'ef5293a0-a000-11e7-a0cd-9d131b07cd33', 'Hey team, tell us what customers love about this style.', 'e3d689f0-0928-11e8-af19-a15002fc8055', 'requestFeedback', '0', '1', '9d7e7d00-6770-11e7-8064-f38bf4767f4b', '2018-02-03 21:26:26', '2018-02-07 17:14:46', 'requestFeedback', '', 'b51b4bb0-827c-11e7-8a2c-f8cfbeb2ebca', 'ARIA W'), ('e3e249c0-0928-11e8-8cd0-bfcac9fdfbb4', 'b8112e20-9fff-11e7-a4eb-73e48f1bde05', 'Hey team, tell us what customers love about this style.', 'e3d689f0-0928-11e8-af19-a15002fc8055', 'requestFeedback', '0', '1', '9d7e7d00-6770-11e7-8064-f38bf4767f4b', '2018-02-03 21:26:26', '2018-02-07 17:14:46', 'requestFeedback', '', 'b51b4bb0-827c-11e7-8a2c-f8cfbeb2ebca', 'ARIA W'), ('e3e297e0-0928-11e8-9222-717860dab223', '181a0540-9398-11e7-b2f0-cfaf4e888818', 'Hey team, tell us what customers love about this style.', 'e3d689f0-0928-11e8-af19-a15002fc8055', 'requestFeedback', '0', '1', '9d7e7d00-6770-11e7-8064-f38bf4767f4b', '2018-02-03 21:26:26', '2018-02-07 17:14:46', 'requestFeedback', '', 'b51b4bb0-827c-11e7-8a2c-f8cfbeb2ebca', 'ARIA W'), ('e3e30d10-0928-11e8-b02e-24872bb3eb6d', 'd437bbd0-9f4d-11e7-a658-1384ca7bc941', 'Hey team, tell us what customers love about this style.', 'e3d689f0-0928-11e8-af19-a15002fc8055', 'requestFeedback', '0', '1', '9d7e7d00-6770-11e7-8064-f38bf4767f4b', '2018-02-03 21:26:26', '2018-02-07 17:14:46', 'requestFeedback', '', 'b51b4bb0-827c-11e7-8a2c-f8cfbeb2ebca', 'ARIA W'), ('e3e33420-0928-11e8-8bef-bd96a99defe7', 'aa695f20-9f4d-11e7-b5dc-03da657c9c87', 'Hey team, tell us what customers love about this style.', 'e3d689f0-0928-11e8-af19-a15002fc8055', 'requestFeedback', '0', '1', '9d7e7d00-6770-11e7-8064-f38bf4767f4b', '2018-02-03 21:26:26', '2018-02-07 17:14:46', 'requestFeedback', '', 'b51b4bb0-827c-11e7-8a2c-f8cfbeb2ebca', 'ARIA W'), ('e3e35b30-0928-11e8-a40f-e540caacad4c', '889b75f0-9f4c-11e7-9b4f-2e9ec46159d9', 'Hey team, tell us what customers love about this style.', 'e3d689f0-0928-11e8-af19-a15002fc8055', 'requestFeedback', '0', '1', '9d7e7d00-6770-11e7-8064-f38bf4767f4b', '2018-02-03 21:26:26', '2018-02-07 17:14:46', 'requestFeedback', '', 'b51b4bb0-827c-11e7-8a2c-f8cfbeb2ebca', 'ARIA W'), ('e3e38240-0928-11e8-8142-226fc36bb363', '4fb38510-9e8a-11e7-a1c7-b577361dd49f', 'Hey team, tell us what customers love about this style.', 'e3d689f0-0928-11e8-af19-a15002fc8055', 'requestFeedback', '0', '1', '9d7e7d00-6770-11e7-8064-f38bf4767f4b', '2018-02-03 21:26:26', '2018-02-07 17:14:46', 'requestFeedback', '', 'b51b4bb0-827c-11e7-8a2c-f8cfbeb2ebca', 'ARIA W'), ('e3e3d060-0928-11e8-bc23-a47a0b75bb7a', '52f44810-9e51-11e7-af98-6c27d0a4382e', 'Hey team, tell us what customers love about this style.', 'e3d689f0-0928-11e8-af19-a15002fc8055', 'requestFeedback', '0', '1', '9d7e7d00-6770-11e7-8064-f38bf4767f4b', '2018-02-03 21:26:26', '2018-02-07 17:14:46', 'requestFeedback', '', 'b51b4bb0-827c-11e7-8a2c-f8cfbeb2ebca', 'ARIA W'), ('e3e3f770-0928-11e8-beb8-fc5b015396b3', 'b1064660-9398-11e7-9e5f-3733450a79a0', 'Hey team, tell us what customers love about this style.', 'e3d689f0-0928-11e8-af19-a15002fc8055', 'requestFeedback', '0', '1', '9d7e7d00-6770-11e7-8064-f38bf4767f4b', '2018-02-03 21:26:26', '2018-02-07 17:14:46', 'requestFeedback', '', 'b51b4bb0-827c-11e7-8a2c-f8cfbeb2ebca', 'ARIA W'), ('e3e41e80-0928-11e8-b2c6-2117a684d250', '9d11f000-9398-11e7-a45b-71cfa65a584c', 'Hey team, tell us what customers love about this style.', 'e3d689f0-0928-11e8-af19-a15002fc8055', 'requestFeedback', '0', '1', '9d7e7d00-6770-11e7-8064-f38bf4767f4b', '2018-02-03 21:26:26', '2018-02-07 17:14:46', 'requestFeedback', '', 'b51b4bb0-827c-11e7-8a2c-f8cfbeb2ebca', 'ARIA W'), ('e3e46ca0-0928-11e8-8454-2ef7f8ec495e', '804b73b0-9398-11e7-803d-e1af73884cbb', 'Hey team, tell us what customers love about this style.', 'e3d689f0-0928-11e8-af19-a15002fc8055', 'requestFeedback', '0', '1', '9d7e7d00-6770-11e7-8064-f38bf4767f4b', '2018-02-03 21:26:26', '2018-02-07 17:14:46', 'requestFeedback', '', 'b51b4bb0-827c-11e7-8a2c-f8cfbeb2ebca', 'ARIA W'), ('e3e4bac0-0928-11e8-88b8-5aa911fb2c0f', 'f8e436a0-9397-11e7-8b95-9a063eb9161f', 'Hey team, tell us what customers love about this style.', 'e3d689f0-0928-11e8-af19-a15002fc8055', 'requestFeedback', '0', '1', '9d7e7d00-6770-11e7-8064-f38bf4767f4b', '2018-02-03 21:26:26', '2018-02-07 17:14:46', 'requestFeedback', '', 'b51b4bb0-827c-11e7-8a2c-f8cfbeb2ebca', 'ARIA W'), ('e3e4e1d0-0928-11e8-9119-69cf4cd7b799', '65cae530-9397-11e7-81c4-179927a43dde', 'Hey team, tell us what customers love about this style.', 'e3d689f0-0928-11e8-af19-a15002fc8055', 'requestFeedback', '0', '1', '9d7e7d00-6770-11e7-8064-f38bf4767f4b', '2018-02-03 21:26:26', '2018-02-07 17:14:46', 'requestFeedback', '', 'b51b4bb0-827c-11e7-8a2c-f8cfbeb2ebca', 'ARIA W'), ('e3e508e0-0928-11e8-b56f-557273de0ef6', '3ceba370-9397-11e7-8e9b-d7570b7c3f97', 'Hey team, tell us what customers love about this style.', 'e3d689f0-0928-11e8-af19-a15002fc8055', 'requestFeedback', '0', '1', '9d7e7d00-6770-11e7-8064-f38bf4767f4b', '2018-02-03 21:26:26', '2018-02-07 17:14:46', 'requestFeedback', '', 'b51b4bb0-827c-11e7-8a2c-f8cfbeb2ebca', 'ARIA W'), ('e3e52ff0-0928-11e8-b314-98a4f6d5757c', '20afd060-9396-11e7-ab5d-b795e7ba6e35', 'Hey team, tell us what customers love about this style.', 'e3d689f0-0928-11e8-af19-a15002fc8055', 'requestFeedback', '0', '1', '9d7e7d00-6770-11e7-8064-f38bf4767f4b', '2018-02-03 21:26:26', '2018-02-07 17:14:46', 'requestFeedback', '', 'b51b4bb0-827c-11e7-8a2c-f8cfbeb2ebca', 'ARIA W'), ('e3e55700-0928-11e8-b6f1-b21fb448b7df', '0df4e460-9396-11e7-91d7-dd5dae17bad9', 'Hey team, tell us what customers love about this style.', 'e3d689f0-0928-11e8-af19-a15002fc8055', 'requestFeedback', '0', '1', '9d7e7d00-6770-11e7-8064-f38bf4767f4b', '2018-02-03 21:26:26', '2018-02-07 17:14:46', 'requestFeedback', '', 'b51b4bb0-827c-11e7-8a2c-f8cfbeb2ebca', 'ARIA W'), ('e3e57e10-0928-11e8-a9fb-b125b35349c5', 'ef01c410-9395-11e7-97d8-79c618a4276e', 'Hey team, tell us what customers love about this style.', 'e3d689f0-0928-11e8-af19-a15002fc8055', 'requestFeedback', '0', '1', '9d7e7d00-6770-11e7-8064-f38bf4767f4b', '2018-02-03 21:26:26', '2018-02-07 17:14:46', 'requestFeedback', '', 'b51b4bb0-827c-11e7-8a2c-f8cfbeb2ebca', 'ARIA W'), ('e7bbfc70-f69b-11e7-8cb1-729226fba385', '8a402800-9395-11e7-9b19-0c3ab4078e1e', '', '-1', 'responseForRequest', '0', '0', 'ef01c410-9395-11e7-97d8-79c618a4276e', '2018-01-11 06:51:52', '2018-01-11 06:51:52', 'feedback', '', 'dd9f1510-9395-11e7-983e-aace4d7d4c3b', 'ARIA W'), ('eb9eab00-3c4e-11e8-b460-d311e234b79e', '65cae530-9397-11e7-81c4-179927a43dde', 'Hi all, please tell us what customers have been saying about this style. ', 'eb98b790-3c4e-11e8-b00b-bd29a8779950', 'requestFeedback', '0', '1', '68270f90-9395-11e7-a3f0-daa7744d684d', '2018-04-09 23:37:09', '2018-04-13 17:49:06', 'requestFeedback', '', 'b51b4bb0-827c-11e7-8a2c-f8cfbeb2ebca', 'AIDEN17SIMPO'), ('eb9ef920-3c4e-11e8-be8e-35a8aaf07c4f', '3ceba370-9397-11e7-8e9b-d7570b7c3f97', 'Hi all, please tell us what customers have been saying about this style. ', 'eb98b790-3c4e-11e8-b00b-bd29a8779950', 'requestFeedback', '0', '1', '68270f90-9395-11e7-a3f0-daa7744d684d', '2018-04-09 23:37:09', '2018-04-13 17:49:06', 'requestFeedback', '', 'b51b4bb0-827c-11e7-8a2c-f8cfbeb2ebca', 'AIDEN17SIMPO'), ('eb9f4740-3c4e-11e8-98a1-8a79b54236fe', 'b1064660-9398-11e7-9e5f-3733450a79a0', 'Hi all, please tell us what customers have been saying about this style. ', 'eb98b790-3c4e-11e8-b00b-bd29a8779950', 'requestFeedback', '0', '1', '68270f90-9395-11e7-a3f0-daa7744d684d', '2018-04-09 23:37:09', '2018-04-13 17:49:06', 'requestFeedback', '', 'b51b4bb0-827c-11e7-8a2c-f8cfbeb2ebca', 'AIDEN17SIMPO'), ('eb9f6e50-3c4e-11e8-b635-ce6b8e278379', '9d11f000-9398-11e7-a45b-71cfa65a584c', 'Hi all, please tell us what customers have been saying about this style. ', 'eb98b790-3c4e-11e8-b00b-bd29a8779950', 'requestFeedback', '0', '1', '68270f90-9395-11e7-a3f0-daa7744d684d', '2018-04-09 23:37:09', '2018-04-13 17:49:06', 'requestFeedback', '', 'b51b4bb0-827c-11e7-8a2c-f8cfbeb2ebca', 'AIDEN17SIMPO'), ('eb9f9560-3c4e-11e8-9e85-baa8e949e8d0', '804b73b0-9398-11e7-803d-e1af73884cbb', 'Hi all, please tell us what customers have been saying about this style. ', 'eb98b790-3c4e-11e8-b00b-bd29a8779950', 'requestFeedback', '0', '1', '68270f90-9395-11e7-a3f0-daa7744d684d', '2018-04-09 23:37:09', '2018-04-13 17:49:06', 'requestFeedback', '', 'b51b4bb0-827c-11e7-8a2c-f8cfbeb2ebca', 'AIDEN17SIMPO'), ('eb9fbc70-3c4e-11e8-8521-699db09c43fb', '9006c060-aed8-11e7-b843-f517d2abf12a', 'Hi all, please tell us what customers have been saying about this style. ', 'eb98b790-3c4e-11e8-b00b-bd29a8779950', 'requestFeedback', '0', '1', '68270f90-9395-11e7-a3f0-daa7744d684d', '2018-04-09 23:37:09', '2018-04-13 17:49:06', 'requestFeedback', '', 'b51b4bb0-827c-11e7-8a2c-f8cfbeb2ebca', 'AIDEN17SIMPO'), ('eb9fe380-3c4e-11e8-a2bf-f48a5db8365d', '20afd060-9396-11e7-ab5d-b795e7ba6e35', 'Hi all, please tell us what customers have been saying about this style. ', 'eb98b790-3c4e-11e8-b00b-bd29a8779950', 'requestFeedback', '0', '1', '68270f90-9395-11e7-a3f0-daa7744d684d', '2018-04-09 23:37:09', '2018-04-13 17:49:06', 'requestFeedback', '', 'b51b4bb0-827c-11e7-8a2c-f8cfbeb2ebca', 'AIDEN17SIMPO'), ('eba031a0-3c4e-11e8-970a-844eed4032ff', '0df4e460-9396-11e7-91d7-dd5dae17bad9', 'Hi all, please tell us what customers have been saying about this style. ', 'eb98b790-3c4e-11e8-b00b-bd29a8779950', 'requestFeedback', '0', '1', '68270f90-9395-11e7-a3f0-daa7744d684d', '2018-04-09 23:37:09', '2018-04-13 17:49:06', 'requestFeedback', '', 'b51b4bb0-827c-11e7-8a2c-f8cfbeb2ebca', 'AIDEN17SIMPO'), ('eba058b0-3c4e-11e8-9a15-db60c5cf8700', 'ef01c410-9395-11e7-97d8-79c618a4276e', 'Hi all, please tell us what customers have been saying about this style. ', 'eb98b790-3c4e-11e8-b00b-bd29a8779950', 'requestFeedback', '0', '1', '68270f90-9395-11e7-a3f0-daa7744d684d', '2018-04-09 23:37:09', '2018-04-13 17:49:06', 'requestFeedback', '', 'b51b4bb0-827c-11e7-8a2c-f8cfbeb2ebca', 'AIDEN17SIMPO'), ('eba19130-3c4e-11e8-9c96-b474aca0f071', '69744160-a17d-11e7-b8fe-e0d8bb2f474c', 'Hi all, please tell us what customers have been saying about this style. ', 'eb98b790-3c4e-11e8-b00b-bd29a8779950', 'requestFeedback', '0', '1', '68270f90-9395-11e7-a3f0-daa7744d684d', '2018-04-09 23:37:09', '2018-04-13 17:49:06', 'requestFeedback', '', 'b51b4bb0-827c-11e7-8a2c-f8cfbeb2ebca', 'AIDEN17SIMPO'), ('ef378810-f714-11e7-92d4-f4627fc40e58', '65cae530-9397-11e7-81c4-179927a43dde', 'I agree with @Emily Paul we\'ve had the same problem.', 'dee7c6c0-f6b3-11e7-bae9-5081e0ce0e64', 'commented', '0', '0', '181a0540-9398-11e7-b2f0-cfaf4e888818', '2018-01-11 21:18:14', '2018-01-11 21:18:14', 'feedback', 'ef34a1e0-f714-11e7-9a89-554a0cd2daf1', 'd5cfce40-9397-11e7-b3b4-d217ca389f53', 'DADO17SMCDO'), ('f05bd4d0-fc9b-11e7-bdaf-871fb5f65091', '9006c060-aed8-11e7-b843-f517d2abf12a', 'Love to hear what people think of this everyone!?', 'ef81ef90-fc9b-11e7-be55-c4a0dc59d10f', 'requestFeedback', '0', '0', '37f65470-9395-11e7-aef2-d79ace5f7884', '2018-01-18 22:07:14', '2018-01-18 22:07:14', 'requestFeedback', '', 'b51b4bb0-827c-11e7-8a2c-f8cfbeb2ebca', 'ARIA W'), ('f05c22f0-fc9b-11e7-a03c-a14a936fe854', '3dce5160-a4a5-11e7-9e3a-ce5eedc867a1', 'Love to hear what people think of this everyone!?', 'ef81ef90-fc9b-11e7-be55-c4a0dc59d10f', 'requestFeedback', '0', '0', '37f65470-9395-11e7-aef2-d79ace5f7884', '2018-01-18 22:07:14', '2018-01-18 22:07:14', 'requestFeedback', '', 'b51b4bb0-827c-11e7-8a2c-f8cfbeb2ebca', 'ARIA W'), ('f05c4a00-fc9b-11e7-bb95-1a62b3c62001', 'd1892c40-a4a0-11e7-bcac-2df719bae2be', 'Love to hear what people think of this everyone!?', 'ef81ef90-fc9b-11e7-be55-c4a0dc59d10f', 'requestFeedback', '0', '0', '37f65470-9395-11e7-aef2-d79ace5f7884', '2018-01-18 22:07:14', '2018-01-18 22:07:14', 'requestFeedback', '', 'b51b4bb0-827c-11e7-8a2c-f8cfbeb2ebca', 'ARIA W'), ('f05c7110-fc9b-11e7-bf75-b6ec2915a646', 'dc050330-a232-11e7-8e3f-ec57ae8d2f97', 'Love to hear what people think of this everyone!?', 'ef81ef90-fc9b-11e7-be55-c4a0dc59d10f', 'requestFeedback', '0', '0', '37f65470-9395-11e7-aef2-d79ace5f7884', '2018-01-18 22:07:14', '2018-01-18 22:07:14', 'requestFeedback', '', 'b51b4bb0-827c-11e7-8a2c-f8cfbeb2ebca', 'ARIA W'), ('f05c9820-fc9b-11e7-88fc-b57ebb5fbe66', '69744160-a17d-11e7-b8fe-e0d8bb2f474c', 'Love to hear what people think of this everyone!?', 'ef81ef90-fc9b-11e7-be55-c4a0dc59d10f', 'requestFeedback', '0', '0', '37f65470-9395-11e7-aef2-d79ace5f7884', '2018-01-18 22:07:14', '2018-01-18 22:07:14', 'requestFeedback', '', 'b51b4bb0-827c-11e7-8a2c-f8cfbeb2ebca', 'ARIA W'), ('f05cbf30-fc9b-11e7-8b20-8276e0f719f2', '7389a3f0-a044-11e7-84ec-2b92e5acf41d', 'Love to hear what people think of this everyone!?', 'ef81ef90-fc9b-11e7-be55-c4a0dc59d10f', 'requestFeedback', '0', '0', '37f65470-9395-11e7-aef2-d79ace5f7884', '2018-01-18 22:07:14', '2018-01-18 22:07:14', 'requestFeedback', '', 'b51b4bb0-827c-11e7-8a2c-f8cfbeb2ebca', 'ARIA W'), ('f05d0d50-fc9b-11e7-a716-198596f8b989', 'ef5293a0-a000-11e7-a0cd-9d131b07cd33', 'Love to hear what people think of this everyone!?', 'ef81ef90-fc9b-11e7-be55-c4a0dc59d10f', 'requestFeedback', '0', '0', '37f65470-9395-11e7-aef2-d79ace5f7884', '2018-01-18 22:07:14', '2018-01-18 22:07:14', 'requestFeedback', '', 'b51b4bb0-827c-11e7-8a2c-f8cfbeb2ebca', 'ARIA W'), ('f05d3460-fc9b-11e7-8475-040d006f8bcc', 'b8112e20-9fff-11e7-a4eb-73e48f1bde05', 'Love to hear what people think of this everyone!?', 'ef81ef90-fc9b-11e7-be55-c4a0dc59d10f', 'requestFeedback', '0', '0', '37f65470-9395-11e7-aef2-d79ace5f7884', '2018-01-18 22:07:14', '2018-01-18 22:07:14', 'requestFeedback', '', 'b51b4bb0-827c-11e7-8a2c-f8cfbeb2ebca', 'ARIA W'), ('f05d5b70-fc9b-11e7-9fbd-9b2a7ef96124', '181a0540-9398-11e7-b2f0-cfaf4e888818', 'Love to hear what people think of this everyone!?', 'ef81ef90-fc9b-11e7-be55-c4a0dc59d10f', 'requestFeedback', '0', '0', '37f65470-9395-11e7-aef2-d79ace5f7884', '2018-01-18 22:07:14', '2018-01-18 22:07:14', 'requestFeedback', '', 'b51b4bb0-827c-11e7-8a2c-f8cfbeb2ebca', 'ARIA W'), ('f05d8280-fc9b-11e7-a80b-89f1ba8cbdd5', 'd437bbd0-9f4d-11e7-a658-1384ca7bc941', 'Love to hear what people think of this everyone!?', 'ef81ef90-fc9b-11e7-be55-c4a0dc59d10f', 'requestFeedback', '0', '0', '37f65470-9395-11e7-aef2-d79ace5f7884', '2018-01-18 22:07:14', '2018-01-18 22:07:14', 'requestFeedback', '', 'b51b4bb0-827c-11e7-8a2c-f8cfbeb2ebca', 'ARIA W'), ('f05da990-fc9b-11e7-a7cc-a8c7bfc4a4ae', 'aa695f20-9f4d-11e7-b5dc-03da657c9c87', 'Love to hear what people think of this everyone!?', 'ef81ef90-fc9b-11e7-be55-c4a0dc59d10f', 'requestFeedback', '0', '0', '37f65470-9395-11e7-aef2-d79ace5f7884', '2018-01-18 22:07:14', '2018-01-18 22:07:14', 'requestFeedback', '', 'b51b4bb0-827c-11e7-8a2c-f8cfbeb2ebca', 'ARIA W'), ('f05dd0a0-fc9b-11e7-9b29-5b3fece3a47e', '889b75f0-9f4c-11e7-9b4f-2e9ec46159d9', 'Love to hear what people think of this everyone!?', 'ef81ef90-fc9b-11e7-be55-c4a0dc59d10f', 'requestFeedback', '0', '0', '37f65470-9395-11e7-aef2-d79ace5f7884', '2018-01-18 22:07:14', '2018-01-18 22:07:14', 'requestFeedback', '', 'b51b4bb0-827c-11e7-8a2c-f8cfbeb2ebca', 'ARIA W'), ('f05e1ec0-fc9b-11e7-a283-d8fd148308a0', '4fb38510-9e8a-11e7-a1c7-b577361dd49f', 'Love to hear what people think of this everyone!?', 'ef81ef90-fc9b-11e7-be55-c4a0dc59d10f', 'requestFeedback', '0', '0', '37f65470-9395-11e7-aef2-d79ace5f7884', '2018-01-18 22:07:14', '2018-01-18 22:07:14', 'requestFeedback', '', 'b51b4bb0-827c-11e7-8a2c-f8cfbeb2ebca', 'ARIA W'), ('f05e45d0-fc9b-11e7-b06c-149a34967dac', '52f44810-9e51-11e7-af98-6c27d0a4382e', 'Love to hear what people think of this everyone!?', 'ef81ef90-fc9b-11e7-be55-c4a0dc59d10f', 'requestFeedback', '0', '0', '37f65470-9395-11e7-aef2-d79ace5f7884', '2018-01-18 22:07:14', '2018-01-18 22:07:14', 'requestFeedback', '', 'b51b4bb0-827c-11e7-8a2c-f8cfbeb2ebca', 'ARIA W'), ('f05e6ce0-fc9b-11e7-89d8-a92b44977603', 'b1064660-9398-11e7-9e5f-3733450a79a0', 'Love to hear what people think of this everyone!?', 'ef81ef90-fc9b-11e7-be55-c4a0dc59d10f', 'requestFeedback', '0', '0', '37f65470-9395-11e7-aef2-d79ace5f7884', '2018-01-18 22:07:14', '2018-01-18 22:07:14', 'requestFeedback', '', 'b51b4bb0-827c-11e7-8a2c-f8cfbeb2ebca', 'ARIA W'), ('f05ebb00-fc9b-11e7-a21b-10cc43b71de6', '9d11f000-9398-11e7-a45b-71cfa65a584c', 'Love to hear what people think of this everyone!?', 'ef81ef90-fc9b-11e7-be55-c4a0dc59d10f', 'requestFeedback', '0', '0', '37f65470-9395-11e7-aef2-d79ace5f7884', '2018-01-18 22:07:14', '2018-01-18 22:07:14', 'requestFeedback', '', 'b51b4bb0-827c-11e7-8a2c-f8cfbeb2ebca', 'ARIA W'), ('f05ee210-fc9b-11e7-b3b4-85aba8bf444c', '804b73b0-9398-11e7-803d-e1af73884cbb', 'Love to hear what people think of this everyone!?', 'ef81ef90-fc9b-11e7-be55-c4a0dc59d10f', 'requestFeedback', '0', '0', '37f65470-9395-11e7-aef2-d79ace5f7884', '2018-01-18 22:07:14', '2018-01-18 22:07:14', 'requestFeedback', '', 'b51b4bb0-827c-11e7-8a2c-f8cfbeb2ebca', 'ARIA W'), ('f05f0920-fc9b-11e7-92c3-5ee641870ba0', 'f8e436a0-9397-11e7-8b95-9a063eb9161f', 'Love to hear what people think of this everyone!?', 'ef81ef90-fc9b-11e7-be55-c4a0dc59d10f', 'requestFeedback', '1', '0', '37f65470-9395-11e7-aef2-d79ace5f7884', '2018-01-18 22:07:14', '2018-01-18 22:07:14', 'requestFeedback', '', 'b51b4bb0-827c-11e7-8a2c-f8cfbeb2ebca', 'ARIA W'), ('f05f3030-fc9b-11e7-84a0-e5db69d96586', '65cae530-9397-11e7-81c4-179927a43dde', 'Love to hear what people think of this everyone!?', 'ef81ef90-fc9b-11e7-be55-c4a0dc59d10f', 'requestFeedback', '0', '0', '37f65470-9395-11e7-aef2-d79ace5f7884', '2018-01-18 22:07:14', '2018-01-18 22:07:14', 'requestFeedback', '', 'b51b4bb0-827c-11e7-8a2c-f8cfbeb2ebca', 'ARIA W'), ('f05f5740-fc9b-11e7-80b5-bd5aa178794d', '3ceba370-9397-11e7-8e9b-d7570b7c3f97', 'Love to hear what people think of this everyone!?', 'ef81ef90-fc9b-11e7-be55-c4a0dc59d10f', 'requestFeedback', '0', '0', '37f65470-9395-11e7-aef2-d79ace5f7884', '2018-01-18 22:07:14', '2018-01-18 22:07:14', 'requestFeedback', '', 'b51b4bb0-827c-11e7-8a2c-f8cfbeb2ebca', 'ARIA W'), ('f05f7e50-fc9b-11e7-b8b6-0e47f068063c', '20afd060-9396-11e7-ab5d-b795e7ba6e35', 'Love to hear what people think of this everyone!?', 'ef81ef90-fc9b-11e7-be55-c4a0dc59d10f', 'requestFeedback', '0', '0', '37f65470-9395-11e7-aef2-d79ace5f7884', '2018-01-18 22:07:14', '2018-01-18 22:07:14', 'requestFeedback', '', 'b51b4bb0-827c-11e7-8a2c-f8cfbeb2ebca', 'ARIA W'), ('f05fcc70-fc9b-11e7-b9fe-1883ae393dd5', '0df4e460-9396-11e7-91d7-dd5dae17bad9', 'Love to hear what people think of this everyone!?', 'ef81ef90-fc9b-11e7-be55-c4a0dc59d10f', 'requestFeedback', '0', '0', '37f65470-9395-11e7-aef2-d79ace5f7884', '2018-01-18 22:07:14', '2018-01-18 22:07:14', 'requestFeedback', '', 'b51b4bb0-827c-11e7-8a2c-f8cfbeb2ebca', 'ARIA W'), ('f05ff380-fc9b-11e7-ad42-1417e7093bac', 'ef01c410-9395-11e7-97d8-79c618a4276e', 'Love to hear what people think of this everyone!?', 'ef81ef90-fc9b-11e7-be55-c4a0dc59d10f', 'requestFeedback', '0', '0', '37f65470-9395-11e7-aef2-d79ace5f7884', '2018-01-18 22:07:14', '2018-01-18 22:07:14', 'requestFeedback', '', 'b51b4bb0-827c-11e7-8a2c-f8cfbeb2ebca', 'ARIA W'), ('f1aa6330-f71c-11e7-87c5-470c577678e7', '65cae530-9397-11e7-81c4-179927a43dde', '', 'dee7c6c0-f6b3-11e7-bae9-5081e0ce0e64', 'liked', '0', '0', '4c8256f0-9395-11e7-89a6-88568af3c30e', '2018-01-11 22:15:34', '2018-01-11 22:15:34', 'feedback', '', 'b51b4bb0-827c-11e7-8a2c-f8cfbeb2ebca', 'DADO17SMCDO'), ('f6416590-f71e-11e7-bf2c-b9d015dadd00', 'f8e436a0-9397-11e7-8b95-9a063eb9161f', '', 'dc6b5270-f71e-11e7-9ff7-11d665a51321', 'thank', '0', '0', '4c8256f0-9395-11e7-89a6-88568af3c30e', '2018-01-11 22:30:01', '2018-01-11 22:30:01', 'feedback', '', 'b51b4bb0-827c-11e7-8a2c-f8cfbeb2ebca', 'JOLLY17SMCDO'), ('faf6c230-f71c-11e7-b8a4-189456b88baa', '65cae530-9397-11e7-81c4-179927a43dde', 'Thanks for the info here @Mia Cooper  we are looking into this.', 'dee7c6c0-f6b3-11e7-bae9-5081e0ce0e64', 'commented', '0', '0', '4c8256f0-9395-11e7-89a6-88568af3c30e', '2018-01-11 22:15:49', '2018-01-11 22:15:49', 'feedback', 'f9113950-f71c-11e7-975e-cb1108e719ab', 'b51b4bb0-827c-11e7-8a2c-f8cfbeb2ebca', 'DADO17SMCDO'), ('faf7fab0-f71c-11e7-9ecd-e78c293b2694', '181a0540-9398-11e7-b2f0-cfaf4e888818', 'Thanks for the info here @Mia Cooper  we are looking into this.', 'dee7c6c0-f6b3-11e7-bae9-5081e0ce0e64', 'mentioned', '1', '0', '4c8256f0-9395-11e7-89a6-88568af3c30e', '2018-01-11 22:15:49', '2018-01-11 22:15:49', 'feedback', 'f9113950-f71c-11e7-975e-cb1108e719ab', 'b51b4bb0-827c-11e7-8a2c-f8cfbeb2ebca', 'DADO17SMCDO'), ('fc1d07d0-f71e-11e7-8c1e-64ae564cf6c6', 'f8e436a0-9397-11e7-8b95-9a063eb9161f', 'Thanks for this, we\'ll look into it.', 'dc6b5270-f71e-11e7-9ff7-11d665a51321', 'commented', '0', '0', '4c8256f0-9395-11e7-89a6-88568af3c30e', '2018-01-11 22:30:10', '2018-01-11 22:30:10', 'feedback', 'fc1a6fc0-f71e-11e7-9352-5d4412f01a5e', 'b51b4bb0-827c-11e7-8a2c-f8cfbeb2ebca', 'JOLLY17SMCDO'), ('fc859040-f6b3-11e7-9871-9ec9d520b513', '0df4e460-9396-11e7-91d7-dd5dae17bad9', '', 'a6d18710-f69c-11e7-b142-8883cbd1c171', 'liked', '0', '0', '65cae530-9397-11e7-81c4-179927a43dde', '2018-01-11 09:44:15', '2018-01-11 09:44:15', 'feedback', '', '224288e0-9397-11e7-839d-a0ba6612daa5', 'BRANDON CANVAS M');
COMMIT;

-- ----------------------------
--  Table structure for `organizations`
-- ----------------------------
DROP TABLE IF EXISTS `organizations`;
CREATE TABLE `organizations` (
  `id` char(36) CHARACTER SET utf8 COLLATE utf8_bin NOT NULL,
  `domain` varchar(255) NOT NULL,
  `parentId` varchar(36) DEFAULT NULL,
  `productUrlPrefix` varchar(500) NOT NULL,
  `productSearchIndex` varchar(200) NOT NULL,
  `deleted` tinyint(1) NOT NULL DEFAULT '0',
  `creatorId` varchar(255) DEFAULT NULL,
  `createdAt` datetime NOT NULL,
  `updatedAt` datetime NOT NULL,
  `expansion` varchar(1000) DEFAULT NULL,
  `active` tinyint(4) NOT NULL,
  `name` varchar(100) NOT NULL,
  PRIMARY KEY (`id`)
) ENGINE=InnoDB DEFAULT CHARSET=utf8 ROW_FORMAT=DYNAMIC;

-- ----------------------------
--  Records of `organizations`
-- ----------------------------
BEGIN;
INSERT INTO `organizations` VALUES ('4d49e6de-3289-11e6-93c3-0242ac110002', 'demo.seekstock.nz', '', '', 'overland_index', '0', '', '2016-06-14 23:39:56', '2017-03-31 04:57:19', '{\"type\":\"vend\",\"id\":\"0adfd74a-15df-11e7-f182-15ce848185c4\",\"retailer_id\":\"0adfd74a-1555-11e7-f182-0a921c1a4476\",\"user_id\":\"0adfd74a-15df-11e7-f182-0d11f2dac435\",\"domain_prefix\":\"seekstock\",\"access_token\":\"KWDZNSo67g4xBSF3mga7a:D88DDMhWHkC3O7vUjQ\",\"refresh_token\":\"qYI6j7xckavWEzEhldZ4jHsS0Wmw2EEiFgokyIkd\",\"token_type\":\"Bearer\"}', '1', 'demo');
COMMIT;

-- ----------------------------
--  Table structure for `principals`
-- ----------------------------
DROP TABLE IF EXISTS `principals`;
CREATE TABLE `principals` (
  `id` varchar(36) NOT NULL,
  `username` varchar(255) NOT NULL,
  `passwordHash` varchar(255) NOT NULL,
  `creatorId` varchar(36) DEFAULT NULL,
  `createdAt` datetime NOT NULL,
  `updatedAt` datetime NOT NULL,
  `active` tinyint(1) DEFAULT NULL,
  `deleted` tinyint(1) NOT NULL,
  `type` varchar(36) DEFAULT NULL,
  `organizationId` varchar(36) DEFAULT NULL,
  `spotId` varchar(36) NOT NULL,
  PRIMARY KEY (`id`)
) ENGINE=InnoDB DEFAULT CHARSET=utf8mb4 ROW_FORMAT=DYNAMIC;

-- ----------------------------
--  Records of `principals`
-- ----------------------------
BEGIN;
INSERT INTO `principals` VALUES ('021afbb0-a247-11e7-9284-636a8a23eb80', 'wyf_1212@163.com', '$2a$05$SA61Q9Vw/fF5RboaPcBwc.l/VVNKCuypVTHjmwZsruracQ1/m83G.', '9d7e7d00-6770-11e7-8064-f38bf4767f4b', '2017-09-25 23:12:31', '2018-01-11 06:20:26', '0', '0', 'store', '4d49e6de-3289-11e6-93c3-0242ac110002', '02289040-a247-11e7-956c-00adf4781720'), ('2238c4e0-9397-11e7-b262-859e6519d98d', 'riccarton@brand.com', '$2a$05$8dsaH1Q9KXdLzwVWB1VhXesV9hHReRyav9h6npYPvu0yoMXlUNHAC', '9d7e7d00-6770-11e7-8064-f38bf4767f4b', '2017-09-07 06:38:18', '2017-09-07 06:38:18', '1', '0', 'store', '4d49e6de-3289-11e6-93c3-0242ac110002', '224288e0-9397-11e7-839d-a0ba6612daa5'), ('31cbf840-9e51-11e7-ac95-c21c403b0c20', 'nelson@brand.com', '$2a$05$H8cm1U48bZWcCNgzulDONe.3VglrDXCF02ExAo22Hwb7dJk2QQWkK', '9d7e7d00-6770-11e7-8064-f38bf4767f4b', '2017-09-20 22:15:22', '2018-01-18 01:47:46', '0', '0', 'store', '4d49e6de-3289-11e6-93c3-0242ac110002', '31da0200-9e51-11e7-bbd6-13fc5a2ba2fe'), ('36caf800-a4a5-11e7-a0c2-47473209a8da', 'wanaka@brand.com', '$2a$05$fRWtvTkLzP/.ba2wTyncG.n06T9WFCJcd4yRrDpLcev61gHAB/GWm', '9d7e7d00-6770-11e7-8064-f38bf4767f4b', '2017-09-28 23:31:55', '2018-01-18 01:47:58', '0', '0', 'store', '4d49e6de-3289-11e6-93c3-0242ac110002', '36d94fe0-a4a5-11e7-8e17-b05d61585cf4'), ('37e71230-9395-11e7-8be1-923535f53f6d', 'chris.r@brand.com', '$2a$05$sFDGbhdPCknNVWxaTs4R5u8QTTbxSu4hROoMYn0hjrH01pwmUvLWO', '9d7e7d00-6770-11e7-8064-f38bf4767f4b', '2017-09-07 06:24:35', '2017-09-25 23:54:05', '1', '0', 'manager', '4d49e6de-3289-11e6-93c3-0242ac110002', '37f65470-9395-11e7-aef2-d79ace5f7884'), ('3879f430-a04a-11e7-9e09-d00a9ca72246', 'andrea@seekstock.co.nz', '$2a$05$TxgSrtooR/NXNiFd1Z9HEOhMCJ9Yr7HhEgqviF2qlqB1nhiSQ3h8m', '9d7e7d00-6770-11e7-8064-f38bf4767f4b', '2017-09-23 10:30:29', '2017-09-25 20:02:43', '0', '0', 'manager', '4d49e6de-3289-11e6-93c3-0242ac110002', '8f1d1cc0-a22c-11e7-b963-63972e3c0701'), ('3ef42cd0-9f4c-11e7-a4a3-314042c603f0', 'whangarei@brand.com', '$2a$05$nZ7eTo2WJDOnQZOuLxUWB.x5Z3F25aXgeRj6hzFrayBOh/evuP4/a', '9d7e7d00-6770-11e7-8064-f38bf4767f4b', '2017-09-22 04:12:28', '2018-03-30 02:09:59', '0', '0', 'store', '4d49e6de-3289-11e6-93c3-0242ac110002', '3f02abc0-9f4c-11e7-b2a7-3c061eec96f8'), ('4a195e90-a17d-11e7-ada1-2fe7b7569304', 'takapuna@brand.com', '$2a$05$s486pbx8a5rnZ3QULcCyl.LM7I/u2PHpQf5/uTxB8XaujxDqztVWK', '9d7e7d00-6770-11e7-8064-f38bf4767f4b', '2017-09-24 23:08:34', '2018-03-02 02:22:41', '2', '0', 'store', '4d49e6de-3289-11e6-93c3-0242ac110002', '4a29b240-a17d-11e7-b0a9-be7a48e21a16'), ('4c76e540-9395-11e7-9813-e849432e8c53', 'toni.s@brand.com', '$2a$05$UVjUTCssKABwpUJn5raDluKoMV8QOGh5H9fgy1KkabdGOhoaiNXhe', '9d7e7d00-6770-11e7-8064-f38bf4767f4b', '2017-09-07 06:25:10', '2017-09-23 01:28:40', '1', '0', 'manager', '4d49e6de-3289-11e6-93c3-0242ac110002', '4c8256f0-9395-11e7-89a6-88568af3c30e'), ('5f8743d0-a044-11e7-9ef2-41244a9830cf', 'ayebro@brand.com', '$2a$05$PAsh3fjdxqVLS96kcOJKuucB1RFX/7Htsi3N3mXgpdQGSW0/bLQhK', '9d7e7d00-6770-11e7-8064-f38bf4767f4b', '2017-09-23 09:48:37', '2017-10-31 01:11:51', '0', '0', 'store', '4d49e6de-3289-11e6-93c3-0242ac110002', '5f939fe0-a044-11e7-b1fe-cadb7137504f'), ('60fec1b0-9398-11e7-942e-84d23fe15539', 'queenstreet@brand.com', '$2a$05$dbg0eZy59BaK4x5ThRrrm.CB0veJ./xRb.PvmlxbdN08eDiyUnQXG', '9d7e7d00-6770-11e7-8064-f38bf4767f4b', '2017-09-07 06:47:12', '2017-09-07 06:47:12', '1', '0', 'store', '4d49e6de-3289-11e6-93c3-0242ac110002', '610689e0-9398-11e7-99c3-6fa5f86ae7c2'), ('61d09550-9e88-11e7-a65c-d8ecb34b30b2', 'thames@brand.com', '$2a$05$l.C9YD/he2Ho/e/XCSDHfOOjtIccJlgP4JbQ47phEopUplumnf8Li', 'null', '2017-09-21 04:50:25', '2018-01-18 01:47:44', '0', '0', 'store', '4d49e6de-3289-11e6-93c3-0242ac110002', '61dc0700-9e88-11e7-a363-7c7793ef9f4b'), ('6372f030-b3bc-11e7-81b4-ff51395b1190', 'anthonywang0517@gmail.com', '$2a$05$yGljiBUvtxgGBeaaYg4hn.YYTsnHHAIl55c6ggwgqki2Gar/JKvmi', '9d7e7d00-6770-11e7-8064-f38bf4767f4b', '2017-10-18 04:25:36', '2018-04-03 22:51:26', '1', '0', 'manager', '4d49e6de-3289-11e6-93c3-0242ac110002', '6384a370-b3bc-11e7-9de5-ca3ee9889c3e'), ('681b9de0-9395-11e7-a531-03d75de3c786', 'sacha.s@brand.com', '$2a$05$zg8dHQzRS1JgXcbuHXGgOOpcBZ/IEXEdcZYJ/SEJ10cj3olmAXHmG', '9d7e7d00-6770-11e7-8064-f38bf4767f4b', '2017-09-07 06:25:56', '2017-09-28 10:55:04', '1', '0', 'manager', '4d49e6de-3289-11e6-93c3-0242ac110002', '68270f90-9395-11e7-a3f0-daa7744d684d'), ('8a36b220-9395-11e7-b0ec-44d15e1fafd7', 'rose.m@brand.com', '$2a$05$mcLTatCNfyq6/OamkOdG4.tvsoNthkSHXineByhiy/957jZn/2A7.', '9d7e7d00-6770-11e7-8064-f38bf4767f4b', '2017-09-07 06:26:53', '2017-10-31 03:13:17', '1', '0', 'manager', '4d49e6de-3289-11e6-93c3-0242ac110002', '8a402800-9395-11e7-9b19-0c3ab4078e1e'), ('8c1a3a40-a1ae-11e7-96d8-a9af88379b49', 'rose.ardern@gmail.com', '$2a$05$Y1xMmud26FDyC0kkv6H3ReRCGdwQCw.a9/Y65Tr6f6mE1QldfrYbG', '9d7e7d00-6770-11e7-8064-f38bf4767f4b', '2017-09-25 05:01:10', '2017-09-25 05:01:10', '2', '0', 'manager', '4d49e6de-3289-11e6-93c3-0242ac110002', '8c27a7c0-a1ae-11e7-a3da-c6e5830b5e30'), ('8f0ffd60-a22c-11e7-b620-27419f225ccb', 'andrea@seekstock.co.nz', '$2a$05$lMfxvsgMZ2mViHLiT1CpwuRttGMLM3oQ.op8wVT0tSMWe1Rx3m2my', '9d7e7d00-6770-11e7-8064-f38bf4767f4b', '2017-09-25 20:03:12', '2017-09-25 20:03:12', '2', '0', 'manager', '4d49e6de-3289-11e6-93c3-0242ac110002', '8f1d1cc0-a22c-11e7-b963-63972e3c0701'), ('90946290-9fff-11e7-b565-c60be0090bd6', 'cubastreet@brand.com', '$2a$05$zff6n4fw5NzL2OvaP2jCyeJJ6l8quueJXpULpH4o5S5CED9w.4fz6', '4c8256f0-9395-11e7-89a6-88568af3c30e', '2017-09-23 01:36:04', '2018-01-18 01:48:05', '0', '0', 'store', '4d49e6de-3289-11e6-93c3-0242ac110002', '90a26c50-9fff-11e7-a1a0-ba76c3217095'), ('926fddc0-a43b-11e7-9363-797edccca2d6', 'tony@seesktock.co.nz', '$2a$05$WwgDrE1otdeuqSm3Uh.tu.lygZtZfqh7XBPAtggA6vGDc0TWssmpm', '68270f90-9395-11e7-a3f0-daa7744d684d', '2017-09-28 10:55:42', '2018-01-11 06:20:28', '0', '0', 'store', '4d49e6de-3289-11e6-93c3-0242ac110002', '927e35a0-a43b-11e7-8a3c-2aa6e2f49709'), ('9d659dd0-6770-11e7-8d35-b2970c237fde', 'support@seekstock.co.nz', '$2a$05$zTCJeyo3p8Moje6trSeRdeJKJK4NWZVIfbWL9vqLx/q8vVtILxwmS', 'aea9ec40-e2d2-11e6-b4dd-7e86f10cad2e', '2017-07-13 02:11:43', '2017-07-13 06:16:20', '1', '0', 'manager', '4d49e6de-3289-11e6-93c3-0242ac110002', '9d7e7d00-6770-11e7-8064-f38bf4767f4b'), ('a89e2f50-a1ae-11e7-ad9c-1888bb0f4649', 'drea.vdm@gmail.com', '$2a$05$8QzhLNwEKJ9BKZfj.LcDuuDNiwrdyrfob3MQXe.yGsmisX4GlY40m', '9d7e7d00-6770-11e7-8064-f38bf4767f4b', '2017-09-25 05:01:58', '2017-09-25 20:02:49', '0', '0', 'manager', '4d49e6de-3289-11e6-93c3-0242ac110002', 'a8ae0dd0-a1ae-11e7-9cec-fa9a2bcf3d12'), ('a9dd6170-a4a0-11e7-9a66-b9aa26ff390c', 'dunedin@brand.com', '$2a$05$MnhJg86WFBlAaO3lU5lfZeM50pieBS7lxVzyNGvpWpqtUIwiojCtS', '9d7e7d00-6770-11e7-8064-f38bf4767f4b', '2017-09-28 22:59:20', '2018-03-02 02:40:51', '2', '0', 'store', '4d49e6de-3289-11e6-93c3-0242ac110002', 'a9ea59c0-a4a0-11e7-af92-836afa4a9f7e'), ('b2cdb220-bdd8-11e7-a12e-5a005254a7f1', 'youfa@seeckstock.co.nz', '$2a$05$QRLQ512OE4iixKmFbu1dauhY9T1ri8kmL9QOjXjbPZSlphSjU.je6', '9d7e7d00-6770-11e7-8064-f38bf4767f4b', '2017-10-31 01:13:26', '2018-01-11 06:20:38', '0', '0', 'store', '4d49e6de-3289-11e6-93c3-0242ac110002', 'b2daf890-bdd8-11e7-8860-a0ad8ae49b5f'), ('c7089d50-a7b1-11e7-94f7-3a091a346fd8', 'islandbay@brand.com', '$2a$05$1mSx1mFGc//f8thIJTSpB.XJUWOHm4oTGLbMWGu3vxrPhqgI.2vUW', '9d7e7d00-6770-11e7-8064-f38bf4767f4b', '2017-10-02 20:39:24', '2018-01-11 06:20:42', '0', '0', 'store', '4d49e6de-3289-11e6-93c3-0242ac110002', 'c716f530-a7b1-11e7-bee1-4747d50a4fb3'), ('c8e33f10-a232-11e7-baf5-125e2d2efba0', 'drea.vdm@gmail.com', '$2a$05$e3oiqv.nLsJ64cO/SfSZB.R4DU8oh2k2asp570kOBZklbAWOZCJMi', '9d7e7d00-6770-11e7-8064-f38bf4767f4b', '2017-09-25 20:47:46', '2018-01-11 06:20:17', '0', '0', 'store', '4d49e6de-3289-11e6-93c3-0242ac110002', 'c8f36bb0-a232-11e7-be69-7b31156153b7'), ('d5c742c0-9397-11e7-b18c-37c0d768b0c5', 'sylviapark@brand.com', '$2a$05$EpPW18dHnWhJJjgR7yeczuk9tbQ1ZLkA/hkTTUMBsVGmN7wSDGr6u', '9d7e7d00-6770-11e7-8064-f38bf4767f4b', '2017-09-07 06:43:19', '2017-09-07 06:44:24', '1', '0', 'store', '4d49e6de-3289-11e6-93c3-0242ac110002', 'd5cfce40-9397-11e7-b3b4-d217ca389f53'), ('d7a35200-a43b-11e7-ad8c-560ab46cdbf3', 'tony@seekstock.co.nz', '$2a$05$/RuIr5ZJlXqaREUmTcC97.uAvirImfArfW3yFQ.I24uPZVZDumqQC', '68270f90-9395-11e7-a3f0-daa7744d684d', '2017-09-28 10:57:38', '2018-01-11 06:20:13', '0', '0', 'store', '4d49e6de-3289-11e6-93c3-0242ac110002', 'd7b2bb50-a43b-11e7-ba03-095ca0c0aa88'), ('dd97c210-9395-11e7-8c72-2c1babef671b', 'lambtonquay@brand.com', '$2a$05$hweJvPJvWqrjp4BxGEuBhuo.2KKDOOhanPUQ32.U8zHRWqhJaxW1u', '9d7e7d00-6770-11e7-8064-f38bf4767f4b', '2017-09-07 06:29:13', '2017-09-07 06:29:13', '1', '0', 'store', '4d49e6de-3289-11e6-93c3-0242ac110002', 'dd9f1510-9395-11e7-983e-aace4d7d4c3b'), ('ddb44150-bdf3-11e7-9f88-c26e310939a1', 'aaa@www.com', '$2a$05$Aq4TtgeOPliCXDEcuoC3YOw6nGkZNcPLBysdQUwhpU5oaq94FR0Eu', '9d7e7d00-6770-11e7-8064-f38bf4767f4b', '2017-10-31 04:27:55', '2018-01-11 06:20:33', '0', '0', 'store', '4d49e6de-3289-11e6-93c3-0242ac110002', 'ddc00120-bdf3-11e7-b557-21b41b66b271'), ('f92aa1d0-a1b6-11e7-bf7c-856339934353', 'andreamaria009@gmail.com', '$2a$05$KLDg/bTAXyDgUc57thl9SO4fIvyr/Y4VsIoVRgT5oULOTWC3bqNlG', 'a8ae0dd0-a1ae-11e7-9cec-fa9a2bcf3d12', '2017-09-25 06:01:29', '2017-09-25 20:05:11', '0', '0', 'store', '4d49e6de-3289-11e6-93c3-0242ac110002', 'fd396fb0-a22c-11e7-9e77-d8c73906d7b4'), ('fd2cec90-a22c-11e7-a07e-e3115db10f1d', 'andreamaria009@gmail.com', '$2a$05$bL/o5Xf6AA6S5269TNjZFu8aO30QY8q95tG2AIorMVSQcbCvhMLUu', '9d7e7d00-6770-11e7-8064-f38bf4767f4b', '2017-09-25 20:06:16', '2018-01-11 06:20:24', '0', '0', 'store', '4d49e6de-3289-11e6-93c3-0242ac110002', 'fd396fb0-a22c-11e7-9e77-d8c73906d7b4');
COMMIT;

-- ----------------------------
--  Table structure for `requests`
-- ----------------------------
DROP TABLE IF EXISTS `requests`;
CREATE TABLE `requests` (
  `id` varchar(36) NOT NULL,
  `creatorId` varchar(36) DEFAULT NULL,
  `storeId` varchar(36) DEFAULT NULL,
  `productId` varchar(128) DEFAULT NULL,
  `createdAt` datetime DEFAULT NULL,
  `updatedAt` datetime DEFAULT NULL,
  `deleted` tinyint(1) DEFAULT NULL,
  `description` varchar(2048) DEFAULT NULL,
  `organizationId` varchar(36) NOT NULL,
  `timeout` datetime DEFAULT NULL,
  `groups` varchar(10240) DEFAULT '||',
  PRIMARY KEY (`id`)
) ENGINE=InnoDB DEFAULT CHARSET=utf8mb4;

-- ----------------------------
--  Records of `requests`
-- ----------------------------
BEGIN;
INSERT INTO `requests` VALUES ('03e86f80-1223-11e8-85cb-780b970380e4', '9d7e7d00-6770-11e7-8064-f38bf4767f4b', 'b51b4bb0-827c-11e7-8a2c-f8cfbeb2ebca', 'BRANDON CANVAS M', '2018-02-15 07:37:03', '2018-02-18 17:02:37', '1', 'Hey team, customers have loved this style, what do they love about it?', '4d49e6de-3289-11e6-93c3-0242ac110002', '2018-02-18 07:37:03', '||'), ('1f262700-f69a-11e7-b69e-7aa918c51e65', '8a402800-9395-11e7-9b19-0c3ab4078e1e', 'b51b4bb0-827c-11e7-8a2c-f8cfbeb2ebca', 'DADO17SMCDO', '2018-01-11 06:39:06', '2018-01-11 09:30:01', '1', 'We\'ve had some great initial feedback on Dado, can you us what customers love about it?', '4d49e6de-3289-11e6-93c3-0242ac110002', '2018-01-14 06:39:06', '||'), ('37d32ad0-f697-11e7-b644-8cc5527c15e3', '8a402800-9395-11e7-9b19-0c3ab4078e1e', 'b51b4bb0-827c-11e7-8a2c-f8cfbeb2ebca', 'BRANDON CANVAS M', '2018-01-11 06:18:19', '2018-01-14 17:00:57', '1', 'Hi team, can you tell us what customers are loving about the Brandon Casual Sneaker? It\'s been a hot seller this week!', '4d49e6de-3289-11e6-93c3-0242ac110002', '2018-01-14 06:18:19', '||'), ('3d72ccb0-f71f-11e7-b7dc-b32259dbe576', '4c8256f0-9395-11e7-89a6-88568af3c30e', 'b51b4bb0-827c-11e7-8a2c-f8cfbeb2ebca', 'MAXWELL17SSULO', '2018-01-11 22:32:00', '2018-01-15 17:00:59', '1', 'Hi team, tell us what customers have been saying about the Maxwell Sandal.', '4d49e6de-3289-11e6-93c3-0242ac110002', '2018-01-14 10:32:00', '||'), ('51a35fa0-f699-11e7-af62-470b78e04fdb', '8a402800-9395-11e7-9b19-0c3ab4078e1e', 'b51b4bb0-827c-11e7-8a2c-f8cfbeb2ebca', 'ARIA W', '2018-01-11 06:33:21', '2018-01-14 17:00:57', '1', 'Aria has been a great seller, can you tell us why customers are loving this style?', '4d49e6de-3289-11e6-93c3-0242ac110002', '2018-01-14 06:33:21', '||'), ('55eec4a0-0b84-11e8-bc1b-955d40462a17', '9d7e7d00-6770-11e7-8064-f38bf4767f4b', 'b51b4bb0-827c-11e7-8a2c-f8cfbeb2ebca', 'FIESTA17SMCDO', '2018-02-06 21:26:04', '2018-02-10 17:14:46', '1', 'Hey team, tell us what customers love about this style.', '4d49e6de-3289-11e6-93c3-0242ac110002', '2018-02-09 21:26:03', '||'), ('71dbac70-1c30-11e8-a87b-3cf325d9db52', '9d7e7d00-6770-11e7-8064-f38bf4767f4b', 'b51b4bb0-827c-11e7-8a2c-f8cfbeb2ebca', 'ROSANNE W', '2018-02-28 02:38:22', '2018-03-03 17:44:04', '1', 'Hey team, please tell us what customer have been saying about Rosanne', '4d49e6de-3289-11e6-93c3-0242ac110002', '2018-03-03 02:38:22', '|16a26d20-1c13-11e8-a155-0fd6655dc561|'), ('7d098200-20d8-11e8-b9c7-6e081a7fa869', '68270f90-9395-11e7-a3f0-daa7744d684d', 'b51b4bb0-827c-11e7-8a2c-f8cfbeb2ebca', 'FIESTA17SMCDO', '2018-03-06 00:51:21', '2018-03-09 17:37:35', '1', 'Hi team, customers have responded well to this style, can you please tell us why? Thanks. :) ', '4d49e6de-3289-11e6-93c3-0242ac110002', '2018-03-09 00:51:20', '|16a26d20-1c13-11e8-a155-0fd6655dc561|'), ('7e18f9b0-2e1f-11e8-820d-b47eea269ef5', '68270f90-9395-11e7-a3f0-daa7744d684d', 'b51b4bb0-827c-11e7-8a2c-f8cfbeb2ebca', 'BRANDON CANVAS M', '2018-03-22 22:22:22', '2018-03-26 17:36:40', '1', 'Hi team, please tell us what customers love about this style. ', '4d49e6de-3289-11e6-93c3-0242ac110002', '2018-03-25 22:22:22', '|16a26d20-1c13-11e8-a155-0fd6655dc561|'), ('8da20430-0d45-11e8-964b-11fb5fc2aad5', '9d7e7d00-6770-11e7-8064-f38bf4767f4b', 'b51b4bb0-827c-11e7-8a2c-f8cfbeb2ebca', 'ROSANNE W', '2018-02-09 03:01:41', '2018-02-14 17:14:48', '1', 'Test duration', '4d49e6de-3289-11e6-93c3-0242ac110002', '2018-02-14 03:01:40', '||'), ('968268f0-f6b2-11e7-b239-9dace4f3edd0', '8a402800-9395-11e7-9b19-0c3ab4078e1e', 'b51b4bb0-827c-11e7-8a2c-f8cfbeb2ebca', 'DADO17SMCDO', '2018-01-11 09:34:14', '2018-01-11 09:41:15', '1', 'This Dado hasn\'t sold to expectation. Please tell us more about what customers have been saying and why they haven\'t been picking it up/buying it. Thanks', '4d49e6de-3289-11e6-93c3-0242ac110002', '2018-01-14 09:34:14', '||'), ('9ae88cc0-f6b3-11e7-9f6f-ae7dcedebd39', '8a402800-9395-11e7-9b19-0c3ab4078e1e', 'b51b4bb0-827c-11e7-8a2c-f8cfbeb2ebca', 'DADO17SMCDO', '2018-01-11 09:41:31', '2018-01-14 17:00:57', '1', 'The Dado hasn\'t sold to expectation. Please tell us more about what customers have been saying and why they haven\'t been picking it up/buying it. Thanks\'', '4d49e6de-3289-11e6-93c3-0242ac110002', '2018-01-14 09:41:31', '||'), ('9f12c980-f737-11e7-9248-e8f65465fb92', '4c8256f0-9395-11e7-89a6-88568af3c30e', 'b51b4bb0-827c-11e7-8a2c-f8cfbeb2ebca', 'AIDEN17SIMPO', '2018-01-12 01:26:32', '2018-01-15 17:00:59', '1', 'Hi team, can you please tell us what customers like about this style?', '4d49e6de-3289-11e6-93c3-0242ac110002', '2018-01-15 01:26:32', '||'), ('9f1cea80-0931-11e8-aac7-c1441dce01f0', '9d7e7d00-6770-11e7-8064-f38bf4767f4b', 'b51b4bb0-827c-11e7-8a2c-f8cfbeb2ebca', 'MAXWELL17SSULO', '2018-02-03 22:28:56', '2018-02-07 17:14:46', '1', 'Hey team, this style has sold really well, why do customers love it?', '4d49e6de-3289-11e6-93c3-0242ac110002', '2018-02-06 22:28:56', '||'), ('a24909f0-20e7-11e8-9932-9cb1052436e3', '68270f90-9395-11e7-a3f0-daa7744d684d', 'b51b4bb0-827c-11e7-8a2c-f8cfbeb2ebca', 'COVENTGARDEN17SPAPPO', '2018-03-06 02:39:46', '2018-03-09 17:37:35', '1', 'Hi team, tell us what customers have been saying about this style. ', '4d49e6de-3289-11e6-93c3-0242ac110002', '2018-03-09 02:39:46', '|731a6150-1b5c-11e8-8592-617230f8dd36|'), ('e3d689f0-0928-11e8-af19-a15002fc8055', '9d7e7d00-6770-11e7-8064-f38bf4767f4b', 'b51b4bb0-827c-11e7-8a2c-f8cfbeb2ebca', 'ARIA W', '2018-02-03 21:26:26', '2018-02-07 17:14:46', '1', 'Hey team, tell us what customers love about this style.', '4d49e6de-3289-11e6-93c3-0242ac110002', '2018-02-06 21:26:25', '||'), ('eb98b790-3c4e-11e8-b00b-bd29a8779950', '68270f90-9395-11e7-a3f0-daa7744d684d', 'b51b4bb0-827c-11e7-8a2c-f8cfbeb2ebca', 'AIDEN17SIMPO', '2018-04-09 23:37:09', '2018-04-13 17:49:06', '1', 'Hi all, please tell us what customers have been saying about this style. ', '4d49e6de-3289-11e6-93c3-0242ac110002', '2018-04-12 23:37:09', '|16a26d20-1c13-11e8-a155-0fd6655dc561|'), ('ef81ef90-fc9b-11e7-be55-c4a0dc59d10f', '37f65470-9395-11e7-aef2-d79ace5f7884', 'b51b4bb0-827c-11e7-8a2c-f8cfbeb2ebca', 'ARIA W', '2018-01-18 22:07:12', '2018-01-18 22:07:12', '0', 'Love to hear what people think of this everyone!?', '4d49e6de-3289-11e6-93c3-0242ac110002', '2018-01-21 10:07:12', '||');
COMMIT;

-- ----------------------------
--  Table structure for `staffs`
-- ----------------------------
DROP TABLE IF EXISTS `staffs`;
CREATE TABLE `staffs` (
  `id` varchar(36) NOT NULL,
  `names` varchar(300) NOT NULL,
  `email` varchar(300) DEFAULT NULL,
  `userId` varchar(36) DEFAULT NULL,
  `barCode` varchar(100) DEFAULT NULL,
  `permission_level` varchar(4) DEFAULT NULL,
  `role` varchar(100) DEFAULT NULL,
  `role_ab` varchar(10) DEFAULT NULL,
  `storeId` varchar(36) DEFAULT NULL,
  `deleted` tinyint(1) NOT NULL DEFAULT '0',
  `creatorId` varchar(36) DEFAULT NULL,
  `createdAt` datetime NOT NULL,
  `updatedAt` datetime NOT NULL,
  `active` tinyint(1) DEFAULT NULL,
  `staffCode` varchar(24) DEFAULT NULL,
  `organizationId` varchar(36) DEFAULT NULL,
  `type` tinyint(4) NOT NULL,
  `emailStatus` tinyint(1) NOT NULL,
  `preRank` int(2) NOT NULL DEFAULT '0',
  `curRank` int(2) NOT NULL DEFAULT '0',
  `portrait` varchar(256) DEFAULT NULL,
  PRIMARY KEY (`id`)
) ENGINE=InnoDB DEFAULT CHARSET=utf8mb4 ROW_FORMAT=DYNAMIC;

-- ----------------------------
--  Records of `staffs`
-- ----------------------------
BEGIN;
INSERT INTO `staffs` VALUES ('03b6acc0-a1b7-11e7-b337-38136b008072', 'Drea van der Meel', '', 'drea m', '$2a$05$J2real1FzmxJCVU0ixNugexv121pIpoHIv/RSRMH.Og2/eBIhSdia', '2', 'Store Manager', 'STM', 'f93a8050-a1b6-11e7-bf0b-01a6c61679c2', '0', 'a8ae0dd0-a1ae-11e7-9cec-fa9a2bcf3d12', '2017-09-25 06:01:47', '2018-01-11 06:22:01', '0', '123', '4d49e6de-3289-11e6-93c3-0242ac110002', '0', '0', '0', '0', ''), ('0df4e460-9396-11e7-91d7-dd5dae17bad9', 'Lauren Thompson', '', 'LT', '$2a$05$vgsXuD3oG2sV/JWkFt8iyuAUfSK33iNY1VFAuEEkRxZAIbRR/NYcy', '1', 'Full-timer', 'FT', 'dd9f1510-9395-11e7-983e-aace4d7d4c3b', '0', '9d7e7d00-6770-11e7-8064-f38bf4767f4b', '2017-09-07 06:30:34', '2017-09-07 06:30:34', '1', '123', '4d49e6de-3289-11e6-93c3-0242ac110002', '0', '0', '9', '8', ''), ('1289fbe0-a247-11e7-bf06-7c5565af314a', 'Yf Wang', '', 'yf', '$2a$05$NIEKS.drG0AytzGZRgHJZ.4afsQ6mxeE0eXMHUe1Cu4S8pmmRIBvm', '2', 'Store Manager', 'STM', '02289040-a247-11e7-956c-00adf4781720', '0', '9d7e7d00-6770-11e7-8064-f38bf4767f4b', '2017-09-25 23:12:59', '2018-01-11 06:21:39', '0', '123', '4d49e6de-3289-11e6-93c3-0242ac110002', '0', '0', '0', '0', ''), ('181a0540-9398-11e7-b2f0-cfaf4e888818', 'Mia Cooper', '', 'mc', '$2a$05$W2oYtTUu8Yb6SreSC30uLeF9MbqwYVQh1xNDACGoo1UOcsoz9X.nW', '1.5', 'Assistant Manager', '2IC', 'd5cfce40-9397-11e7-b3b4-d217ca389f53', '0', '9d7e7d00-6770-11e7-8064-f38bf4767f4b', '2017-09-07 06:45:10', '2017-09-23 01:17:11', '1', '123', '4d49e6de-3289-11e6-93c3-0242ac110002', '0', '0', '8', '11', ''), ('20afd060-9396-11e7-ab5d-b795e7ba6e35', 'Joanne Smith', '', 'JS', '$2a$05$u6M5rZcreRLOjunrVzllWOiIXP9ZGzsXkND9StpUn2biAOo9dQ1Ta', '1', 'Visual Merchandiser', 'VM', 'dd9f1510-9395-11e7-983e-aace4d7d4c3b', '0', '9d7e7d00-6770-11e7-8064-f38bf4767f4b', '2017-09-07 06:31:06', '2017-09-07 06:31:06', '1', '123', '4d49e6de-3289-11e6-93c3-0242ac110002', '0', '0', '0', '0', ''), ('2b578200-a22e-11e7-8d9a-43992e7a9923', 'Andrea Maria', '', 'andrea m', '$2a$05$6bKW139Q1E8caDwFkDUVAuDRpSWt6MvgTV9m59kk8gbTtNoELzDY2', '2', 'Store Manager', 'STM', 'fd396fb0-a22c-11e7-9e77-d8c73906d7b4', '0', '9d7e7d00-6770-11e7-8064-f38bf4767f4b', '2017-09-25 20:14:43', '2018-01-11 06:21:52', '0', '123', '4d49e6de-3289-11e6-93c3-0242ac110002', '0', '0', '0', '0', ''), ('37f65470-9395-11e7-aef2-d79ace5f7884', 'Chris Ramsay', 'chris.r@brand.com', 'chris.r@brand.com', '$2a$05$cocdwIdeQD0dmaGJZq86y.9PcfhMXHq1iXz0h8D058SHPym2t4Exi', '4', 'Chief Executive Officer', 'CEO', 'b51b4bb0-827c-11e7-8a2c-f8cfbeb2ebca', '0', '9d7e7d00-6770-11e7-8064-f38bf4767f4b', '2017-09-07 06:24:35', '2017-09-25 23:54:05', '1', 'h3ad0ffice#', '4d49e6de-3289-11e6-93c3-0242ac110002', '0', '0', '3', '8', ''), ('3886ec80-a04a-11e7-ba32-fb614cb61ee7', 'Andrea Maria', 'andrea@seekstock.co.nz', 'andrea@seekstock.co.nz', '$2a$05$0St4Mp6SC3f0txp/hLx8hutdL.VWURJNrD1yk.Tm4OxZQ7bZ9A3Pu', '4', 'National Retail Manager', 'NRM', 'b51b4bb0-827c-11e7-8a2c-f8cfbeb2ebca', '0', '9d7e7d00-6770-11e7-8064-f38bf4767f4b', '2017-09-23 10:30:29', '2017-09-25 20:02:43', '0', 'h3ad0ffice#', '4d49e6de-3289-11e6-93c3-0242ac110002', '0', '0', '0', '0', ''), ('3ceba370-9397-11e7-8e9b-d7570b7c3f97', 'Lucy Osborne', '', 'LO', '$2a$05$IGwKea69udyTOHKzTFqaXe2rPLpK/Zi7o7.A6fiioud0kr7r7bet6', '2', 'Store Manager', 'STM', '224288e0-9397-11e7-839d-a0ba6612daa5', '0', '9d7e7d00-6770-11e7-8064-f38bf4767f4b', '2017-09-07 06:39:02', '2017-09-07 06:39:02', '1', '123', '4d49e6de-3289-11e6-93c3-0242ac110002', '0', '0', '3', '0', ''), ('3dce5160-a4a5-11e7-9e3a-ce5eedc867a1', 'James Blake', '', 'jamesb', '$2a$05$RFDrO5F1lQWOgj2g0C/Il.vaGy4tR96RHR84Wz62B3.grWE6wg8DG', '2', 'Store Manager', 'STM', '36d94fe0-a4a5-11e7-8e17-b05d61585cf4', '0', '9d7e7d00-6770-11e7-8064-f38bf4767f4b', '2017-09-28 23:32:07', '2017-09-28 23:36:03', '1', '123', '4d49e6de-3289-11e6-93c3-0242ac110002', '0', '0', '0', '0', ''), ('4c8256f0-9395-11e7-89a6-88568af3c30e', 'Toni Street', 'toni.s@brand.com', 'toni.s@brand.com', '$2a$05$4QLJpUVLhcsEQUl3qRX5neLCvF0kg5FYFyS7t4VjedPN9McMvlLd6', '4', 'National Retail Manager', 'NRM', 'b51b4bb0-827c-11e7-8a2c-f8cfbeb2ebca', '0', '9d7e7d00-6770-11e7-8064-f38bf4767f4b', '2017-09-07 06:25:10', '2017-09-23 01:28:40', '1', 'h3ad0ffice#', '4d49e6de-3289-11e6-93c3-0242ac110002', '0', '0', '0', '2', ''), ('4fb38510-9e8a-11e7-a1c7-b577361dd49f', 'Jamie Rowe', '', 'Jamie R', '$2a$05$nEiaKyFPe6vQVlLkLUi3aeRXP4TOBUKby78nTpRk57cHU0v.maNsq', '2', 'Store Manager', 'STM', '61dc0700-9e88-11e7-a363-7c7793ef9f4b', '0', 'null', '2017-09-21 05:04:13', '2017-09-21 05:13:49', '1', '123', '4d49e6de-3289-11e6-93c3-0242ac110002', '0', '0', '0', '0', ''), ('52f44810-9e51-11e7-af98-6c27d0a4382e', 'Ricky Hu', '', 'Ricky H', '$2a$05$qs7boJSRS5zBCbIeyKRTGu5YkZnW/8BDDWY.nS7fOHBlxvPLwN5Q.', '2', 'Store Manager', 'STM', '31da0200-9e51-11e7-bbd6-13fc5a2ba2fe', '0', '9d7e7d00-6770-11e7-8064-f38bf4767f4b', '2017-09-20 22:16:17', '2017-09-20 22:16:17', '1', '123', '4d49e6de-3289-11e6-93c3-0242ac110002', '0', '0', '0', '0', ''), ('6384a370-b3bc-11e7-9de5-ca3ee9889c3e', 'Xiaoyu Fu', 'anthonywang0517@gmail.com', 'anthonywang0517@gmail.com', '$2a$05$ogYrOMalyqm5sqyJpxbtG.PfdHe6XwMWQ8TPhwrWPkdW16znbq5Be', '4', 'General Manager', 'GM', 'b51b4bb0-827c-11e7-8a2c-f8cfbeb2ebca', '0', '9d7e7d00-6770-11e7-8064-f38bf4767f4b', '2017-10-18 04:25:36', '2018-04-03 22:51:26', '2', 'h3ad0ffice#', '4d49e6de-3289-11e6-93c3-0242ac110002', '0', '1', '0', '0', ''), ('65cae530-9397-11e7-81c4-179927a43dde', 'Emily Paul', '', 'EP', '$2a$05$Smd1nyeSWfpW79OZXspQUOO7NwgUavL/Qz3ktkLiiLw.filUYs6cm', '1', 'Part-timer', 'PT', '224288e0-9397-11e7-839d-a0ba6612daa5', '0', '9d7e7d00-6770-11e7-8064-f38bf4767f4b', '2017-09-07 06:40:11', '2017-09-07 06:40:11', '1', '123', '4d49e6de-3289-11e6-93c3-0242ac110002', '0', '0', '1', '5', ''), ('68270f90-9395-11e7-a3f0-daa7744d684d', 'Sacha Scott', 'sacha.s@brand.com', 'sacha.s@brand.com', '$2a$05$c9bHlJKl7nI6bxw1OtbaFeaGN3TYDrhF3G1aUL8RHMoXNnbZZgHsO', '3', 'Buyer', 'BUY', 'b51b4bb0-827c-11e7-8a2c-f8cfbeb2ebca', '0', '9d7e7d00-6770-11e7-8064-f38bf4767f4b', '2017-09-07 06:25:56', '2017-09-28 10:55:04', '1', 'h3ad0ffice#', '4d49e6de-3289-11e6-93c3-0242ac110002', '0', '0', '7', '9', ''), ('69744160-a17d-11e7-b8fe-e0d8bb2f474c', 'Tracey Nichols', '', 'tracey n', '$2a$05$NV7nefGyUEPITbqe4IGea.cVCesO2k.pPzlhUk.d/3uo.hv6RgL6q', '2', 'Store Manager', 'STM', '4a29b240-a17d-11e7-b0a9-be7a48e21a16', '0', '9d7e7d00-6770-11e7-8064-f38bf4767f4b', '2017-09-24 23:09:27', '2017-09-24 23:09:27', '1', '123', '4d49e6de-3289-11e6-93c3-0242ac110002', '0', '0', '0', '0', ''), ('7389a3f0-a044-11e7-84ec-2b92e5acf41d', 'Jacob Mcmagikarp', '', 'jacob', '$2a$05$FcZ6tIX/JMB4xjYxiCSbo.uwrdVdub0Grq3Wx3/bS35HqXZ/p8x8W', '2', 'Store Manager', 'STM', '5f939fe0-a044-11e7-b1fe-cadb7137504f', '0', '9d7e7d00-6770-11e7-8064-f38bf4767f4b', '2017-09-23 09:49:11', '2017-09-23 09:49:11', '1', 'sU4QgKN9', '4d49e6de-3289-11e6-93c3-0242ac110002', '0', '0', '0', '0', ''), ('804b73b0-9398-11e7-803d-e1af73884cbb', 'Mona Shepherd', '', 'MS', '$2a$05$jUYRn7hzePCKZlsg5SiRmuEaGBHeLTd09RZoqcRdEDd7lAgwIEtPm', '1.5', 'Third in Charge', '3IC', '610689e0-9398-11e7-99c3-6fa5f86ae7c2', '0', '9d7e7d00-6770-11e7-8064-f38bf4767f4b', '2017-09-07 06:48:05', '2017-09-07 06:48:05', '1', '123', '4d49e6de-3289-11e6-93c3-0242ac110002', '0', '0', '0', '0', ''), ('889b75f0-9f4c-11e7-9b4f-2e9ec46159d9', 'Petra Adams', '', 'Petra M', '$2a$05$xBTEiRWiGEDWwhth7KhZI.9jXnb8iNVIEVgdZvjGz.SS.3SyXBl2G', '1', 'Full-timer', 'FT', '3f02abc0-9f4c-11e7-b2a7-3c061eec96f8', '0', '9d7e7d00-6770-11e7-8064-f38bf4767f4b', '2017-09-22 04:14:31', '2017-09-22 04:22:04', '1', '63h7Orx5', '4d49e6de-3289-11e6-93c3-0242ac110002', '0', '0', '0', '0', ''), ('8a402800-9395-11e7-9b19-0c3ab4078e1e', 'Rose Mackenzie', 'rose.m@brand.com', 'rose.m@brand.com', '$2a$05$BkOJvNSPXgvTsDYOseTnTuvKGlzkunNCBj7ceyMyRIS9abf9nyuhK', '3', 'Regional/Area Manager', 'REM', 'b51b4bb0-827c-11e7-8a2c-f8cfbeb2ebca', '0', '9d7e7d00-6770-11e7-8064-f38bf4767f4b', '2017-09-07 06:26:53', '2017-10-31 03:13:17', '1', 'h3ad0ffice#', '4d49e6de-3289-11e6-93c3-0242ac110002', '0', '0', '0', '0', ''), ('8c27a7c0-a1ae-11e7-a3da-c6e5830b5e30', 'Rose Ardern', 'rose.ardern@gmail.com', 'rose.ardern@gmail.com', '$2a$05$L7bVRs9aoLyQWcrfPsabOO2zNHX7o1KwvZZe5dlbSEKlTHLh9kz56', '3', 'Regional/Area Manager', 'REM', 'b51b4bb0-827c-11e7-8a2c-f8cfbeb2ebca', '0', '9d7e7d00-6770-11e7-8064-f38bf4767f4b', '2017-09-25 05:01:10', '2017-09-25 05:01:10', '1', '@temporary99', '4d49e6de-3289-11e6-93c3-0242ac110002', '0', '1', '0', '0', ''), ('8f1d1cc0-a22c-11e7-b963-63972e3c0701', 'Andrea Maria', 'andrea@seekstock.co.nz', 'andrea@seekstock.co.nz', '$2a$05$qb28zTzQI.q3L9hTc0KR6eeHCiNfRCtf6XF2gWzBxXdRSCCPhbN1u', '4', 'Retail Operations Manager', 'POM', 'b51b4bb0-827c-11e7-8a2c-f8cfbeb2ebca', '0', '9d7e7d00-6770-11e7-8064-f38bf4767f4b', '2017-09-25 20:03:12', '2017-09-25 20:03:12', '1', '@temporary99', '4d49e6de-3289-11e6-93c3-0242ac110002', '0', '0', '0', '0', ''), ('9006c060-aed8-11e7-b843-f517d2abf12a', 'Tina Grey', '', 'tinag', '$2a$05$IgYTcTVyl2Fo1UNcdamc0OEIJsZktfZDMQ6gXOFciH1b91KePFAXe', '1.5', 'Assistant Manager', '2IC', 'dd9f1510-9395-11e7-983e-aace4d7d4c3b', '0', 'ef01c410-9395-11e7-97d8-79c618a4276e', '2017-10-11 23:04:41', '2017-10-11 23:04:41', '2', '123', '4d49e6de-3289-11e6-93c3-0242ac110002', '0', '0', '0', '0', ''), ('9a825d30-a43b-11e7-9fb3-52c8f23c58dd', 'tony wang', '', 'tw', '$2a$05$8Ma5w4d2Z.71NZgVRMhxLOB5u7fzeGqd4nRZ1F05rYP2fyhgal5JC', '2', 'Store Manager', 'STM', '927e35a0-a43b-11e7-8a3c-2aa6e2f49709', '0', '68270f90-9395-11e7-a3f0-daa7744d684d', '2017-09-28 10:55:56', '2018-01-11 06:22:32', '0', '123', '4d49e6de-3289-11e6-93c3-0242ac110002', '0', '0', '0', '0', ''), ('9d11f000-9398-11e7-a45b-71cfa65a584c', 'Eve Jacobs', '', 'EJ', '$2a$05$lqwzkl.KE4s3.wCW0qadKOEI9VTdtH5M8jfLjvu.Zds.Z8zROyuTK', '1', 'Casual', 'CAS', '610689e0-9398-11e7-99c3-6fa5f86ae7c2', '0', '9d7e7d00-6770-11e7-8064-f38bf4767f4b', '2017-09-07 06:48:53', '2017-09-07 06:48:53', '1', '123', '4d49e6de-3289-11e6-93c3-0242ac110002', '0', '0', '2', '1', ''), ('9d7e7d00-6770-11e7-8064-f38bf4767f4b', 'SeekStock Support', 'support@seekstock.co.nz', 'support@seekstock.co.nz', '$2a$05$84/zh1kHQZEXkr1IjpCnDOhESvzyEzcmqTly.ojRTec6/Xm74pfhq', '5', 'SeekStock Support', 'SS', 'b51b4bb0-827c-11e7-8a2c-f8cfbeb2ebca', '0', 'aea9ec40-e2d2-11e6-b4dd-7e86f10cad2e', '2017-07-13 02:11:43', '2017-07-13 06:23:51', '1', 'h3ad0ffice#', '4d49e6de-3289-11e6-93c3-0242ac110002', '0', '0', '13', '16', ''), ('a8ae0dd0-a1ae-11e7-9cec-fa9a2bcf3d12', 'Andrea Maria', 'drea.vdm@gmail.com', 'drea.vdm@gmail.com', '$2a$05$VzZ8ljlb3SNob.5VV9k15ejH7t/085OH/irRPq3/Qf7f76iSv0KFS', '3', 'Regional/Area Manager', 'REM', 'b51b4bb0-827c-11e7-8a2c-f8cfbeb2ebca', '0', '9d7e7d00-6770-11e7-8064-f38bf4767f4b', '2017-09-25 05:01:58', '2017-09-25 20:02:49', '0', 'h3ad0ffice#', '4d49e6de-3289-11e6-93c3-0242ac110002', '0', '1', '0', '0', ''), ('aa695f20-9f4d-11e7-b5dc-03da657c9c87', 'Jane Yee', '', 'Jane Y', '$2a$05$trizQ4ukPAgTzp51nqT4m.w9sdTD8Ebioqt9EyXXIzQ9kjwqitY.e', '1.5', 'Assistant Manager', '2IC', '3f02abc0-9f4c-11e7-b2a7-3c061eec96f8', '0', '9d7e7d00-6770-11e7-8064-f38bf4767f4b', '2017-09-22 04:22:37', '2017-09-22 04:22:37', '1', '123', '4d49e6de-3289-11e6-93c3-0242ac110002', '0', '0', '0', '0', ''), ('b1064660-9398-11e7-9e5f-3733450a79a0', 'Sara Warren', '', 'SW', '$2a$05$6KdWAg7Oo4piSiYqfCcNhOnmpnIW3vHgryyeUbAc.ETigq4PlbpcK', '1', 'Part-timer', 'PT', '610689e0-9398-11e7-99c3-6fa5f86ae7c2', '0', '9d7e7d00-6770-11e7-8064-f38bf4767f4b', '2017-09-07 06:49:27', '2017-09-07 06:49:27', '1', '123', '4d49e6de-3289-11e6-93c3-0242ac110002', '0', '0', '0', '0', ''), ('b8112e20-9fff-11e7-a4eb-73e48f1bde05', 'John Doe', '', 'john.r', '$2a$05$.QEMZEk.BNlVEHzfXLs12O69w3YReRT.SZQXdRULzKCkPDJ10GPHS', '2', 'Store Manager', 'STM', '90a26c50-9fff-11e7-a1a0-ba76c3217095', '0', '4c8256f0-9395-11e7-89a6-88568af3c30e', '2017-09-23 01:37:11', '2017-09-23 01:37:11', '1', 'Lxx2bX4', '4d49e6de-3289-11e6-93c3-0242ac110002', '0', '0', '0', '0', ''), ('c1ea1aa0-bdd8-11e7-b9d8-a2de171ae60b', 'YF Wang', '', 'yf', '$2a$05$cldS/By7jaottHEapvSHYepe0aCvqY9MI1v3YBBSiP31DOnIsmHt6', '2', 'Store Manager', 'STM', 'b2daf890-bdd8-11e7-8860-a0ad8ae49b5f', '0', '9d7e7d00-6770-11e7-8064-f38bf4767f4b', '2017-10-31 01:13:52', '2018-01-11 06:21:17', '0', '111', '4d49e6de-3289-11e6-93c3-0242ac110002', '0', '0', '0', '0', ''), ('d0cfaa90-a7b1-11e7-aed5-e22771f42665', 'Jamie Burns', '', 'jamieb', '$2a$05$ZhEqsWVBbfv7vyuMao3RS.4TttWWPbXdfTUSMCO/e0wsHsLSJV6c2', '2', 'Store Manager', 'STM', 'c716f530-a7b1-11e7-bee1-4747d50a4fb3', '0', '9d7e7d00-6770-11e7-8064-f38bf4767f4b', '2017-10-02 20:39:41', '2018-01-11 06:37:10', '0', '123', '4d49e6de-3289-11e6-93c3-0242ac110002', '0', '0', '0', '0', ''), ('d1892c40-a4a0-11e7-bcac-2df719bae2be', 'Trent Pascoe', '', 'trent p', '$2a$05$9MZl522L3S3jHN.rehAUM.c4J2rK/e3h.v4q.OUpwKCcg44L3qV3.', '2', 'Store Manager', 'STM', 'a9ea59c0-a4a0-11e7-af92-836afa4a9f7e', '0', '9d7e7d00-6770-11e7-8064-f38bf4767f4b', '2017-09-28 23:00:27', '2017-09-28 23:00:27', '2', '123', '4d49e6de-3289-11e6-93c3-0242ac110002', '0', '0', '0', '0', ''), ('d437bbd0-9f4d-11e7-a658-1384ca7bc941', 'Tammy Love', '', 'Tammy L', '$2a$05$tla4HhJrq8zWh41jRo1IRuyXHDwLuw7y/OWbhKRGWk3d0MTzZLBtG', '2', 'Store Manager', 'STM', '3f02abc0-9f4c-11e7-b2a7-3c061eec96f8', '0', '9d7e7d00-6770-11e7-8064-f38bf4767f4b', '2017-09-22 04:23:47', '2017-09-22 04:23:47', '1', '123', '4d49e6de-3289-11e6-93c3-0242ac110002', '0', '0', '0', '0', ''), ('dc050330-a232-11e7-8e3f-ec57ae8d2f97', 'James Blake', '', 'jr', '$2a$05$qxtygzAX.DVNZUTz5NxeW.8zRTnGGUiwVHCmFfY5v2I49tDVS7FHy', '2', 'Store Manager', 'STM', 'c8f36bb0-a232-11e7-be69-7b31156153b7', '0', '9d7e7d00-6770-11e7-8064-f38bf4767f4b', '2017-09-25 20:48:18', '2017-09-25 20:48:18', '1', '123', '4d49e6de-3289-11e6-93c3-0242ac110002', '0', '0', '0', '0', ''), ('dc1f1620-a43b-11e7-b037-f0c3e400910b', 'tt tt', '', 'tt', '$2a$05$4/pE3BK158YrAQtpwR79a.juTJa0aX6hT9da3A.8yAIQBKfbDcdtu', '2', 'Store Manager', 'STM', 'd7b2bb50-a43b-11e7-ba03-095ca0c0aa88', '0', '68270f90-9395-11e7-a3f0-daa7744d684d', '2017-09-28 10:57:46', '2018-01-11 06:21:29', '0', '123', '4d49e6de-3289-11e6-93c3-0242ac110002', '0', '0', '0', '0', ''), ('e0ea6610-bdf3-11e7-9b2a-58fb56786d6e', '11 11', '', '11', '$2a$05$Xwu8Ghcz9VGGqfnnkm/RQ.FvxAApqoxU4mjZB9/lF4/0GbtLnWN0q', '2', 'Store Manager', 'STM', 'ddc00120-bdf3-11e7-b557-21b41b66b271', '0', '9d7e7d00-6770-11e7-8064-f38bf4767f4b', '2017-10-31 04:28:00', '2018-01-11 06:21:18', '0', 'gPRbz98h', '4d49e6de-3289-11e6-93c3-0242ac110002', '0', '0', '0', '0', ''), ('ef01c410-9395-11e7-97d8-79c618a4276e', 'Amy Pearson', '', 'AP', '$2a$05$IlXXsfJCdF6AJE.mgeOrSe4ffYvJByM5ipprEsQB75uxPTz7NXdSK', '2', 'Store Manager', 'STM', 'dd9f1510-9395-11e7-983e-aace4d7d4c3b', '0', '9d7e7d00-6770-11e7-8064-f38bf4767f4b', '2017-09-07 06:29:42', '2017-09-07 06:29:42', '1', '123', '4d49e6de-3289-11e6-93c3-0242ac110002', '0', '0', '5', '6', ''), ('ef5293a0-a000-11e7-a0cd-9d131b07cd33', 'Megan Crawford', '', 'megan.c', '$2a$05$mIFA72/JkBRl.70uQvprxel.hAR4pC7h7RRhtPaOEu5ieH0SmKWse', '1.5', 'Third in Charge', '3IC', '90a26c50-9fff-11e7-a1a0-ba76c3217095', '0', '4c8256f0-9395-11e7-89a6-88568af3c30e', '2017-09-23 01:45:53', '2017-09-23 01:45:53', '1', '123', '4d49e6de-3289-11e6-93c3-0242ac110002', '0', '0', '0', '0', ''), ('f8e436a0-9397-11e7-8b95-9a063eb9161f', 'Charlie Adams', '', 'CA', '$2a$05$.bWbO9LqlAHL0i0b91T3j.R/zzoHqhFRDpGeXGHW2dv2zg2eVRf.m', '2', 'Store Manager', 'STM', 'd5cfce40-9397-11e7-b3b4-d217ca389f53', '0', '9d7e7d00-6770-11e7-8064-f38bf4767f4b', '2017-09-07 06:44:18', '2017-09-07 06:44:18', '1', '123', '4d49e6de-3289-11e6-93c3-0242ac110002', '0', '0', '10', '16', '');
COMMIT;

-- ----------------------------
--  Table structure for `stores`
-- ----------------------------
DROP TABLE IF EXISTS `stores`;
CREATE TABLE `stores` (
  `id` varchar(36) NOT NULL,
  `names` varchar(300) NOT NULL,
  `email` varchar(300) DEFAULT NULL,
  `deleted` tinyint(1) NOT NULL DEFAULT '0',
  `city` varchar(64) DEFAULT NULL,
  `location` varchar(256) DEFAULT NULL,
  `country` varchar(64) DEFAULT NULL,
  `province` varchar(64) DEFAULT NULL,
  `phone` varchar(32) DEFAULT NULL,
  `postCode` varchar(32) DEFAULT NULL,
  `updatedAt` datetime NOT NULL,
  `createdAt` datetime NOT NULL,
  `creatorId` varchar(36) DEFAULT NULL,
  `shortCode` varchar(128) DEFAULT NULL,
  `active` tinyint(1) DEFAULT NULL,
  `barCode` varchar(100) DEFAULT NULL,
  `organizationId` varchar(36) DEFAULT NULL,
  `emailStatus` tinyint(1) NOT NULL,
  `storeCode` varchar(24) DEFAULT NULL,
  `preRank` int(2) DEFAULT '0',
  `curRank` int(2) DEFAULT '0',
  `suburb` varchar(256) DEFAULT NULL,
  PRIMARY KEY (`id`)
) ENGINE=InnoDB DEFAULT CHARSET=utf8mb4 ROW_FORMAT=DYNAMIC;

-- ----------------------------
--  Records of `stores`
-- ----------------------------
BEGIN;
INSERT INTO `stores` VALUES ('02289040-a247-11e7-956c-00adf4781720', 'Yfyf', 'wyf_1212@163.com', '0', 'Auckland', '1111112222222222', 'New Zealand', '', '111122222', '111222', '2018-01-11 06:20:26', '2017-09-25 23:12:32', '9d7e7d00-6770-11e7-8064-f38bf4767f4b', 'Yfyf', '0', '$2a$05$hDt8m/kSaC/MeBJMOcru6OEFM1Vn7.l5Gm/9iRNR0UmHeZN.zdXs.', '4d49e6de-3289-11e6-93c3-0242ac110002', '1', 'Aa1111', '0', '0', '111122222'), ('224288e0-9397-11e7-839d-a0ba6612daa5', 'Riccarton', 'riccarton@brand.com', '0', 'N/A', '', 'New Zealand', '', '(09)1234567', '1024', '2017-09-07 06:42:00', '2017-09-07 06:38:18', '9d7e7d00-6770-11e7-8064-f38bf4767f4b', 'RIC', '1', '$2a$05$smg8I6atAGEVbAAHVvEGqunTV0WoL8FpF381gPg/oM50TsHLm.q/y', '4d49e6de-3289-11e6-93c3-0242ac110002', '1', 's33kRIC#', '0', '0', 'undefined'), ('31da0200-9e51-11e7-bbd6-13fc5a2ba2fe', 'Nelson', 'nelson@brand.com', '0', 'Nelson', '1 Nelson Road', 'New Zealand', '', '038967934', '7893', '2018-01-18 01:47:46', '2017-09-20 22:15:22', '9d7e7d00-6770-11e7-8064-f38bf4767f4b', 'NEL', '0', '$2a$05$j.dKpqpsg5j415V5CQhCJOXIKLk6Bg4XIjgNteMOT7rkdrux9THS.', '4d49e6de-3289-11e6-93c3-0242ac110002', '1', 's33kNEL#', '0', '0', 'Nelson'), ('36d94fe0-a4a5-11e7-8e17-b05d61585cf4', 'Wanaka', 'wanaka@brand.com', '0', 'Wanaka', '', 'New Zealand', '', '809472359', '23798', '2018-01-18 01:48:00', '2017-09-28 23:31:55', '9d7e7d00-6770-11e7-8064-f38bf4767f4b', 'WAN', '0', '$2a$05$CzOfWxznDwRLYS3EA.dv6OWA3Bw.CQJ.PMp8XEilmyOdwumkynN2W', '4d49e6de-3289-11e6-93c3-0242ac110002', '1', '@permanent99', '0', '0', 'Wanaka Central'), ('3f02abc0-9f4c-11e7-b2a7-3c061eec96f8', 'Whangarei', 'whangarei@brand.com', '0', '123', '123', 'New Zealand', '', '038900239', '1232', '2018-03-30 02:09:59', '2017-09-22 04:12:28', '9d7e7d00-6770-11e7-8064-f38bf4767f4b', 'WGR', '0', '$2a$05$O3DElyCNRiQvq7rR8.6lCe2VMVmLVoRAZg8lhvtUArwejpo8ojpgK', '4d49e6de-3289-11e6-93c3-0242ac110002', '1', 'Im3i5Sk0', '0', '0', '123'), ('4a29b240-a17d-11e7-b0a9-be7a48e21a16', 'Takapuna', 'takapuna@brand.com', '0', 'Auckland', '', 'New Zealand', '', '097836783', '2039', '2018-03-02 02:22:41', '2017-09-24 23:08:34', '9d7e7d00-6770-11e7-8064-f38bf4767f4b', 'TAK', '1', '$2a$05$GNuYkWvBq31.9nQcrfwgBuc.Bx1DVpcdGiPz7RWqLGd5aybbnY6fa', '4d49e6de-3289-11e6-93c3-0242ac110002', '1', 'EiVxyS4', '0', '0', 'Takapuna'), ('5f939fe0-a044-11e7-b1fe-cadb7137504f', 'Ayebro', 'ayebro@brand.com', '0', 'Auckland', '', 'New Zealand', '', '098765435', '1020', '2017-10-31 01:11:51', '2017-09-23 09:48:37', '9d7e7d00-6770-11e7-8064-f38bf4767f4b', 'Ab', '0', '$2a$05$c2W7sg9LIaIouY.Nsx9hRO2UukWazuo23ZmLG19WH7kKz9pbM/3dK', '4d49e6de-3289-11e6-93c3-0242ac110002', '1', 'hqeUVwoN', '0', '0', 'Grafton'), ('610689e0-9398-11e7-99c3-6fa5f86ae7c2', 'Queen Street', 'queenstreet@brand.com', '0', 'N/A', '', 'New Zealand', '', '(09)1234567', '1024', '2017-09-07 06:47:13', '2017-09-07 06:47:13', '9d7e7d00-6770-11e7-8064-f38bf4767f4b', 'QUE', '1', '$2a$05$nMYaMaaWx0N36Jsuai6T3ul6IxpykDch7huy6tRysrkgJxoV82vwe', '4d49e6de-3289-11e6-93c3-0242ac110002', '0', 's33kQUE#', '0', '0', 'undefined'), ('61dc0700-9e88-11e7-a363-7c7793ef9f4b', 'Thames', 'thames@brand.com', '0', '11', '111', 'New Zealand', '', '039824390', '1123', '2018-01-18 01:47:44', '2017-09-21 04:50:25', '9d7e7d00-6770-11e7-8064-f38bf4767f4b', 'THA', '0', '$2a$05$R4NqDRnKAFshrUQHUS6CX.AMLO9iSDwWT2PJnuiMpHAkxEdDJG/TW', '4d49e6de-3289-11e6-93c3-0242ac110002', '0', 's33kTHA#', '0', '0', 'undefined'), ('90a26c50-9fff-11e7-a1a0-ba76c3217095', 'Cuba Street', 'cubastreet@brand.com', '0', 'Wellington', '170 Cuba Street', 'New Zealand', '', '04-1232567', '6011', '2018-01-18 01:48:05', '2017-09-23 01:36:05', '4c8256f0-9395-11e7-89a6-88568af3c30e', 'CUB', '0', '$2a$05$atUEHsFgtipC90oVSLINV.JkBbxuHrmMj6kh2aTmq6GeL6h7xOb1y', '4d49e6de-3289-11e6-93c3-0242ac110002', '1', '3tQ1fG3X', '0', '0', 'Te Aro'), ('927e35a0-a43b-11e7-8a3c-2aa6e2f49709', 'Test', 'tony@seesktock.co.nz', '0', 'Auckland', '', 'New Zealand', '', '(09)1234567', '1024', '2018-01-11 06:20:28', '2017-09-28 10:55:42', '68270f90-9395-11e7-a3f0-daa7744d684d', '123', '0', '$2a$05$4lN9CYiJTUI8CQ0ipmVRt.REsgIEVTT0q/0LKgXB0b9IAoivik6KS', '4d49e6de-3289-11e6-93c3-0242ac110002', '1', '8gE8h4X', '0', '0', 'eden'), ('a9ea59c0-a4a0-11e7-af92-836afa4a9f7e', 'Dunedin', 'dunedin@brand.com', '0', 'Dunedin', '', 'New Zealand', '', '037495724', '9374', '2018-03-02 02:40:51', '2017-09-28 22:59:21', '9d7e7d00-6770-11e7-8064-f38bf4767f4b', 'DUN', '1', '$2a$05$lyMWgWFLMbtOLuZQOfTmyuAkXOczrfVatfV/1NjDboOb6uMncf6dm', '4d49e6de-3289-11e6-93c3-0242ac110002', '1', 'FggyJ9lE', '0', '0', 'Dunedin South'), ('b2daf890-bdd8-11e7-8860-a0ad8ae49b5f', 'YF', 'youfa@seeckstock.co.nz', '0', 'Auckland', 'Queen Street', 'New Zealand', '', '111111111', '111', '2018-01-11 06:20:39', '2017-10-31 01:13:26', '9d7e7d00-6770-11e7-8064-f38bf4767f4b', 'YF', '0', '$2a$05$wzKUmLnD7y1vRnaP1nMstOXjIXupeQvWTsxmrAn5dXFaxvfbtEapy', '4d49e6de-3289-11e6-93c3-0242ac110002', '1', 'uk2Z4qA', '0', '0', 'City'), ('b51b4bb0-827c-11e7-8a2c-f8cfbeb2ebca', 'Head Office', null, '0', 'Head Office', 'Head Office', 'N/A', 'N/A', 'N/A', 'N/A', '2017-08-16 12:16:18', '2017-08-16 12:16:18', 'N/A', 'HQ', '1', 'N/A', '4d49e6de-3289-11e6-93c3-0242ac110002', '0', 'N/A', '0', '0', 'N/A'), ('c716f530-a7b1-11e7-bee1-4747d50a4fb3', 'island Bay', 'islandbay@brand.com', '0', 'Wellington', '', 'New Zealand', '', '048937281', '6023', '2018-01-11 06:20:42', '2017-10-02 20:39:24', '9d7e7d00-6770-11e7-8064-f38bf4767f4b', 'IB', '0', '$2a$05$NqC2qJ/JbWn8piStmejiYOkg.JJE62Zt97idFVFwoZXRWSAaV7Mne', '4d49e6de-3289-11e6-93c3-0242ac110002', '1', 's33kISL#', '0', '0', 'Island Bay'), ('c8f36bb0-a232-11e7-be69-7b31156153b7', 'Trentham', 'drea.vdm@gmail.com', '0', 'wellington', '', 'New Zealand', '', '089563458', '7949', '2018-01-11 06:20:18', '2017-09-25 20:47:46', '9d7e7d00-6770-11e7-8064-f38bf4767f4b', 'TRE', '0', '$2a$05$GduSCJQc2val3WC2xAIg9./d/KDDlv4jMF7mfugNd.673De/u5tX6', '4d49e6de-3289-11e6-93c3-0242ac110002', '1', 'vc5Y3VPv', '0', '0', 'Trentham'), ('d5cfce40-9397-11e7-b3b4-d217ca389f53', 'Sylvia Park', 'sylviapark@brand.com', '0', 'N/A', '', 'New Zealand', '', '(09)1234567', '1024', '2017-09-07 06:44:24', '2017-09-07 06:43:19', '9d7e7d00-6770-11e7-8064-f38bf4767f4b', 'SYL', '1', '$2a$05$Y8HKDYILoDO8wVCMGrrGcuXtFYwuuNFnjVMjnzUSHAWyYBQACl5Ey', '4d49e6de-3289-11e6-93c3-0242ac110002', '0', 's33kSYL#', '0', '0', 'N/A'), ('d7b2bb50-a43b-11e7-ba03-095ca0c0aa88', 'Tony', 'tony@seekstock.co.nz', '0', 'auckland', '', 'New Zealand', '', '12345678987654', '1024', '2018-01-11 06:20:13', '2017-09-28 10:57:38', '68270f90-9395-11e7-a3f0-daa7744d684d', 'T', '0', '$2a$05$H/A4.LYbHtDnbO03V9bX/OdZNDrnGvfi78yMiL4xYKcZM8aM64Iy2', '4d49e6de-3289-11e6-93c3-0242ac110002', '1', 'asdASD123', '0', '0', '111'), ('dd9f1510-9395-11e7-983e-aace4d7d4c3b', 'Lambton Quay', 'lambtonquay@brand.com', '0', 'N/A', '', 'New Zealand', '', '(09)1234567', '1024', '2017-09-25 01:59:37', '2017-09-07 06:29:13', '9d7e7d00-6770-11e7-8064-f38bf4767f4b', 'LMQ', '1', '$2a$05$QRNVqy3WkirXp6xUIVTrGe1tzMuwGLcqxXn9eGJGd1L4S0y1y7J6.', '4d49e6de-3289-11e6-93c3-0242ac110002', '1', 's33kLMQ#', '0', '0', 'undefined'), ('ddc00120-bdf3-11e7-b557-21b41b66b271', 'aa', 'aaa@www.com', '0', '11', 'sf', 'New Zealand', '', '1111111111', '11', '2018-01-11 06:20:34', '2017-10-31 04:27:55', '9d7e7d00-6770-11e7-8064-f38bf4767f4b', 'aaa', '0', '$2a$05$Te7zSPn/.RxbGN7jATcmkuvDF8uo6vRrXghsty4K13n4nAZ43ysUS', '4d49e6de-3289-11e6-93c3-0242ac110002', '0', 'USJUa', '0', '0', '11'), ('f93a8050-a1b6-11e7-bf0b-01a6c61679c2', 'Drea', 'andreamaria009@gmail.com', '0', 'Auckland', '', 'New Zealand', '', '04893027489', '0223', '2017-09-25 20:05:11', '2017-09-25 06:01:29', 'a8ae0dd0-a1ae-11e7-9cec-fa9a2bcf3d12', 'DRE', '0', '$2a$05$rHCnASGWz50gKz.Z./L1h.3ri9nqVv/gEkoDmR1Gmyk3NCEygNCMy', '4d49e6de-3289-11e6-93c3-0242ac110002', '1', 'Z8uqgz5K', '0', '0', 'Mt Eden'), ('fd396fb0-a22c-11e7-9e77-d8c73906d7b4', 'Andrea', 'andreamaria009@gmail.com', '0', 'Wellington', '', 'New Zealand', '', '04892748134', '6024', '2018-01-11 06:20:24', '2017-09-25 20:06:16', '9d7e7d00-6770-11e7-8064-f38bf4767f4b', 'DREA', '0', '$2a$05$PQ2BbuvE8sRYc260esX0ouP6yZVkaXWp/.XrjUxzdQks8u4SvVP4K', '4d49e6de-3289-11e6-93c3-0242ac110002', '1', 'h3ad0ffice#', '0', '0', 'Island Bay');
COMMIT;

-- ----------------------------
--  Table structure for `thanks`
-- ----------------------------
DROP TABLE IF EXISTS `thanks`;
CREATE TABLE `thanks` (
  `id` varchar(36) NOT NULL,
  `creatorId` varchar(36) NOT NULL,
  `activityId` varchar(36) NOT NULL,
  `updatedAt` datetime DEFAULT NULL,
  `createdAt` datetime DEFAULT NULL,
  `deleted` tinyint(1) DEFAULT NULL,
  `type` varchar(36) DEFAULT NULL,
  `storeId` varchar(36) DEFAULT NULL,
  `active` tinyint(1) DEFAULT NULL,
  PRIMARY KEY (`id`)
) ENGINE=InnoDB DEFAULT CHARSET=utf8mb4 ROW_FORMAT=DYNAMIC;

-- ----------------------------
--  Records of `thanks`
-- ----------------------------
BEGIN;
INSERT INTO `thanks` VALUES ('021ffec0-0b84-11e8-af84-e152a553a332', '9d7e7d00-6770-11e7-8064-f38bf4767f4b', '5d77f430-0931-11e8-bfea-3cff47b7c3c8', '2018-02-06 21:23:43', '2018-02-06 21:23:43', '0', 'style', 'b51b4bb0-827c-11e7-8a2c-f8cfbeb2ebca', '1'), ('1f30c880-0929-11e8-8f84-d0b7d6a049a5', '9d7e7d00-6770-11e7-8064-f38bf4767f4b', '11cfe290-fcbb-11e7-8b7e-20458499b175', '2018-02-03 21:28:05', '2018-02-03 21:28:05', '0', 'style', 'b51b4bb0-827c-11e7-8a2c-f8cfbeb2ebca', '1'), ('2aa566b0-fc9c-11e7-ae8d-86e7658208e0', 'f8e436a0-9397-11e7-8b95-9a063eb9161f', '4152ff00-f71d-11e7-a133-67a392bc858c', '2018-01-18 22:08:53', '2018-01-18 22:08:51', '0', 'style', 'd5cfce40-9397-11e7-b3b4-d217ca389f53', '0'), ('36810890-2e1f-11e8-8026-f9911f51551b', '68270f90-9395-11e7-a3f0-daa7744d684d', 'f7654aa0-2e1d-11e8-9ce7-093af2865eac', '2018-03-22 22:20:22', '2018-03-22 22:20:22', '0', 'suggestion', 'b51b4bb0-827c-11e7-8a2c-f8cfbeb2ebca', '1'), ('60e5c1a0-322c-11e8-a188-c5eca45738c6', '37f65470-9395-11e7-aef2-d79ace5f7884', 'f7654aa0-2e1d-11e8-9ce7-093af2865eac', '2018-03-28 02:04:42', '2018-03-28 02:04:42', '0', 'Colour/Print', 'b51b4bb0-827c-11e7-8a2c-f8cfbeb2ebca', '1'), ('63aa9a00-441f-11e8-9353-db94d69354b9', '37f65470-9395-11e7-aef2-d79ace5f7884', '44aa53f0-4417-11e8-9f9f-b7053836f77d', '2018-04-19 22:17:04', '2018-04-19 22:17:04', '0', 'stock', 'b51b4bb0-827c-11e7-8a2c-f8cfbeb2ebca', '1'), ('664011f0-441f-11e8-972f-36e46a77ebe2', '37f65470-9395-11e7-aef2-d79ace5f7884', '217bd3e0-4417-11e8-a8de-3ff2df6ea9e9', '2018-04-19 22:17:08', '2018-04-19 22:17:08', '0', 'stock', 'b51b4bb0-827c-11e7-8a2c-f8cfbeb2ebca', '1'), ('67e66ef0-441f-11e8-80ad-f9f7bc153fad', '37f65470-9395-11e7-aef2-d79ace5f7884', '7d6b4a00-4417-11e8-b15b-d66c30841deb', '2018-04-19 22:17:11', '2018-04-19 22:17:11', '0', 'stock', 'b51b4bb0-827c-11e7-8a2c-f8cfbeb2ebca', '1'), ('797972d0-0931-11e8-a18d-fc231d105152', '9d7e7d00-6770-11e7-8064-f38bf4767f4b', 'd4f76880-f714-11e7-9bc2-a92b2f352dd2', '2018-02-03 22:27:53', '2018-02-03 22:27:53', '0', 'style', 'b51b4bb0-827c-11e7-8a2c-f8cfbeb2ebca', '1'), ('b53d5f60-fc9e-11e7-8c66-5d8e433ee458', '37f65470-9395-11e7-aef2-d79ace5f7884', 'ac37cd60-fc9e-11e7-aa09-7cea2e9cc173', '2018-01-18 22:27:03', '2018-01-18 22:27:03', '0', 'suggestion', 'b51b4bb0-827c-11e7-8a2c-f8cfbeb2ebca', '1'), ('c22e0b10-fc9a-11e7-a668-f7c1db286bf5', '37f65470-9395-11e7-aef2-d79ace5f7884', '4152ff00-f71d-11e7-a133-67a392bc858c', '2018-01-18 21:59:42', '2018-01-18 21:58:47', '0', 'style', 'b51b4bb0-827c-11e7-8a2c-f8cfbeb2ebca', '1'), ('f63f1ba0-f71e-11e7-9119-de07e7032263', '4c8256f0-9395-11e7-89a6-88568af3c30e', 'dc6b5270-f71e-11e7-9ff7-11d665a51321', '2018-01-11 22:30:01', '2018-01-11 22:30:01', '0', 'quality', 'b51b4bb0-827c-11e7-8a2c-f8cfbeb2ebca', '1');
COMMIT;

-- ----------------------------
--  Table structure for `votes`
-- ----------------------------
DROP TABLE IF EXISTS `votes`;
CREATE TABLE `votes` (
  `id` varchar(36) NOT NULL,
  `creatorId` varchar(36) NOT NULL,
  `activityId` varchar(36) NOT NULL,
  `updatedAt` datetime DEFAULT NULL,
  `createdAt` datetime DEFAULT NULL,
  `deleted` tinyint(1) DEFAULT NULL,
  `type` varchar(36) DEFAULT NULL,
  `storeId` varchar(36) DEFAULT NULL,
  `active` tinyint(1) DEFAULT NULL,
  PRIMARY KEY (`id`)
) ENGINE=InnoDB DEFAULT CHARSET=utf8mb4 ROW_FORMAT=DYNAMIC;

-- ----------------------------
--  Records of `votes`
-- ----------------------------
BEGIN;
INSERT INTO `votes` VALUES ('0132dfa0-0b84-11e8-bd4f-68b9c3396030', '9d7e7d00-6770-11e7-8064-f38bf4767f4b', '5d77f430-0931-11e8-bfea-3cff47b7c3c8', '2018-02-06 21:23:41', '2018-02-06 21:23:41', '0', 'style', 'b51b4bb0-827c-11e7-8a2c-f8cfbeb2ebca', '1'), ('032a27d0-f6b4-11e7-a704-6db3589ac020', '65cae530-9397-11e7-81c4-179927a43dde', 'e6ffff70-f69b-11e7-a164-ab32959964a7', '2018-01-11 09:44:26', '2018-01-11 09:44:26', '0', 'style', '224288e0-9397-11e7-839d-a0ba6612daa5', '1'), ('25e9ab60-0929-11e8-9c20-7b9c019c9873', '9d7e7d00-6770-11e7-8064-f38bf4767f4b', 'a1fc69c0-fcba-11e7-aa61-9d703f5442e9', '2018-02-03 21:28:16', '2018-02-03 21:28:16', '0', 'stock', 'b51b4bb0-827c-11e7-8a2c-f8cfbeb2ebca', '1'), ('296d34d0-fc9c-11e7-bd37-e4d6035f3739', 'f8e436a0-9397-11e7-8b95-9a063eb9161f', '4152ff00-f71d-11e7-a133-67a392bc858c', '2018-01-18 22:08:49', '2018-01-18 22:08:49', '0', 'style', 'd5cfce40-9397-11e7-b3b4-d217ca389f53', '1'), ('5efecbe0-f715-11e7-bfbc-73b95385459d', 'f8e436a0-9397-11e7-8b95-9a063eb9161f', '4c111010-f715-11e7-9069-81009a5e1cef', '2018-04-17 02:36:43', '2018-01-11 21:21:21', '1', 'stock', 'd5cfce40-9397-11e7-b3b4-d217ca389f53', '1'), ('613ea310-441f-11e8-a11e-c26af77a1721', '37f65470-9395-11e7-aef2-d79ace5f7884', '7d6b4a00-4417-11e8-b15b-d66c30841deb', '2018-04-19 22:17:10', '2018-04-19 22:17:00', '0', 'stock', 'b51b4bb0-827c-11e7-8a2c-f8cfbeb2ebca', '0'), ('620ba400-322c-11e8-b9e8-e6b4ca8e08ba', '37f65470-9395-11e7-aef2-d79ace5f7884', 'f7654aa0-2e1d-11e8-9ce7-093af2865eac', '2018-03-28 02:04:43', '2018-03-28 02:04:43', '0', 'Colour/Print', 'b51b4bb0-827c-11e7-8a2c-f8cfbeb2ebca', '1'), ('626fafb0-f715-11e7-92a9-04f6f78aba9c', 'f8e436a0-9397-11e7-8b95-9a063eb9161f', 'dee7c6c0-f6b3-11e7-bae9-5081e0ce0e64', '2018-01-11 21:21:27', '2018-01-11 21:21:27', '0', 'fit', 'd5cfce40-9397-11e7-b3b4-d217ca389f53', '1'), ('679d85c0-f715-11e7-ad68-8f6d8faf2255', 'f8e436a0-9397-11e7-8b95-9a063eb9161f', 'e6ffb150-f69b-11e7-982e-9ba60bc65af6', '2018-01-11 21:21:36', '2018-01-11 21:21:36', '0', 'quality', 'd5cfce40-9397-11e7-b3b4-d217ca389f53', '1'), ('77defcb0-0931-11e8-9e2b-8b18301f8f10', '9d7e7d00-6770-11e7-8064-f38bf4767f4b', 'd4f76880-f714-11e7-9bc2-a92b2f352dd2', '2018-02-03 22:27:50', '2018-02-03 22:27:50', '0', 'style', 'b51b4bb0-827c-11e7-8a2c-f8cfbeb2ebca', '1'), ('8511a730-f715-11e7-a043-4fcf50d39687', '65cae530-9397-11e7-81c4-179927a43dde', '4c111010-f715-11e7-9069-81009a5e1cef', '2018-04-17 02:36:43', '2018-01-11 21:22:25', '1', 'stock', '224288e0-9397-11e7-839d-a0ba6612daa5', '0'), ('b4949c40-fc9e-11e7-92b7-8d45c0a8a41b', '37f65470-9395-11e7-aef2-d79ace5f7884', 'ac37cd60-fc9e-11e7-aa09-7cea2e9cc173', '2018-03-06 00:38:05', '2018-01-18 22:27:02', '1', 'suggestion', 'b51b4bb0-827c-11e7-8a2c-f8cfbeb2ebca', '1'), ('bf7bbc50-fc9a-11e7-9c0d-9c99ddf3712a', '37f65470-9395-11e7-aef2-d79ace5f7884', '4152ff00-f71d-11e7-a133-67a392bc858c', '2018-01-18 21:59:39', '2018-01-18 21:58:42', '0', 'style', 'b51b4bb0-827c-11e7-8a2c-f8cfbeb2ebca', '1'), ('ddb39570-f714-11e7-ac88-da26d19a3a85', '181a0540-9398-11e7-b2f0-cfaf4e888818', 'dee7c6c0-f6b3-11e7-bae9-5081e0ce0e64', '2018-01-11 21:17:44', '2018-01-11 21:17:44', '0', 'fit', 'd5cfce40-9397-11e7-b3b4-d217ca389f53', '1'), ('f1a3fa90-f71c-11e7-abc7-7412396bf496', '4c8256f0-9395-11e7-89a6-88568af3c30e', 'dee7c6c0-f6b3-11e7-bae9-5081e0ce0e64', '2018-01-11 22:15:34', '2018-01-11 22:15:34', '0', 'fit', 'b51b4bb0-827c-11e7-8a2c-f8cfbeb2ebca', '1'), ('fbc41500-f6b3-11e7-a30d-a94e8209e8cd', '65cae530-9397-11e7-81c4-179927a43dde', 'a6d18710-f69c-11e7-b142-8883cbd1c171', '2018-01-11 09:44:14', '2018-01-11 09:44:14', '0', 'fit', '224288e0-9397-11e7-839d-a0ba6612daa5', '1');
COMMIT;

SET FOREIGN_KEY_CHECKS = 1;
