/*
 Navicat Premium Data Transfer

 Source Server         : mysql_localhost_3308
 Source Server Type    : MySQL
 Source Server Version : 50721
 Source Host           : localhost
 Source Database       : seekstock

 Target Server Type    : MySQL
 Target Server Version : 50721
 File Encoding         : utf-8

 Date: 06/06/2018 03:09:29 AM
*/

SET NAMES utf8;
SET FOREIGN_KEY_CHECKS = 0;

-- ----------------------------
--  Table structure for `activities`
-- ----------------------------
DROP TABLE IF EXISTS `activities`;
CREATE TABLE `activities` (
  `id` char(36) CHARACTER SET utf8 COLLATE utf8_bin NOT NULL,
  `productId` varchar(128) DEFAULT NULL,
  `attitude` varchar(16) NOT NULL,
  `img` varchar(1024) DEFAULT NULL,
  `storeId` varchar(36) DEFAULT NULL,
  `deleted` tinyint(1) NOT NULL DEFAULT '0',
  `creatorId` varchar(255) DEFAULT NULL,
  `createdAt` datetime NOT NULL,
  `updatedAt` datetime NOT NULL,
  `type` varchar(16) DEFAULT NULL,
  `category` varchar(16) DEFAULT NULL,
  `subCategory` varchar(32) DEFAULT NULL,
  `comment` varchar(2048) DEFAULT NULL,
  `appliesTo` varchar(255) DEFAULT NULL,
  `organizationId` varchar(36) DEFAULT NULL,
  `tags` varchar(255) DEFAULT NULL,
  `productCategory` varchar(32) DEFAULT NULL,
  `productBrand` varchar(32) DEFAULT NULL,
  `productSeason` varchar(32) DEFAULT NULL,
  PRIMARY KEY (`id`)
) ENGINE=InnoDB DEFAULT CHARSET=utf8;

-- ----------------------------
--  Records of `activities`
-- ----------------------------
BEGIN;
INSERT INTO `activities` VALUES ('00145d10-dede-11e7-8214-1467e4d10ac9', '7f998df9-d3c4-11e7-b798-be71ab80135e', 'positive', '', 'b605b700-a7b0-11e7-bfdc-1de58ed01b98', '0', 'cdd042b0-a7b0-11e7-a170-2b8569676d40', '2017-12-12 01:44:32', '2017-12-12 01:44:32', 'feedback', 'style', 'Colour/Print', 'People are loving the diverse colourways, flattering style, on-trend, leather and comfortable. Great price point too. Easy to dress up and down. People of all ages are interested in this style. Thumbs up! :)', '|All Colours|All Sizes|', '4d49e6de-3289-11e6-93c3-0242ac110002', '||', 'Women\'s Sandals Flats', 'euro pulp', 'SS1718'), ('09a6e210-b055-11e7-9b0d-1a75723c55f0', 'd5060a36-bf93-11e7-aeac-868b2969e334', 'positive', '', '138baba0-a7b1-11e7-92a2-d68357f176b7', '0', '1aec4030-a7b1-11e7-b5e3-718845c6cf2d', '2017-10-13 20:28:13', '2017-10-13 20:28:13', 'feedback', 'style', 'General', 'So far the customers who have purchased Garland enjoyed the width , comfort and smart look. We have not found had any customers try on using their own orthotic but feel it is too early in the season to comment. It is popular amongst our older customers who are looking for a sandal for a summer wedding who cant handle any height.', '|All Colours|All Sizes|', '4d49e6de-3289-11e6-93c3-0242ac110002', '|Create option \'footbed\'|', 'Women\'s Sandals Wedges', 'hush puppies', 'SS1718'), ('09a97a20-b055-11e7-8f9e-0bd926c73590', '09a97a20-b055-11e7-8f9e-0bd926c73590', 'neutral', '||', '138baba0-a7b1-11e7-92a2-d68357f176b7', '0', '1aec4030-a7b1-11e7-b5e3-718845c6cf2d', '2017-10-13 20:28:13', '2017-10-13 20:28:13', 'newSuggestion', '', '', 'Some have felt the ankle strap needs to be thinner to be a special occasion shoe.', '|All Colours|All Sizes|', '4d49e6de-3289-11e6-93c3-0242ac110002', '', '', '', ''), ('0dd86c70-ba8a-11e7-92ed-b656531eed4b', 'd50a76f1-bf93-11e7-8fd1-99a781b5db56', 'positive', '', '726fd0b0-a7b1-11e7-84bd-e6e501726d4e', '0', '77a93f80-a7b1-11e7-977e-230c98391b6d', '2017-10-26 20:12:55', '2017-10-26 20:12:55', 'feedback', 'quality', 'Material Quality', 'Customers love this soft, nubuck upper', '|All Colours|All Sizes|', '4d49e6de-3289-11e6-93c3-0242ac110002', '||', 'Women\'s Shoes Heels', 'noir', 'SS1718'), ('0e29dcf0-afb7-11e7-9aee-93a150c4e6b2', 'd5067f51-bf93-11e7-adf9-da251def88ca', 'positive', '', '726fd0b0-a7b1-11e7-84bd-e6e501726d4e', '0', '77a93f80-a7b1-11e7-977e-230c98391b6d', '2017-10-13 01:37:20', '2017-10-13 01:37:20', 'feedback', 'style', 'General', 'Hi Matt, We do not have this style in BR395 so we are unable to comment with feedback.', '|All Colours|All Sizes|', '4d49e6de-3289-11e6-93c3-0242ac110002', '|Feedback|', 'Women\'s Shoes Flats', 'hush puppies', 'SS1718'), ('0fdef090-c98d-11e7-8b6b-84a096b551f8', '162d36a3-c5af-11e7-99ac-8d55a3870a77', 'negative', '', '138baba0-a7b1-11e7-92a2-d68357f176b7', '0', '1aec4030-a7b1-11e7-b5e3-718845c6cf2d', '2017-11-14 22:42:15', '2017-11-14 22:42:15', 'feedback', 'quality', 'Damaged/Broken', 'The elastic joining appears to be poor quality. The customer took them home and put them on the next morning to find the elastic had pulled apart completely as she tried to fasten them. she was also unhappy with the quality of the join on the replacement pair she was given however all pairs look like this. Wanted to give them another go as she REALLY loved the style!', '|All Colours|All Sizes|', '4d49e6de-3289-11e6-93c3-0242ac110002', '|After purchase (returned)|Laces|', 'Women\'s Sandals Flats', 'hush puppies', 'SS1718'), ('105986b0-b3b3-11e7-a96b-5a3d3b831358', 'd505e300-bf93-11e7-85ae-6133ad9c83ad', 'positive', '', '4335aa90-a7b1-11e7-bbc0-0b8b6ce88523', '0', '4a9a84e0-a7b1-11e7-ba59-8c3199dba632', '2017-10-18 03:18:51', '2017-10-18 03:18:51', 'feedback', 'style', 'Colour/Print', 'Loving the rose gold and white for summer', '|All Colours|All Sizes|', '4d49e6de-3289-11e6-93c3-0242ac110002', '||', 'Women\'s Shoes Sneakers', 'steve madden', 'SS1718'), ('1158c010-68d2-11e8-9d44-263245164040', 'd5060a36-bf93-11e7-aeac-868b2969e334', 'neutral', '', '138baba0-a7b1-11e7-92a2-d68357f176b7', '0', '1aec4030-a7b1-11e7-b5e3-718845c6cf2d', '2017-10-13 20:28:13', '2017-10-13 20:28:13', 'feedback', 'suggestion', 'Style Suggestion', 'Some have felt the ankle strap needs to be thinner to be a special occasion shoe.', '|All Colours|All Sizes|', '4d49e6de-3289-11e6-93c3-0242ac110002', '|Create option \'footbed\'|', 'Women\'s Sandals Wedges', 'hush puppies', 'SS1718'), ('1158e720-68d2-11e8-9d06-f42f463832c7', 'd5067f51-bf93-11e7-adf9-da251def88ca', 'neutral', '', '138baba0-a7b1-11e7-92a2-d68357f176b7', '0', '1aec4030-a7b1-11e7-b5e3-718845c6cf2d', '2017-10-13 20:43:50', '2017-10-13 20:43:50', 'feedback', 'suggestion', 'Style Suggestion', 'Fits the wider foot, which in our opinion is not a bad thing as we have Tune to suit the slimmer footed ladies', '|All Colours|All Sizes|', '4d49e6de-3289-11e6-93c3-0242ac110002', '|Create option \'general\'|', 'Women\'s Shoes Flats', 'hush puppies', 'SS1718'), ('11590e30-68d2-11e8-ac2e-6533c2d8aea2', 'd5063128-bf93-11e7-8790-b30262e8942d', 'neutral', '', '726fd0b0-a7b1-11e7-84bd-e6e501726d4e', '0', '77a93f80-a7b1-11e7-977e-230c98391b6d', '2017-10-10 03:15:57', '2017-10-10 03:15:57', 'feedback', 'suggestion', 'Style Suggestion', 'The ankle ribbon is \'stiff\' and uncomfortable for some customers. Material like Geanna  have been more popular.', '|All Colours|All Sizes|', '4d49e6de-3289-11e6-93c3-0242ac110002', '||', 'Women\'s Sandals Flats', 'miss pulp', 'SS1718'), ('11590e31-68d2-11e8-b2d5-8032671a34ad', 'd505e300-bf93-11e7-85ae-6133ad9c83ad', 'neutral', '', '726fd0b0-a7b1-11e7-84bd-e6e501726d4e', '0', '77a93f80-a7b1-11e7-977e-230c98391b6d', '2017-10-13 02:58:06', '2017-10-13 02:58:06', 'feedback', 'suggestion', 'Style Suggestion', 'could we have looked at other colours such as sgae? blush? silver?', '|All Colours|All Sizes|', '4d49e6de-3289-11e6-93c3-0242ac110002', '||', 'Women\'s Shoes Sneakers', 'steve madden', 'SS1718'), ('11590e32-68d2-11e8-8563-25283e01d891', 'd508c93c-bf93-11e7-9435-ed8ec364887b', 'neutral', '', '726fd0b0-a7b1-11e7-84bd-e6e501726d4e', '0', '77a93f80-a7b1-11e7-977e-230c98391b6d', '2017-11-02 20:28:28', '2017-11-02 20:28:28', 'feedback', 'suggestion', 'Style Suggestion', 'could this be in a smooth leather,black?', '|All Colours|All Sizes|', '4d49e6de-3289-11e6-93c3-0242ac110002', '||', 'Women\'s Sandals Heels', 'noir', 'SS1718'), ('11590e33-68d2-11e8-a693-28ef68a49a42', 'd507429b-bf93-11e7-8e49-e6c2150b197e', 'neutral', '', '726fd0b0-a7b1-11e7-84bd-e6e501726d4e', '0', '77a93f80-a7b1-11e7-977e-230c98391b6d', '2017-10-26 20:09:37', '2017-10-26 20:09:37', 'feedback', 'suggestion', 'Style Suggestion', 'Navy \'strappy\' dress style for mother of the bride', '|All Colours|All Sizes|', '4d49e6de-3289-11e6-93c3-0242ac110002', '||', 'Women\'s Sandals Heels', 'pulp', 'SS1718'), ('11590e34-68d2-11e8-aff5-d46d0c8199ab', 'd506a65b-bf93-11e7-9902-475dac4b8503', 'neutral', '', '4335aa90-a7b1-11e7-bbc0-0b8b6ce88523', '0', '4a9a84e0-a7b1-11e7-ba59-8c3199dba632', '2017-10-18 03:15:34', '2017-10-18 03:15:34', 'feedback', 'suggestion', 'Style Suggestion', 'At $149.95 they wouldn\'t think twice about buying them', '|All Colours|All Sizes|', '4d49e6de-3289-11e6-93c3-0242ac110002', '||', 'Women\'s Sandals Heels', 'supersoft by diana ferrari', 'SS1718'), ('11590e35-68d2-11e8-a5a8-362f0d45d837', '7f9a518d-d3c4-11e7-b9da-03140f98b92c', 'neutral', '', 'b605b700-a7b0-11e7-bfdc-1de58ed01b98', '0', 'cdd042b0-a7b0-11e7-a170-2b8569676d40', '2017-12-12 01:49:16', '2017-12-12 01:49:16', 'feedback', 'suggestion', 'Style Suggestion', 'Maybe a white colour for future?!', '|All Colours|All Sizes|', '4d49e6de-3289-11e6-93c3-0242ac110002', '|design|colour|leather|wedge|price|quality|', 'Women\'s Sandals Wedges', 'creatures of comfort', 'SS1718'), ('11590e36-68d2-11e8-8bae-2d32e16ab8da', 'd505e300-bf93-11e7-85ae-6133ad9c83ad', 'neutral', '', '726fd0b0-a7b1-11e7-84bd-e6e501726d4e', '0', '77a93f80-a7b1-11e7-977e-230c98391b6d', '2017-10-05 03:09:58', '2017-10-05 03:09:58', 'feedback', 'suggestion', 'Style Suggestion', 'Amazing shoe.  more please', '|All Colours|All Sizes|', '4d49e6de-3289-11e6-93c3-0242ac110002', '||', 'Women\'s Shoes Sneakers', 'steve madden', 'SS1718'), ('11590e37-68d2-11e8-ae7b-820a4de29383', 'd5065842-bf93-11e7-a4c4-6c45f3f2540f', 'neutral', '', '726fd0b0-a7b1-11e7-84bd-e6e501726d4e', '0', '77a93f80-a7b1-11e7-977e-230c98391b6d', '2017-11-02 20:09:23', '2017-11-02 20:09:23', 'feedback', 'suggestion', 'Style Suggestion', 'velcro strap won\'t go through, cut on an angle', '|All Colours|All Sizes|', '4d49e6de-3289-11e6-93c3-0242ac110002', '|sole|', 'Women\'s Sandals Wedges', 'creatures of comfort', 'SS1718'), ('11590e38-68d2-11e8-83e9-ce3d6f81416f', 'd5087b23-bf93-11e7-bdb0-ca0dddbd3d48', 'neutral', '', '726fd0b0-a7b1-11e7-84bd-e6e501726d4e', '0', '77a93f80-a7b1-11e7-977e-230c98391b6d', '2017-10-07 03:22:26', '2017-10-07 03:22:26', 'feedback', 'suggestion', 'Style Suggestion', 'Customers are asking for it to come in a size 12', '|All Colours|All Sizes|', '4d49e6de-3289-11e6-93c3-0242ac110002', '|Create option \'size\'|', 'Women\'s Sandals Flats', 'pulp', 'SS1718'), ('23512e80-af8a-11e7-9b39-3d46b1a1a511', 'd5093e83-bf93-11e7-b3c4-cca1e5972267', 'positive', '', 'b605b700-a7b0-11e7-bfdc-1de58ed01b98', '0', '3c1b26f0-ae18-11e7-a9d2-5af432a7c59f', '2017-10-12 20:15:49', '2017-10-12 20:15:49', 'feedback', 'style', 'Design/Shape', 'Flattering and on-trend design. Everyone who tries it comments on how comfortable it is. The blush colour is a favourite too. A lot of people are buying for events e.g. awards evening but a few for work as well. A complete hit!', '|All Colours|All Sizes|', '4d49e6de-3289-11e6-93c3-0242ac110002', '||', 'Women\'s Sandals Heels', 'pulp', 'SS1718'), ('2d2a22a0-b939-11e7-ad81-71b5e7ba1f3c', 'd5065842-bf93-11e7-a4c4-6c45f3f2540f', 'positive', '', 'b605b700-a7b0-11e7-bfdc-1de58ed01b98', '0', '3c1b26f0-ae18-11e7-a9d2-5af432a7c59f', '2017-10-25 04:01:28', '2017-10-25 04:01:28', 'feedback', 'fit', 'Fits True', '', '|All Colours|All Sizes|', '4d49e6de-3289-11e6-93c3-0242ac110002', '||', 'Women\'s Sandals Wedges', 'creatures of comfort', 'SS1718'), ('2d2a49b0-b939-11e7-891b-2bbabd4b4e50', 'd5065842-bf93-11e7-a4c4-6c45f3f2540f', 'negative', '', 'b605b700-a7b0-11e7-bfdc-1de58ed01b98', '0', '3c1b26f0-ae18-11e7-a9d2-5af432a7c59f', '2017-10-25 04:01:28', '2017-10-25 04:01:28', 'feedback', 'style', 'Design/Shape', 'A lot people trying on this style are older ladies with swollen feet/ankles or problem feet. They pick this style because of the velcro straps however because of the shape/design of the strap it does not loosen as the straps do not fit through the hole.', '|All Colours|All Sizes|', '4d49e6de-3289-11e6-93c3-0242ac110002', '||', 'Women\'s Sandals Wedges', 'creatures of comfort', 'SS1718'), ('30a41630-dee0-11e7-8fb3-90f47247e460', 'df5edbf4-bfd3-11e7-826c-519ddf3bc8b7', 'positive', '', 'b605b700-a7b0-11e7-bfdc-1de58ed01b98', '0', '3c1b26f0-ae18-11e7-a9d2-5af432a7c59f', '2017-12-12 02:00:12', '2017-12-12 02:00:12', 'feedback', 'style', 'General', 'Schnoodle has been a hit! Especially at the sale price. People are loving the design and how lightweight and breathable they are. Comfy and good price point for Hush Puppies. We have found a lot of women in bigger sizes are trying the mens as well and can then also get it in the black/grey colourway. Fit is true to size too.', '|All Colours|All Sizes|', '4d49e6de-3289-11e6-93c3-0242ac110002', '|lightweight|colour|design|fit|', 'Women\'s Shoes Sneakers', 'hush puppies', 'SS1718'), ('35434eb0-aefa-11e7-8a87-586e8f3f424a', 'd506cd65-bf93-11e7-9869-43977561accb', 'positive', '', '726fd0b0-a7b1-11e7-84bd-e6e501726d4e', '0', '77a93f80-a7b1-11e7-977e-230c98391b6d', '2017-10-12 03:05:31', '2017-10-12 03:05:31', 'feedback', 'fit', 'Fits True', 'Eventhough Steve Madden is known for narrow fitting, Jcretee is quite a wide fitting sandal. Children with wide feet will fit this well than the children with narrow feet.', '|All Colours|All Sizes|', '4d49e6de-3289-11e6-93c3-0242ac110002', '||', 'Kids\' Girls Sandals', 'stevies', 'SS1718'), ('37b5e3c0-b057-11e7-b37a-46bea17e448a', 'd5067f51-bf93-11e7-adf9-da251def88ca', 'positive', '', '138baba0-a7b1-11e7-92a2-d68357f176b7', '0', '1aec4030-a7b1-11e7-b5e3-718845c6cf2d', '2017-10-13 20:43:50', '2017-10-13 20:43:50', 'feedback', 'style', 'General', 'We are finding this style to be a popular one for our store. The comfort has improved from last years Hope and the upper is much softer.', '|All Colours|All Sizes|', '4d49e6de-3289-11e6-93c3-0242ac110002', '|Create option \'general\'|', 'Women\'s Shoes Flats', 'hush puppies', 'SS1718'), ('37b7b880-b057-11e7-a2e5-370cff67c77b', '37b7b880-b057-11e7-a2e5-370cff67c77b', 'neutral', '||', '138baba0-a7b1-11e7-92a2-d68357f176b7', '0', '1aec4030-a7b1-11e7-b5e3-718845c6cf2d', '2017-10-13 20:43:50', '2017-10-13 20:43:50', 'newSuggestion', '', '', 'Fits the wider foot, which in our opinion is not a bad thing as we have Tune to suit the slimmer footed ladies', '|All Colours|All Sizes|', '4d49e6de-3289-11e6-93c3-0242ac110002', '', '', '', ''), ('38fd5a90-bdce-11e7-a6e5-d7802019acb8', 'd505bc09-bf93-11e7-8296-c08d02294690', 'positive', '', 'b605b700-a7b0-11e7-bfdc-1de58ed01b98', '0', 'cdd042b0-a7b0-11e7-a170-2b8569676d40', '2017-10-30 23:58:27', '2017-10-30 23:58:27', 'feedback', 'quality', 'Material Quality', 'With the Black of this style we have found 4 pairs with one foot leather and the other microfibre. 5 Pairs have a microfibre insole and 3 pairs have a leather insole.', '|All Colours|All Sizes|', '4d49e6de-3289-11e6-93c3-0242ac110002', '||', 'Women\'s Sandals Wedges', 'hush puppies', 'SS1718'), ('397483e0-dedf-11e7-abc7-cf143d4df2da', '096dbd04-caa9-11e7-8f46-6b0695caab7e', 'negative', '', 'b605b700-a7b0-11e7-bfdc-1de58ed01b98', '0', '3c1b26f0-ae18-11e7-a9d2-5af432a7c59f', '2017-12-12 01:53:18', '2017-12-12 01:53:18', 'feedback', 'style', 'Design/Shape', 'T-bar is too deep so customers with narrow feet find it loose and roomy. Also customers don\'t feel a lot of support in the shoe.  Customers tend to be buying a more casual/basic type sandal', '|All Colours|All Sizes|', '4d49e6de-3289-11e6-93c3-0242ac110002', '||', 'Women\'s Sandals Flats', 'steve madden', 'SS1718'), ('3a96dcd0-ba8d-11e7-8700-b14afe6100f7', 'd507429b-bf93-11e7-8e49-e6c2150b197e', 'negative', '', '726fd0b0-a7b1-11e7-84bd-e6e501726d4e', '0', '77a93f80-a7b1-11e7-977e-230c98391b6d', '2017-10-26 20:35:39', '2017-10-26 20:35:39', 'feedback', 'style', 'Design/Shape', 'Younger aged group customers (18 -25) have commented they liked the heel height and shape but did not like the ruched upper toe strap.', '|All Colours|All Sizes|', '4d49e6de-3289-11e6-93c3-0242ac110002', '||', 'Women\'s Sandals Heels', 'pulp', 'SS1718'), ('41aad440-b056-11e7-bb48-8d3bee24343e', 'd505e306-bf93-11e7-b44e-a972e5d83314', 'negative', '', '138baba0-a7b1-11e7-92a2-d68357f176b7', '0', '1aec4030-a7b1-11e7-b5e3-718845c6cf2d', '2017-10-13 20:36:57', '2017-10-13 20:36:57', 'feedback', 'fit', 'Fits Large', 'The T-bar section of the shoe is to long , it bunches up and doesnt sit flat on the top of the customers foot. This has been the issue to all who have tried, it just bothered some more than others. The customers are however really enjoying the all day comfort and overall look of the shoe.', '|All Colours|All Sizes|', '4d49e6de-3289-11e6-93c3-0242ac110002', '|Tongue|', 'Women\'s Sandals Wedges', 'hush puppies', 'SS1718'), ('41aafb50-b056-11e7-897c-ed9cdef244c1', 'd505e306-bf93-11e7-b44e-a972e5d83314', 'negative', '', '138baba0-a7b1-11e7-92a2-d68357f176b7', '0', '1aec4030-a7b1-11e7-b5e3-718845c6cf2d', '2017-10-13 20:36:57', '2017-10-13 20:36:57', 'feedback', 'quality', 'Damaged/Broken', 'A customer purchased the shoe and returned the next day having tried on at home and the t-bar ( where the two movable parts meet) had ripped open, it was not repairable.', '|All Colours|All Sizes|', '4d49e6de-3289-11e6-93c3-0242ac110002', '|After purchase (returned)|Upper|', 'Women\'s Sandals Wedges', 'hush puppies', 'SS1718'), ('466305b0-ba89-11e7-aa06-3740bcda4f58', 'd50594ea-bf93-11e7-b5c1-deb288530380', 'negative', '', '726fd0b0-a7b1-11e7-84bd-e6e501726d4e', '0', '77a93f80-a7b1-11e7-977e-230c98391b6d', '2017-10-26 20:07:21', '2017-10-26 20:07:21', 'feedback', 'fit', 'Fits Large', '', '|All Colours|All Sizes|', '4d49e6de-3289-11e6-93c3-0242ac110002', '|Width|', 'Women\'s Shoes Heels', 'noir', 'SS1718'), ('552ccc20-ad69-11e7-80ca-36728f22daf3', 'd5063128-bf93-11e7-8790-b30262e8942d', 'positive', '', '726fd0b0-a7b1-11e7-84bd-e6e501726d4e', '0', '77a93f80-a7b1-11e7-977e-230c98391b6d', '2017-10-10 03:15:57', '2017-10-10 03:15:57', 'feedback', 'style', 'Material/Upper', 'The ribbon length is good to create a \'gladiator\' look', '|All Colours|All Sizes|', '4d49e6de-3289-11e6-93c3-0242ac110002', '||', 'Women\'s Sandals Flats', 'miss pulp', 'SS1718'), ('552f8b40-ad69-11e7-bebf-ca4ee5f19835', '552f8b40-ad69-11e7-bebf-ca4ee5f19835', 'neutral', '||', '726fd0b0-a7b1-11e7-84bd-e6e501726d4e', '0', '77a93f80-a7b1-11e7-977e-230c98391b6d', '2017-10-10 03:15:57', '2017-10-10 03:15:57', 'newSuggestion', '', '', 'The ankle ribbon is \'stiff\' and uncomfortable for some customers. Material like Geanna  have been more popular.', '|All Colours|All Sizes|', '4d49e6de-3289-11e6-93c3-0242ac110002', '', '', '', ''), ('557be830-b077-11e7-ad8c-48a88cfa997a', 'd505e318-bf93-11e7-81a1-85be04866132', 'positive', '', '138baba0-a7b1-11e7-92a2-d68357f176b7', '0', '1aec4030-a7b1-11e7-b5e3-718845c6cf2d', '2017-10-14 00:33:43', '2017-10-14 00:33:43', 'feedback', 'fit', 'Fits True', 'The adjustability of the \'width\' straps is a great feature. So often when we have ladies with wide feet coming in, it\'s hard to accomodate them in our dressy high heel sandals, but with this style it\'s so easy! I have also found that our customers with bunions or HAV are loving it as it allows room for these issues, and does not rub.', '|All Colours|All Sizes|', '4d49e6de-3289-11e6-93c3-0242ac110002', '||', 'Women\'s Sandals Wedges', 'hush puppies', 'SS1718'), ('557c3650-b077-11e7-b5e7-9c03cbe1ca61', 'd505e318-bf93-11e7-81a1-85be04866132', 'positive', '', '138baba0-a7b1-11e7-92a2-d68357f176b7', '0', '1aec4030-a7b1-11e7-b5e3-718845c6cf2d', '2017-10-14 00:33:43', '2017-10-14 00:33:43', 'feedback', 'style', 'Design/Shape', 'Customers are loving the look of this style.The added detailing of the gold chain is great selling point with customers as it really helps to dress up the shoe, making it more suitable for weddings and other special occasions.The actual pattern itself is also great as it is an interesting look - something different than the usual sandal styles we see on the market. As well as this, it also really slims down the foot, which is especially nice for ladies with wider feet.', '|All Colours|All Sizes|', '4d49e6de-3289-11e6-93c3-0242ac110002', '||', 'Women\'s Sandals Wedges', 'hush puppies', 'SS1718'), ('569cc3c0-afc2-11e7-bdfe-37c03c64ecde', 'd505e300-bf93-11e7-85ae-6133ad9c83ad', 'positive', '', '726fd0b0-a7b1-11e7-84bd-e6e501726d4e', '0', '77a93f80-a7b1-11e7-977e-230c98391b6d', '2017-10-13 02:58:06', '2017-10-13 02:58:06', 'feedback', 'style', 'Design/Shape', 'Loving the laser cut designpattern, can wear with little \'sockettes or \'stockingettes\', rose gold a hot colour  but white andf black a strong response also', '|All Colours|All Sizes|', '4d49e6de-3289-11e6-93c3-0242ac110002', '||', 'Women\'s Shoes Sneakers', 'steve madden', 'SS1718'), ('569f0db0-afc2-11e7-9833-bec09257553d', '569f0db0-afc2-11e7-9833-bec09257553d', 'neutral', '||', '726fd0b0-a7b1-11e7-84bd-e6e501726d4e', '0', '77a93f80-a7b1-11e7-977e-230c98391b6d', '2017-10-13 02:58:06', '2017-10-13 02:58:06', 'newSuggestion', '', '', 'could we have looked at other colours such as sgae? blush? silver?', '|All Colours|All Sizes|', '4d49e6de-3289-11e6-93c3-0242ac110002', '', '', '', ''), ('5e796aa0-ba8d-11e7-827f-5a2fb9b084bf', 'd505bc09-bf93-11e7-8296-c08d02294690', 'negative', '', '726fd0b0-a7b1-11e7-84bd-e6e501726d4e', '0', '77a93f80-a7b1-11e7-977e-230c98391b6d', '2017-10-26 20:36:39', '2017-10-26 20:36:39', 'feedback', 'style', 'Design/Shape', 'This style has not enough velcro to securely attach when a customer has a wider ankle.', '|All Colours|All Sizes|', '4d49e6de-3289-11e6-93c3-0242ac110002', '||', 'Women\'s Sandals Wedges', 'hush puppies', 'SS1718'), ('62538760-c9be-11e7-91a9-579a2991d240', 'df5da389-bfd3-11e7-ba6d-42615e5e3a12', 'positive', '', 'b605b700-a7b0-11e7-bfdc-1de58ed01b98', '0', '3c1b26f0-ae18-11e7-a9d2-5af432a7c59f', '2017-11-15 04:35:18', '2017-11-15 04:35:18', 'feedback', 'style', 'Design/Shape', 'Women are loving the block heel as well as the \'V\' shape straps on the side. Creates a sleek and sophisticated look. Dress up with formal dresses or dress down with jeans. Great to have a stylish leather heel.', '|All Colours|All Sizes|', '4d49e6de-3289-11e6-93c3-0242ac110002', '||', 'Women\'s Sandals Heels', 'siren', 'SS1718'), ('62901600-c00c-11e7-8d78-530b29283ddd', 'd508c93c-bf93-11e7-9435-ed8ec364887b', 'positive', '', '726fd0b0-a7b1-11e7-84bd-e6e501726d4e', '0', '77a93f80-a7b1-11e7-977e-230c98391b6d', '2017-11-02 20:28:28', '2017-11-02 20:28:28', 'feedback', 'quality', 'Finishings', 'great, no improvemnet required', '|All Colours|All Sizes|', '4d49e6de-3289-11e6-93c3-0242ac110002', '||', 'Women\'s Sandals Heels', 'noir', 'SS1718'), ('62901601-c00c-11e7-93c3-98be29245639', 'd508c93c-bf93-11e7-9435-ed8ec364887b', 'positive', '', '726fd0b0-a7b1-11e7-84bd-e6e501726d4e', '0', '77a93f80-a7b1-11e7-977e-230c98391b6d', '2017-11-02 20:28:28', '2017-11-02 20:28:28', 'feedback', 'style', 'Design/Shape', 'Soft, conformable upper, buckle sites away from the ankle bone colourways - popular in stone, black heel height - elevation comforatble, peeptoe and cutout design appeals in this upper. closed heel counter appeals as alot of women are aware that their quality of heel skin is not favourable after a winter season in enclosed shoes.', '|All Colours|All Sizes|', '4d49e6de-3289-11e6-93c3-0242ac110002', '||', 'Women\'s Sandals Heels', 'noir', 'SS1718'), ('6313bfe0-ab0e-11e7-ab15-2fb80a314159', 'd5051fb7-bf93-11e7-b208-39579111abac', 'positive', '', '726fd0b0-a7b1-11e7-84bd-e6e501726d4e', '0', '77a93f80-a7b1-11e7-977e-230c98391b6d', '2017-10-07 03:19:53', '2017-10-07 03:19:53', 'feedback', 'style', 'Colour/Print', 'Customer liked that it was a \'bright\' gold colour', '|All Colours|All Sizes|', '4d49e6de-3289-11e6-93c3-0242ac110002', '||', 'Women\'s Shoes Sneakers', 'keds', 'SS1718'), ('6385e7b0-c00c-11e7-8217-165e1b55e7ea', '6385e7b0-c00c-11e7-8217-165e1b55e7ea', 'neutral', '||', '726fd0b0-a7b1-11e7-84bd-e6e501726d4e', '0', '77a93f80-a7b1-11e7-977e-230c98391b6d', '2017-11-02 20:28:29', '2017-11-02 20:28:29', 'newSuggestion', '', '', 'could this be in a smooth leather,black?', '|All Colours|All Sizes|', '4d49e6de-3289-11e6-93c3-0242ac110002', '', '', '', ''), ('69d9bf00-bdce-11e7-8151-caa5f3fa406d', 'd505bc09-bf93-11e7-8296-c08d02294690', 'positive', '', 'b605b700-a7b0-11e7-bfdc-1de58ed01b98', '0', 'cdd042b0-a7b0-11e7-a170-2b8569676d40', '2017-10-30 23:59:49', '2017-10-30 23:59:49', 'feedback', 'quality', 'Material Quality', 'With the Taupe colour, we have found 9 pairs with the microfibre insole and 2 pairs with a leather insole', '|All Colours|All Sizes|', '4d49e6de-3289-11e6-93c3-0242ac110002', '||', 'Women\'s Sandals Wedges', 'hush puppies', 'SS1718'), ('6ef94ff0-aef6-11e7-adaf-9b0f0bfd4228', 'd506cd6a-bf93-11e7-916a-8fafa1343bf3', 'negative', '', '726fd0b0-a7b1-11e7-84bd-e6e501726d4e', '0', '77a93f80-a7b1-11e7-977e-230c98391b6d', '2017-10-12 02:38:30', '2017-10-12 02:38:30', 'feedback', 'style', 'Design/Shape', 'Customer said that she liked the pearls if they were smaller and less of them. It looked like \'spider eyes\'', '|All Colours|All Sizes|', '4d49e6de-3289-11e6-93c3-0242ac110002', '||', 'Women\'s Sandals Flats', 'pulp', 'SS1718'), ('7e8c3320-ba8a-11e7-82c6-c4567532672a', 'd50ac522-bf93-11e7-a9f0-068dc302f2c0', 'positive', '', '726fd0b0-a7b1-11e7-84bd-e6e501726d4e', '0', '77a93f80-a7b1-11e7-977e-230c98391b6d', '2017-10-26 20:16:04', '2017-10-26 20:16:04', 'feedback', 'style', 'Design/Shape', 'Customers love, love, love the insole comfort. Staff member spent 10 days on holiday recently and said she wore these sandals every day as they were so super comfortable.', '|All Colours|All Sizes|', '4d49e6de-3289-11e6-93c3-0242ac110002', '||', 'Women\'s Sandals Wedges', 'hush puppies', 'SS1718'), ('8a3c50a0-c9bd-11e7-940d-8d304e4c18b5', 'df5df190-bfd3-11e7-ae78-5b20b9349037', 'positive', '', 'b605b700-a7b0-11e7-bfdc-1de58ed01b98', '0', '3c1b26f0-ae18-11e7-a9d2-5af432a7c59f', '2017-11-15 04:29:16', '2017-11-15 04:29:16', 'feedback', 'style', 'Design/Shape', 'Very versatile shoe, easy able to be dressed up or down, people are loving the colour options as well, especially the brown as it is multi-toned.', '|All Colours|All Sizes|', '4d49e6de-3289-11e6-93c3-0242ac110002', '||', 'Men\'s Shoes Casual', 'hush puppies', 'SS1718'), ('90c809d0-c98d-11e7-b904-8c5288f7d560', 'd50ac522-bf93-11e7-a9f0-068dc302f2c0', 'positive', '', '138baba0-a7b1-11e7-92a2-d68357f176b7', '0', '1aec4030-a7b1-11e7-b5e3-718845c6cf2d', '2017-11-14 22:45:51', '2017-11-14 22:45:51', 'feedback', 'style', 'General', 'Everyone who has tried this shoe has absolutely loved it. Its a great body shoe alternative as it has the support aswell as beautiful soft padding which styles like athos and theia lack. We are all hoping we get similar styles next year in perhaps brighter colours', '|All Colours|All Sizes|', '4d49e6de-3289-11e6-93c3-0242ac110002', '|Style|', 'Women\'s Sandals Wedges', 'hush puppies', 'SS1718'), ('912488f0-cb12-11e7-b108-dc72439d9765', '096cd2b7-caa9-11e7-9597-542f1bb13dd5', 'positive', '', 'b605b700-a7b0-11e7-bfdc-1de58ed01b98', '0', 'cdd042b0-a7b0-11e7-a170-2b8569676d40', '2017-11-16 21:10:26', '2017-11-16 21:10:26', 'feedback', 'quality', 'Finishings', 'Just wanted to share that the COCO blk vbl1378 has some of them with a smooth finish and some have a textured finish.Important to check finishes when selling:)', '|All Colours|All Sizes|', '4d49e6de-3289-11e6-93c3-0242ac110002', '||', 'Women\'s Sandals Wedges', 'hush puppies', 'SS1718'), ('9754f490-dedf-11e7-9ebd-3ab1aba5cf88', '096dbd04-caa9-11e7-8f46-6b0695caab7e', 'negative', '', 'b605b700-a7b0-11e7-bfdc-1de58ed01b98', '0', '3c1b26f0-ae18-11e7-a9d2-5af432a7c59f', '2017-12-12 01:55:55', '2017-12-12 01:55:55', 'feedback', 'style', 'Material/Upper', 'Some customers found the metal parts on the straps digging into them.', '|All Colours|All Sizes|', '4d49e6de-3289-11e6-93c3-0242ac110002', '||', 'Women\'s Sandals Flats', 'steve madden', 'SS1718'), ('97a35880-ba89-11e7-9d6c-3043e40b068b', 'd507429b-bf93-11e7-8e49-e6c2150b197e', 'negative', '', '726fd0b0-a7b1-11e7-84bd-e6e501726d4e', '0', '77a93f80-a7b1-11e7-977e-230c98391b6d', '2017-10-26 20:09:37', '2017-10-26 20:09:37', 'feedback', 'style', 'Colour/Print', 'We have had 5 enquires over the last 2 weeks from mothers of the bride looking for a heeled shoe such as this in Navy.', '|All Colours|All Sizes|', '4d49e6de-3289-11e6-93c3-0242ac110002', '||', 'Women\'s Sandals Heels', 'pulp', 'SS1718'), ('97dbf4b0-ba89-11e7-b473-6ada0aec843c', '97dbf4b0-ba89-11e7-b473-6ada0aec843c', 'neutral', '||', '726fd0b0-a7b1-11e7-84bd-e6e501726d4e', '0', '77a93f80-a7b1-11e7-977e-230c98391b6d', '2017-10-26 20:09:37', '2017-10-26 20:09:37', 'newSuggestion', '', '', 'Navy \'strappy\' dress style for mother of the bride', '|All Colours|All Sizes|', '4d49e6de-3289-11e6-93c3-0242ac110002', '', '', '', ''), ('9b15b090-b3b2-11e7-b5af-17fdf7a2da19', 'd506a65b-bf93-11e7-9902-475dac4b8503', 'positive', '', '4335aa90-a7b1-11e7-bbc0-0b8b6ce88523', '0', '4a9a84e0-a7b1-11e7-ba59-8c3199dba632', '2017-10-18 03:15:34', '2017-10-18 03:15:34', 'feedback', 'style', 'Design/Shape', 'Ideal for customers that have a high instep with the comfort insole whilst still looking stylish', '|All Colours|All Sizes|', '4d49e6de-3289-11e6-93c3-0242ac110002', '||', 'Women\'s Sandals Heels', 'supersoft by diana ferrari', 'SS1718'), ('9b17fa80-b3b2-11e7-8d6e-1988feb9a522', '9b17fa80-b3b2-11e7-8d6e-1988feb9a522', 'neutral', '||', '4335aa90-a7b1-11e7-bbc0-0b8b6ce88523', '0', '4a9a84e0-a7b1-11e7-ba59-8c3199dba632', '2017-10-18 03:15:34', '2017-10-18 03:15:34', 'newSuggestion', '', '', 'At $149.95 they wouldn\'t think twice about buying them', '|All Colours|All Sizes|', '4d49e6de-3289-11e6-93c3-0242ac110002', '', '', '', ''), ('9ee33e70-bde6-11e7-b1eb-3e925dbc2251', 'd5087b23-bf93-11e7-bdb0-ca0dddbd3d48', 'negative', '', 'b605b700-a7b0-11e7-bfdc-1de58ed01b98', '0', 'cdd042b0-a7b0-11e7-a170-2b8569676d40', '2017-10-31 02:53:06', '2017-10-31 02:53:06', 'feedback', 'quality', 'Material Quality', 'The rose gold colour sandal returned with creasing  which caused the material to flake off (both feet). This happened in 3 days.', '|Bronze|Women\'s US 9|', '4d49e6de-3289-11e6-93c3-0242ac110002', '||', 'Women\'s Sandals Flats', 'pulp', 'SS1718'), ('a08553c0-b374-11e7-ad63-336f3644c7d1', 'd5087b23-bf93-11e7-bdb0-ca0dddbd3d48', 'negative', '', '726fd0b0-a7b1-11e7-84bd-e6e501726d4e', '0', '77a93f80-a7b1-11e7-977e-230c98391b6d', '2017-10-17 19:51:54', '2017-10-17 19:51:54', 'feedback', 'fit', 'Fits Small', 'If customer size 8 will fit a size 9 correctly instead', '|All Colours|All Sizes|', '4d49e6de-3289-11e6-93c3-0242ac110002', '|Length|', 'Women\'s Sandals Flats', 'pulp', 'SS1718'), ('a2a3e760-bdcf-11e7-bfc1-1c1bc87b2af3', 'd5093e77-bf93-11e7-bbe3-924f1172cc60', 'negative', '', 'b605b700-a7b0-11e7-bfdc-1de58ed01b98', '0', 'cdd042b0-a7b0-11e7-a170-2b8569676d40', '2017-10-31 00:08:34', '2017-10-31 00:08:34', 'feedback', 'style', 'Design/Shape', 'No negative feedback as such as customers do like it, but most prefer Saison - they like the closed back over the slingback. A lot of people are preferring the finishing of the heel on Saison', '|All Colours|All Sizes|', '4d49e6de-3289-11e6-93c3-0242ac110002', '||', 'Women\'s Sandals Heels', 'noir', 'SS1718'), ('a96f0220-dede-11e7-9f5c-be614e4778bf', '7f9a518d-d3c4-11e7-b9da-03140f98b92c', 'positive', '', 'b605b700-a7b0-11e7-bfdc-1de58ed01b98', '0', 'cdd042b0-a7b0-11e7-a170-2b8569676d40', '2017-12-12 01:49:16', '2017-12-12 01:49:16', 'feedback', 'style', 'General', 'Good heel height and practical with being a wedge. The beige colour is perfect for summer. Plus super lightweight and comfy. Good option for customers who want a wedge with no backstrap. Also reasonable price point', '|All Colours|All Sizes|', '4d49e6de-3289-11e6-93c3-0242ac110002', '|design|colour|leather|wedge|price|quality|', 'Women\'s Sandals Wedges', 'creatures of comfort', 'SS1718'), ('a9720f60-dede-11e7-9493-0f987a7840a7', 'a9720f60-dede-11e7-9493-0f987a7840a7', 'neutral', '||', 'b605b700-a7b0-11e7-bfdc-1de58ed01b98', '0', 'cdd042b0-a7b0-11e7-a170-2b8569676d40', '2017-12-12 01:49:16', '2017-12-12 01:49:16', 'newSuggestion', '', '', 'Maybe a white colour for future?!', '|All Colours|All Sizes|', '4d49e6de-3289-11e6-93c3-0242ac110002', '', '', '', ''), ('ab41a600-a97a-11e7-8236-5e8858abad95', 'd505e300-bf93-11e7-85ae-6133ad9c83ad', 'positive', '', '726fd0b0-a7b1-11e7-84bd-e6e501726d4e', '0', '77a93f80-a7b1-11e7-977e-230c98391b6d', '2017-10-05 03:09:58', '2017-10-05 03:09:58', 'feedback', 'style', 'Colour/Print', 'Customers love the colour', '|All Colours|All Sizes|', '4d49e6de-3289-11e6-93c3-0242ac110002', '||', 'Women\'s Shoes Sneakers', 'steve madden', 'SS1718'), ('ab43c8e0-a97a-11e7-8bf3-1e01e358ffc2', 'ab43c8e0-a97a-11e7-8bf3-1e01e358ffc2', 'neutral', '||', '726fd0b0-a7b1-11e7-84bd-e6e501726d4e', '0', '77a93f80-a7b1-11e7-977e-230c98391b6d', '2017-10-05 03:09:58', '2017-10-05 03:09:58', 'newSuggestion', '', '', 'Amazing shoe.  more please', '|All Colours|All Sizes|', '4d49e6de-3289-11e6-93c3-0242ac110002', '', '', '', ''), ('b054c170-afb7-11e7-80dc-13266fea45e9', 'd5048370-bf93-11e7-924e-1a334d86a8e4', 'negative', '', '726fd0b0-a7b1-11e7-84bd-e6e501726d4e', '0', '77a93f80-a7b1-11e7-977e-230c98391b6d', '2017-10-13 01:41:53', '2017-10-13 01:41:53', 'feedback', 'style', 'Design/Shape', 'Customers have found that there is not enough velcro on the ankle strap for those with thinner ankles to be able to adjust for the right fit.', '|All Colours|All Sizes|', '4d49e6de-3289-11e6-93c3-0242ac110002', '||', 'Women\'s Sandals Flats', 'hush puppies', 'SS1718'), ('b6b80c70-c0dd-11e7-b55d-ca478a41a95d', 'd505bc09-bf93-11e7-8296-c08d02294690', 'negative', '', '138baba0-a7b1-11e7-92a2-d68357f176b7', '0', '1aec4030-a7b1-11e7-b5e3-718845c6cf2d', '2017-11-03 21:26:54', '2017-11-03 21:26:54', 'feedback', 'quality', 'General', 'Mixed footbed materials. Some are a suede feel footbeds and others are slightly smoother. The less suede looing material we have found deteriorates and break down slightly when tried on.', '|All Colours|All Sizes|', '4d49e6de-3289-11e6-93c3-0242ac110002', '|Create option \'footbed\'|', 'Women\'s Sandals Wedges', 'hush puppies', 'SS1718'), ('b7e58340-c009-11e7-ad8e-22507103705f', 'd5065842-bf93-11e7-a4c4-6c45f3f2540f', 'negative', '', '726fd0b0-a7b1-11e7-84bd-e6e501726d4e', '0', '77a93f80-a7b1-11e7-977e-230c98391b6d', '2017-11-02 20:09:23', '2017-11-02 20:09:23', 'feedback', 'style', 'General', 'customer complained that the sole unit was \'very slippery\' on smooth surfaces', '|All Colours|All Sizes|', '4d49e6de-3289-11e6-93c3-0242ac110002', '|sole|', 'Women\'s Sandals Wedges', 'creatures of comfort', 'SS1718'), ('b85498c0-c009-11e7-a995-e2134a29cdfc', 'b85498c0-c009-11e7-a995-e2134a29cdfc', 'neutral', '||', '726fd0b0-a7b1-11e7-84bd-e6e501726d4e', '0', '77a93f80-a7b1-11e7-977e-230c98391b6d', '2017-11-02 20:09:23', '2017-11-02 20:09:23', 'newSuggestion', '', '', 'velcro strap won\'t go through, cut on an angle', '|All Colours|All Sizes|', '4d49e6de-3289-11e6-93c3-0242ac110002', '', '', '', ''), ('bae6fde0-b39c-11e7-a023-ac22cedb8349', 'd508c95c-bf93-11e7-9984-aa0944bdf6da', 'negative', '', 'b51b4bb0-827c-11e7-8a2c-f8cfbeb2ebca', '0', '67b730e0-af9b-11e7-ad47-fef517d8c135', '2017-10-18 00:38:59', '2017-10-18 00:38:59', 'feedback', 'quality', 'Finishings', 'Blue dye showing in white rubber toe.', '|All Colours|All Sizes|', '4d49e6de-3289-11e6-93c3-0242ac110002', '||', 'Women\'s Shoes Sneakers', 'remo', 'SS1718'), ('bcfee160-b39c-11e7-a17b-e9c690739ff3', 'd5087b27-bf93-11e7-8238-8fab6e84b478', 'negative', '', 'b51b4bb0-827c-11e7-8a2c-f8cfbeb2ebca', '1', '67b730e0-af9b-11e7-ad47-fef517d8c135', '2017-10-18 00:39:02', '2017-10-18 00:39:02', 'feedback', 'fit', 'Fits Small', 'Great corporate but too narrow in the fore foot.  Test please ignore', '|All Colours|All Sizes|', '4d49e6de-3289-11e6-93c3-0242ac110002', '|Width|', 'Women\'s Shoes Heels', 'andrea renzi', 'SS1617'), ('bddbf410-ab0e-11e7-ba33-b6e6cd37ce18', 'd5087b23-bf93-11e7-bdb0-ca0dddbd3d48', 'positive', '', '726fd0b0-a7b1-11e7-84bd-e6e501726d4e', '0', '77a93f80-a7b1-11e7-977e-230c98391b6d', '2017-10-07 03:22:26', '2017-10-07 03:22:26', 'feedback', 'style', 'General', 'Customers love the style/shape of slide, very comfortable sole unit', '|All Colours|All Sizes|', '4d49e6de-3289-11e6-93c3-0242ac110002', '|Create option \'size\'|', 'Women\'s Sandals Flats', 'pulp', 'SS1718'), ('bdde3e00-ab0e-11e7-8c47-aef5ce0e93c6', 'bdde3e00-ab0e-11e7-8c47-aef5ce0e93c6', 'neutral', '||', '726fd0b0-a7b1-11e7-84bd-e6e501726d4e', '0', '77a93f80-a7b1-11e7-977e-230c98391b6d', '2017-10-07 03:22:26', '2017-10-07 03:22:26', 'newSuggestion', '', '', 'Customers are asking for it to come in a size 12', '|All Colours|All Sizes|', '4d49e6de-3289-11e6-93c3-0242ac110002', '', '', '', ''), ('bf6491e0-ad69-11e7-9eb1-7bdc38456af8', 'd5087b24-bf93-11e7-b080-65ab6582d3d3', 'negative', '', '726fd0b0-a7b1-11e7-84bd-e6e501726d4e', '0', '77a93f80-a7b1-11e7-977e-230c98391b6d', '2017-10-10 03:18:55', '2017-10-10 03:18:55', 'feedback', 'style', 'Design/Shape', 'Enclosed toe would be preferable as it protects the toes.', '|All Colours|All Sizes|', '4d49e6de-3289-11e6-93c3-0242ac110002', '||', 'Kids\' Girls Sandals', 'clarks', 'SS1718'), ('cd56d520-b3b2-11e7-a598-5dd17e5c5924', 'd5093e83-bf93-11e7-b3c4-cca1e5972267', 'positive', '', '4335aa90-a7b1-11e7-bbc0-0b8b6ce88523', '0', '4a9a84e0-a7b1-11e7-ba59-8c3199dba632', '2017-10-18 03:16:58', '2017-10-18 03:16:58', 'feedback', 'price', 'Well Priced', 'Perfect heel height for day time to night time wear', '|All Colours|All Sizes|', '4d49e6de-3289-11e6-93c3-0242ac110002', '||', 'Women\'s Sandals Heels', 'pulp', 'SS1718'), ('d261f350-ba89-11e7-abb9-4caa7310b324', 'd5065842-bf93-11e7-a4c4-6c45f3f2540f', 'negative', '', '726fd0b0-a7b1-11e7-84bd-e6e501726d4e', '0', '77a93f80-a7b1-11e7-977e-230c98391b6d', '2017-10-26 20:11:16', '2017-10-26 20:11:16', 'feedback', 'style', 'Design/Shape', 'I would like to echo Albanys review on this style. MAny customers picking up the style to try but disappointed when they can\'t adjust the straps accordingly for wide feet.', '|All Colours|All Sizes|', '4d49e6de-3289-11e6-93c3-0242ac110002', '||', 'Women\'s Sandals Wedges', 'creatures of comfort', 'SS1718'), ('da6f14b0-af8a-11e7-af62-5520113e28e0', 'd505e300-bf93-11e7-85ae-6133ad9c83ad', 'positive', '', 'b605b700-a7b0-11e7-bfdc-1de58ed01b98', '0', '3c1b26f0-ae18-11e7-a9d2-5af432a7c59f', '2017-10-12 20:20:56', '2017-10-12 20:20:56', 'feedback', 'style', 'Design/Shape', 'People are loving the idea of a slip on casual shoe.  The cutout style is popular and the style seems to be more popular than other slip on casual shoes (eg Remo Sketch). Range of colours has been good - but Rose Gold colour is obviously a favourite - very popular!', '|All Colours|All Sizes|', '4d49e6de-3289-11e6-93c3-0242ac110002', '||', 'Women\'s Shoes Sneakers', 'steve madden', 'SS1718'), ('de629230-afdb-11e7-98a4-500c202943f8', 'd504f8ba-bf93-11e7-8c3b-b81cd4cb3192', 'negative', '', '726fd0b0-a7b1-11e7-84bd-e6e501726d4e', '0', '77a93f80-a7b1-11e7-977e-230c98391b6d', '2017-10-13 06:00:52', '2017-10-13 06:00:52', 'feedback', 'style', 'Design/Shape', 'Inside seam rubs on the customer\'s feet.', '|All Colours|All Sizes|', '4d49e6de-3289-11e6-93c3-0242ac110002', '||', 'Women\'s Shoes Sneakers', 'keds', 'SS1718'), ('de810920-ad8a-11e7-9537-783578070be5', 'd5048370-bf93-11e7-924e-1a334d86a8e4', 'negative', '', '138baba0-a7b1-11e7-92a2-d68357f176b7', '0', '1aec4030-a7b1-11e7-b5e3-718845c6cf2d', '2017-10-10 00:55:13', '2017-10-10 00:55:13', 'feedback', 'fit', 'Fits Large', 'Wonderful style and comfort but we are finding a common customer complaint to be that the ankle strap needs to either be shortened or more velcro applied to ensure an easier fit for all women. Beautiful variety of soft colours this year which is lovely to see !', '|All Colours|All Sizes|', '4d49e6de-3289-11e6-93c3-0242ac110002', '|Width|', 'Women\'s Sandals Flats', 'hush puppies', 'SS1718'), ('e2f67c90-afb7-11e7-bdb9-8a0a42e5889d', 'd5063128-bf93-11e7-8790-b30262e8942d', 'negative', '', '726fd0b0-a7b1-11e7-84bd-e6e501726d4e', '0', '77a93f80-a7b1-11e7-977e-230c98391b6d', '2017-10-13 01:43:17', '2017-10-13 01:43:17', 'feedback', 'style', 'Design/Shape', 'Customers have found that the tie up is quite stiff so they cannot tie a nice bow.', '|All Colours|All Sizes|', '4d49e6de-3289-11e6-93c3-0242ac110002', '||', 'Women\'s Sandals Flats', 'miss pulp', 'SS1718'), ('edf30080-cb2a-11e7-839b-fd9d33945d34', '096cd2b7-caa9-11e7-9597-542f1bb13dd5', 'positive', '', 'b605b700-a7b0-11e7-bfdc-1de58ed01b98', '0', 'cdd042b0-a7b0-11e7-a170-2b8569676d40', '2017-11-17 00:04:49', '2017-11-17 00:04:49', 'feedback', 'quality', 'General', 'The inner lining of the vwl 1378 coco some of them have a pinkish colour .', '|All Colours|All Sizes|', '4d49e6de-3289-11e6-93c3-0242ac110002', '|lining|colour|', 'Women\'s Sandals Wedges', 'hush puppies', 'SS1718'), ('f22735a0-c9bc-11e7-8b78-7519fec29b86', 'df5df190-bfd3-11e7-ae78-5b20b9349037', 'negative', '', 'b605b700-a7b0-11e7-bfdc-1de58ed01b98', '0', '3c1b26f0-ae18-11e7-a9d2-5af432a7c59f', '2017-11-15 04:25:01', '2017-11-15 04:25:01', 'feedback', 'fit', 'Fits Large', 'This wide fit is definitely not always a bad thing! We are suggesting this shoe for men with a wider foot. Today, had a customer that has had a broken foot (now swollen etc) looking for a comfortable lace up shoe and this shoe fit him perfectly. He was totally stoked with his purchase! Perfect for \'kiwi feet\'.', '|All Colours|All Sizes|', '4d49e6de-3289-11e6-93c3-0242ac110002', '|Width|Length|', 'Men\'s Shoes Casual', 'hush puppies', 'SS1718'), ('f64f98d0-afc1-11e7-9c2c-d3f625a8f999', 'd505e300-bf93-11e7-85ae-6133ad9c83ad', 'negative', '', '726fd0b0-a7b1-11e7-84bd-e6e501726d4e', '0', '77a93f80-a7b1-11e7-977e-230c98391b6d', '2017-10-13 02:55:25', '2017-10-13 02:55:25', 'feedback', 'fit', 'Fits Small', 'We are fitting one size up from customers true fit eg: if customer size 7 will fit more comfortably in size 8', '|All Colours|All Sizes|', '4d49e6de-3289-11e6-93c3-0242ac110002', '|Length|', 'Women\'s Shoes Sneakers', 'steve madden', 'SS1718'), ('f67786f0-baa8-11e7-994a-c0ad85a18e67', 'd5071b92-bf93-11e7-9585-26bb1b63f6e2', 'negative', '', '726fd0b0-a7b1-11e7-84bd-e6e501726d4e', '0', '77a93f80-a7b1-11e7-977e-230c98391b6d', '2017-10-26 23:54:11', '2017-10-26 23:54:11', 'feedback', 'style', 'Design/Shape', 'customer struggled to get her foot in boot even as we unlaced she still couldnt we would of had to unlace the whole boot and she didnt have the patience for this. She was a size 10 relatively wide foot but still should of been able to get in.', '|All Colours|All Sizes|', '4d49e6de-3289-11e6-93c3-0242ac110002', '||', 'Women\'s Shoes Sneakers', 'remo', 'SS1718'), ('f86d0ad0-baa7-11e7-8bcd-4d48b5b69d63', 'd5071b92-bf93-11e7-9585-26bb1b63f6e2', 'negative', '', '726fd0b0-a7b1-11e7-84bd-e6e501726d4e', '0', '77a93f80-a7b1-11e7-977e-230c98391b6d', '2017-10-26 23:47:04', '2017-10-26 23:47:04', 'feedback', 'style', 'Design/Shape', 'very hard to get there foot into and the more they push past the bottom od', '|All Colours|All Sizes|', '4d49e6de-3289-11e6-93c3-0242ac110002', '||', 'Women\'s Shoes Sneakers', 'remo', 'SS1718'), ('f9095db0-bdcf-11e7-91d8-f9a598daf19a', 'd508c93c-bf93-11e7-9435-ed8ec364887b', 'positive', '', 'b605b700-a7b0-11e7-bfdc-1de58ed01b98', '0', 'cdd042b0-a7b0-11e7-a170-2b8569676d40', '2017-10-31 00:10:59', '2017-10-31 00:10:59', 'feedback', 'style', 'Design/Shape', '2 staff members wearing so customers are encouraged to try. They like the shape and the cutout detail and heel height. They like the colour range and heel finishing. Comfortable and classy', '|All Colours|All Sizes|', '4d49e6de-3289-11e6-93c3-0242ac110002', '||', 'Women\'s Sandals Heels', 'noir', 'SS1718'), ('fe670d50-ae2c-11e7-9830-e94dbd507be4', 'd50a76ec-bf93-11e7-9d2a-9a50a561023c', 'negative', '', 'b605b700-a7b0-11e7-bfdc-1de58ed01b98', '0', 'cdd042b0-a7b0-11e7-a170-2b8569676d40', '2017-10-11 02:36:32', '2017-10-11 02:36:32', 'feedback', 'quality', 'Material Quality', 'New boots recently arrived with some pairs that are marked and are not surface scratches - beeswax and leather conditioner applied, does not help. Indentation and discolouration on some as well. Some pairs are also creased on outer topline.', '|All Colours|All Sizes|', '4d49e6de-3289-11e6-93c3-0242ac110002', '||', 'Men\'s Boots Casual', 'julius marlow', 'SS1718');
COMMIT;

-- ----------------------------
--  Table structure for `collections`
-- ----------------------------
DROP TABLE IF EXISTS `collections`;
CREATE TABLE `collections` (
  `id` varchar(36) NOT NULL,
  `creatorId` varchar(36) DEFAULT NULL,
  `activityId` varchar(36) DEFAULT NULL,
  `active` tinyint(1) DEFAULT NULL,
  `deleted` tinyint(1) DEFAULT NULL,
  `type` varchar(36) DEFAULT NULL,
  `storeId` varchar(36) DEFAULT NULL,
  `createdAt` datetime DEFAULT NULL,
  `updatedAt` datetime DEFAULT NULL,
  PRIMARY KEY (`id`)
) ENGINE=InnoDB DEFAULT CHARSET=utf8mb4;

-- ----------------------------
--  Records of `collections`
-- ----------------------------
BEGIN;
INSERT INTO `collections` VALUES ('37a98cc0-d3fb-11e7-8ce3-8b93b20ff71c', '781ae280-a7b0-11e7-84a3-df9cb845b5b7', '90c809d0-c98d-11e7-b904-8c5288f7d560', '1', '0', 'style', 'b51b4bb0-827c-11e7-8a2c-f8cfbeb2ebca', '2017-11-28 05:15:58', '2017-11-28 05:15:58'), ('651609b0-d3f9-11e7-a407-d7fae5bded0d', '781ae280-a7b0-11e7-84a3-df9cb845b5b7', 'a2a3e760-bdcf-11e7-bfc1-1c1bc87b2af3', '1', '0', 'style', 'b51b4bb0-827c-11e7-8a2c-f8cfbeb2ebca', '2017-11-28 05:02:55', '2017-11-28 05:02:55'), ('65edba20-d3fb-11e7-9268-b6270a08886d', '781ae280-a7b0-11e7-84a3-df9cb845b5b7', '7e8c3320-ba8a-11e7-82c6-c4567532672a', '1', '0', 'style', 'b51b4bb0-827c-11e7-8a2c-f8cfbeb2ebca', '2017-11-28 05:17:15', '2017-11-28 05:17:15'), ('87b9e080-d3fa-11e7-999e-6a05ed777d58', '781ae280-a7b0-11e7-84a3-df9cb845b5b7', 'f22735a0-c9bc-11e7-8b78-7519fec29b86', '1', '0', 'fit', 'b51b4bb0-827c-11e7-8a2c-f8cfbeb2ebca', '2017-11-28 05:11:03', '2017-11-28 05:11:03'), ('8f0970d0-aa47-11e7-bd6e-44116cc4915a', '9d7e7d00-6770-11e7-8064-f38bf4767f4b', 'ab41a600-a97a-11e7-8236-5e8858abad95', '0', '0', 'style', 'b51b4bb0-827c-11e7-8a2c-f8cfbeb2ebca', '2017-10-06 03:36:37', '2017-10-06 03:37:22'), ('9f6010b0-d4bd-11e7-8f42-3c37bd02cbcf', '9d7e7d00-6770-11e7-8064-f38bf4767f4b', '6385e7b0-c00c-11e7-8217-165e1b55e7ea', '0', '0', 'suggestion', 'b51b4bb0-827c-11e7-8a2c-f8cfbeb2ebca', '2017-11-29 04:27:34', '2017-11-29 04:28:27'), ('a3ebb360-d3f9-11e7-b6de-bc839a0495c1', '781ae280-a7b0-11e7-84a3-df9cb845b5b7', '912488f0-cb12-11e7-b108-dc72439d9765', '1', '0', 'quality', 'b51b4bb0-827c-11e7-8a2c-f8cfbeb2ebca', '2017-11-28 05:04:40', '2017-11-28 05:04:40'), ('ad3ca640-d3f9-11e7-a369-2b45f8fdeb52', '781ae280-a7b0-11e7-84a3-df9cb845b5b7', '62538760-c9be-11e7-91a9-579a2991d240', '1', '0', 'style', 'b51b4bb0-827c-11e7-8a2c-f8cfbeb2ebca', '2017-11-28 05:04:56', '2017-11-28 05:04:56'), ('c3e26620-ad9b-11e7-b6cf-91e6f3fa3465', '9d7e7d00-6770-11e7-8064-f38bf4767f4b', 'de810920-ad8a-11e7-9537-783578070be5', '0', '0', 'fit', 'b51b4bb0-827c-11e7-8a2c-f8cfbeb2ebca', '2017-10-10 09:16:57', '2017-10-10 09:17:25'), ('f4ddad30-d3fb-11e7-ab9c-e8f82c78e38f', '781ae280-a7b0-11e7-84a3-df9cb845b5b7', '6385e7b0-c00c-11e7-8217-165e1b55e7ea', '1', '0', 'suggestion', 'b51b4bb0-827c-11e7-8a2c-f8cfbeb2ebca', '2017-11-28 05:21:15', '2017-11-28 05:21:15');
COMMIT;

-- ----------------------------
--  Table structure for `comments`
-- ----------------------------
DROP TABLE IF EXISTS `comments`;
CREATE TABLE `comments` (
  `id` varchar(36) NOT NULL,
  `content` varchar(2048) DEFAULT NULL,
  `creatorId` varchar(36) DEFAULT NULL,
  `activityId` varchar(36) DEFAULT NULL,
  `deleted` tinyint(1) DEFAULT NULL,
  `createdAt` datetime DEFAULT NULL,
  `updatedAt` datetime DEFAULT NULL,
  `mentionId` varchar(1024) DEFAULT NULL,
  `type` varchar(20) DEFAULT NULL,
  `storeId` varchar(36) DEFAULT NULL,
  `img` varchar(128) DEFAULT NULL,
  PRIMARY KEY (`id`)
) ENGINE=InnoDB DEFAULT CHARSET=utf8mb4 ROW_FORMAT=DYNAMIC;

-- ----------------------------
--  Records of `comments`
-- ----------------------------
BEGIN;
INSERT INTO `comments` VALUES ('009d5c90-bd47-11e7-b87d-f798c2eacff2', '@Kelly Clark thank you for the feedback. Will the customers who cannot wear Athos look at Theia instead?', '781ae280-a7b0-11e7-84a3-df9cb845b5b7', 'de810920-ad8a-11e7-9537-783578070be5', '0', '2017-10-30 07:50:30', '2017-10-30 07:50:30', '|1aec4030-a7b1-11e7-b5e3-718845c6cf2d|', 'feedback', 'b51b4bb0-827c-11e7-8a2c-f8cfbeb2ebca', ''), ('046e8960-c298-11e7-b368-3ec930781592', 'Agree with Emma - we have also had this feedback.', '3c1b26f0-ae18-11e7-a9d2-5af432a7c59f', 'b7e58340-c009-11e7-ad8e-22507103705f', '0', '2017-11-06 02:13:02', '2017-11-06 02:13:02', '', 'feedback', 'b605b700-a7b0-11e7-bfdc-1de58ed01b98', ''), ('08624650-bd49-11e7-a0c7-fc410126d918', '@Emma Riddle we would love to have this style in a 12 too but it was unavailable this year. We will ask again for next summer!', '781ae280-a7b0-11e7-84a3-df9cb845b5b7', 'bdde3e00-ab0e-11e7-8c47-aef5ce0e93c6', '0', '2017-10-30 08:05:02', '2017-10-30 08:05:02', '|77a93f80-a7b1-11e7-977e-230c98391b6d|', 'feedback', 'b51b4bb0-827c-11e7-8a2c-f8cfbeb2ebca', ''), ('0a97fcf0-bd47-11e7-9256-67c07283ed2a', '@Emma Riddle  thank you for the feedback. Will the customers who cannot wear Athos look at Theia instead?', '781ae280-a7b0-11e7-84a3-df9cb845b5b7', 'b054c170-afb7-11e7-80dc-13266fea45e9', '0', '2017-10-30 07:50:47', '2017-10-30 07:50:47', '|77a93f80-a7b1-11e7-977e-230c98391b6d|', 'feedback', 'b51b4bb0-827c-11e7-8a2c-f8cfbeb2ebca', ''), ('0d216080-d3fc-11e7-a6e3-f1fce4f04ae9', '@Emma Riddle thank you for the feedback. We can look at making this style dressier for next year.', '781ae280-a7b0-11e7-84a3-df9cb845b5b7', '6385e7b0-c00c-11e7-8217-165e1b55e7ea', '0', '2017-11-28 05:21:56', '2017-11-28 05:21:56', '|77a93f80-a7b1-11e7-977e-230c98391b6d|', 'suggestion', 'b51b4bb0-827c-11e7-8a2c-f8cfbeb2ebca', ''), ('315dad80-bd47-11e7-ba29-1e25a2c1c8b2', '@Emma Riddle thank you for the feedback. Gemmy was a best seller last summer. Are the tie straps stiffer this year?', '781ae280-a7b0-11e7-84a3-df9cb845b5b7', 'e2f67c90-afb7-11e7-bdb9-8a0a42e5889d', '0', '2017-10-30 07:51:52', '2017-10-30 07:51:52', '|77a93f80-a7b1-11e7-977e-230c98391b6d|', 'feedback', 'b51b4bb0-827c-11e7-8a2c-f8cfbeb2ebca', ''), ('3873af10-bd48-11e7-a78f-4a7be10cb125', '@Emma Riddle that is brilliant! Next month we will review the new styles on this construction for next summer. Perfect timing!', '781ae280-a7b0-11e7-84a3-df9cb845b5b7', '7e8c3320-ba8a-11e7-82c6-c4567532672a', '0', '2017-10-30 07:59:14', '2017-10-30 07:59:14', '|77a93f80-a7b1-11e7-977e-230c98391b6d|', 'feedback', 'b51b4bb0-827c-11e7-8a2c-f8cfbeb2ebca', ''), ('548e2960-bd47-11e7-9fc6-b313247d4288', '@Kelly Clark thank you for letting me know about this issue. I will monitor returns on this style to ensure this was a once off.', '781ae280-a7b0-11e7-84a3-df9cb845b5b7', '41aafb50-b056-11e7-897c-ed9cdef244c1', '0', '2017-10-30 07:52:51', '2017-10-30 07:52:51', '|1aec4030-a7b1-11e7-b5e3-718845c6cf2d|', 'feedback', 'b51b4bb0-827c-11e7-8a2c-f8cfbeb2ebca', ''), ('5af66950-bd49-11e7-a75f-dc083d86f73f', '@Emma Riddle Madden are now doing some UK fittings rather than everything in the narrower US fitting which is great for NZ feet.', '781ae280-a7b0-11e7-84a3-df9cb845b5b7', '35434eb0-aefa-11e7-8a87-586e8f3f424a', '0', '2017-10-30 08:07:21', '2017-10-30 08:07:21', '|77a93f80-a7b1-11e7-977e-230c98391b6d|', 'feedback', 'b51b4bb0-827c-11e7-8a2c-f8cfbeb2ebca', ''), ('5f5c3560-d3fb-11e7-8103-486ddd0b2eae', '@Kelly Clark this construction has been well received internationally so we will be pushing for more options for SS1819!', '781ae280-a7b0-11e7-84a3-df9cb845b5b7', '90c809d0-c98d-11e7-b904-8c5288f7d560', '0', '2017-11-28 05:17:04', '2017-11-28 05:17:04', '|1aec4030-a7b1-11e7-b5e3-718845c6cf2d|', 'feedback', 'b51b4bb0-827c-11e7-8a2c-f8cfbeb2ebca', ''), ('60a73cf0-bd47-11e7-8517-c06552c539bf', '@Kelly Clark thank you for the feedbakc on the fit of this style.', '781ae280-a7b0-11e7-84a3-df9cb845b5b7', '41aad440-b056-11e7-bb48-8d3bee24343e', '1', '2017-10-30 07:53:11', '2017-10-30 07:53:21', '|1aec4030-a7b1-11e7-b5e3-718845c6cf2d|', 'feedback', 'b51b4bb0-827c-11e7-8a2c-f8cfbeb2ebca', ''), ('64bb6910-b077-11e7-b29d-2fffa141c206', 'This feedback came from Susan', '1aec4030-a7b1-11e7-b5e3-718845c6cf2d', '557c3650-b077-11e7-b5e7-9c03cbe1ca61', '0', '2017-10-14 00:34:09', '2017-10-14 00:34:09', '', 'feedback', '138baba0-a7b1-11e7-92a2-d68357f176b7', ''), ('664b70f0-bd46-11e7-b2e5-9e356f14aa8f', '@Gloria Massey thank you for the feedback on Toucan. Please offer the customers a discount where required.', '781ae280-a7b0-11e7-84a3-df9cb845b5b7', 'fe670d50-ae2c-11e7-9830-e94dbd507be4', '0', '2017-10-30 07:46:11', '2017-10-30 07:46:11', '|cdd042b0-a7b0-11e7-a170-2b8569676d40|', 'feedback', 'b51b4bb0-827c-11e7-8a2c-f8cfbeb2ebca', ''), ('67376cb0-bd48-11e7-8807-d0ec14de6fe4', '@Brogan Daniels and @Emma Riddle thank you for the feedback.', '781ae280-a7b0-11e7-84a3-df9cb845b5b7', '2d2a49b0-b939-11e7-891b-2bbabd4b4e50', '0', '2017-10-30 08:00:32', '2017-10-30 08:00:32', '|3c1b26f0-ae18-11e7-a9d2-5af432a7c59f|77a93f80-a7b1-11e7-977e-230c98391b6d|', 'feedback', 'b51b4bb0-827c-11e7-8a2c-f8cfbeb2ebca', ''), ('77ded770-bd47-11e7-92d7-fa229adbb0bc', '@Kelly Clark thank you for the feedback on the fit of this style.', '781ae280-a7b0-11e7-84a3-df9cb845b5b7', '41aad440-b056-11e7-bb48-8d3bee24343e', '0', '2017-10-30 07:53:50', '2017-10-30 07:53:50', '|1aec4030-a7b1-11e7-b5e3-718845c6cf2d|', 'feedback', 'b51b4bb0-827c-11e7-8a2c-f8cfbeb2ebca', ''), ('7a943bc0-bdfd-11e7-b8ef-47c61e282f48', '@Gloria Massey can you please send some photos of this fault to faulties@hannahs.co.nz? Please keep this pair in-store for the moment.', '781ae280-a7b0-11e7-84a3-df9cb845b5b7', '9ee33e70-bde6-11e7-b1eb-3e925dbc2251', '0', '2017-10-31 05:36:43', '2017-10-31 05:36:43', '|cdd042b0-a7b0-11e7-a170-2b8569676d40|', 'feedback', 'b51b4bb0-827c-11e7-8a2c-f8cfbeb2ebca', ''), ('7e4bb410-c414-11e7-91b3-631ed4946171', '@Matt Behan Hi Matt, have sent some photos today - through to mattb@hannahs.co.nz as it would not let me send to faulties@hannahs.co.nz', '3c1b26f0-ae18-11e7-a9d2-5af432a7c59f', '9ee33e70-bde6-11e7-b1eb-3e925dbc2251', '0', '2017-11-07 23:36:35', '2017-11-07 23:36:35', '|781ae280-a7b0-11e7-84a3-df9cb845b5b7|', 'feedback', 'b605b700-a7b0-11e7-bfdc-1de58ed01b98', ''), ('82e0a900-bdd3-11e7-a5b5-9c0130e9af90', 'Still early days for this cute sandals.We have sold a few prs of the light colour. And agree with Glen re instep', 'cdd042b0-a7b0-11e7-a170-2b8569676d40', '9b15b090-b3b2-11e7-b5af-17fdf7a2da19', '0', '2017-10-31 00:36:18', '2017-10-31 00:36:18', '', 'feedback', 'b605b700-a7b0-11e7-bfdc-1de58ed01b98', ''), ('89942950-d3fb-11e7-a289-28dcb1701925', '@Kelly Clark thank you for the feedback. Can you please send some photos to mattb@hannahs.co.nz?', '781ae280-a7b0-11e7-84a3-df9cb845b5b7', '0fdef090-c98d-11e7-8b6b-84a096b551f8', '0', '2017-11-28 05:18:15', '2017-11-28 05:18:15', '|1aec4030-a7b1-11e7-b5e3-718845c6cf2d|', 'feedback', 'b51b4bb0-827c-11e7-8a2c-f8cfbeb2ebca', ''), ('8d73b3e0-bd46-11e7-baf2-ce77490eb8ae', '@Emma Riddle thank you for the feedback. Have you noticed this issue with all sizes or just the larger ones?', '781ae280-a7b0-11e7-84a3-df9cb845b5b7', 'f86d0ad0-baa7-11e7-8bcd-4d48b5b69d63', '0', '2017-10-30 07:47:17', '2017-10-30 07:47:17', '|77a93f80-a7b1-11e7-977e-230c98391b6d|', 'feedback', 'b51b4bb0-827c-11e7-8a2c-f8cfbeb2ebca', ''), ('98e3cb50-bd48-11e7-b446-17da789b20da', '@Emma Riddle we have a new colour arriving early next year for you plus repeats of black and rose gold!', '781ae280-a7b0-11e7-84a3-df9cb845b5b7', '569f0db0-afc2-11e7-9833-bec09257553d', '0', '2017-10-30 08:01:55', '2017-10-30 08:01:55', '|77a93f80-a7b1-11e7-977e-230c98391b6d|', 'suggestion', 'b51b4bb0-827c-11e7-8a2c-f8cfbeb2ebca', ''), ('9adad6c0-d3f9-11e7-8c84-02b616a958a4', '@Gloria Massey thank you for the feedback. Can you please send photos to mattb@hannah.co.nz when you have time?', '781ae280-a7b0-11e7-84a3-df9cb845b5b7', 'edf30080-cb2a-11e7-839b-fd9d33945d34', '0', '2017-11-28 05:04:25', '2017-11-28 05:04:25', '|cdd042b0-a7b0-11e7-a170-2b8569676d40|', 'feedback', 'b51b4bb0-827c-11e7-8a2c-f8cfbeb2ebca', ''), ('9eccf790-bd47-11e7-8317-3dadd31ab5c6', '@Kelly Clark and Susan thank you for the feedback!', '781ae280-a7b0-11e7-84a3-df9cb845b5b7', '557c3650-b077-11e7-b5e7-9c03cbe1ca61', '0', '2017-10-30 07:54:56', '2017-10-30 07:54:56', '|1aec4030-a7b1-11e7-b5e3-718845c6cf2d|', 'feedback', 'b51b4bb0-827c-11e7-8a2c-f8cfbeb2ebca', ''), ('a51f46d0-d3f8-11e7-8034-2f1d4d113157', '@Brogan Daniels thank you for the photos.', '781ae280-a7b0-11e7-84a3-df9cb845b5b7', '9ee33e70-bde6-11e7-b1eb-3e925dbc2251', '0', '2017-11-28 04:57:33', '2017-11-28 04:57:33', '|3c1b26f0-ae18-11e7-a9d2-5af432a7c59f|', 'feedback', 'b51b4bb0-827c-11e7-8a2c-f8cfbeb2ebca', ''), ('a755b6c0-ef3f-11e7-96c6-fd284f761266', '@Brogan Daniels thank you for the feedback. Are the metal parts rough on the underside or in the wrong position?', '781ae280-a7b0-11e7-84a3-df9cb845b5b7', '9754f490-dedf-11e7-9ebd-3ab1aba5cf88', '0', '2018-01-01 22:03:52', '2018-01-01 22:03:52', '|3c1b26f0-ae18-11e7-a9d2-5af432a7c59f|', 'feedback', 'b51b4bb0-827c-11e7-8a2c-f8cfbeb2ebca', ''), ('b2820590-bd48-11e7-9a44-97a93041d250', '@Brogan Daniels we are rapt with how TakeOn has sold so we have repeat orders on the way.', '781ae280-a7b0-11e7-84a3-df9cb845b5b7', '23512e80-af8a-11e7-9b39-3d46b1a1a511', '0', '2017-10-30 08:02:38', '2017-10-30 08:02:38', '|3c1b26f0-ae18-11e7-a9d2-5af432a7c59f|', 'feedback', 'b51b4bb0-827c-11e7-8a2c-f8cfbeb2ebca', ''), ('b6523ce0-bd47-11e7-a430-b24b814ff268', '@Kelly Clark thank you for the feedback. We love the adjustability of this style too.', '781ae280-a7b0-11e7-84a3-df9cb845b5b7', '557be830-b077-11e7-ad8c-48a88cfa997a', '0', '2017-10-30 07:55:35', '2017-10-30 07:55:35', '|1aec4030-a7b1-11e7-b5e3-718845c6cf2d|', 'feedback', 'b51b4bb0-827c-11e7-8a2c-f8cfbeb2ebca', ''), ('bb5c2cb0-bd46-11e7-bbeb-a669631cb70e', '@Emma Riddle thank you for the feedback. Perhaps suggest Scorpion where toe protection is required.', '781ae280-a7b0-11e7-84a3-df9cb845b5b7', 'bf6491e0-ad69-11e7-9eb1-7bdc38456af8', '0', '2017-10-30 07:48:34', '2017-10-30 07:48:34', '|77a93f80-a7b1-11e7-977e-230c98391b6d|', 'feedback', 'b51b4bb0-827c-11e7-8a2c-f8cfbeb2ebca', ''), ('bcfea730-bd48-11e7-ae62-73b66cf89263', '@Glen Walls thank you for the feedback.', '781ae280-a7b0-11e7-84a3-df9cb845b5b7', '9b15b090-b3b2-11e7-b5af-17fdf7a2da19', '0', '2017-10-30 08:02:56', '2017-10-30 08:02:56', '|4a9a84e0-a7b1-11e7-ba59-8c3199dba632|', 'feedback', 'b51b4bb0-827c-11e7-8a2c-f8cfbeb2ebca', ''), ('cc7aa770-be9e-11e7-ab2a-7e98d3317483', 'Not that we have noticed so far. Will keep you posted', '3c1b26f0-ae18-11e7-a9d2-5af432a7c59f', '38fd5a90-bdce-11e7-a6e5-d7802019acb8', '0', '2017-11-01 00:51:30', '2017-11-01 00:51:30', '', 'feedback', 'b605b700-a7b0-11e7-bfdc-1de58ed01b98', ''), ('d1023fd0-bd48-11e7-9c19-bc5133b9866b', '@Glen Walls thank you for the feedback on the retail price.', '781ae280-a7b0-11e7-84a3-df9cb845b5b7', '9b17fa80-b3b2-11e7-8d6e-1988feb9a522', '0', '2017-10-30 08:03:29', '2017-10-30 08:03:29', '|4a9a84e0-a7b1-11e7-ba59-8c3199dba632|', 'suggestion', 'b51b4bb0-827c-11e7-8a2c-f8cfbeb2ebca', ''), ('d41604f0-bd47-11e7-97b7-b2cb88b2c75d', '@Emma Riddle thank you for the feedback on the fit of this style.', '781ae280-a7b0-11e7-84a3-df9cb845b5b7', '5e796aa0-ba8d-11e7-827f-5a2fb9b084bf', '0', '2017-10-30 07:56:25', '2017-10-30 07:56:25', '|77a93f80-a7b1-11e7-977e-230c98391b6d|', 'feedback', 'b51b4bb0-827c-11e7-8a2c-f8cfbeb2ebca', ''), ('dc0c1ae0-be88-11e7-99f3-d947dabac5c8', '@Gloria Massey thank you very much for the information. Have you found any wrinkling on the socks once tried on?', '781ae280-a7b0-11e7-84a3-df9cb845b5b7', '38fd5a90-bdce-11e7-a6e5-d7802019acb8', '0', '2017-10-31 22:14:27', '2017-10-31 22:14:27', '|cdd042b0-a7b0-11e7-a170-2b8569676d40|', 'feedback', 'b51b4bb0-827c-11e7-8a2c-f8cfbeb2ebca', ''), ('df4813e0-bd47-11e7-b50b-50695214c295', '@Emma Riddle thank you for the suggestion!', '781ae280-a7b0-11e7-84a3-df9cb845b5b7', '97dbf4b0-ba89-11e7-b473-6ada0aec843c', '0', '2017-10-30 07:56:44', '2017-10-30 07:56:44', '|77a93f80-a7b1-11e7-977e-230c98391b6d|', 'suggestion', 'b51b4bb0-827c-11e7-8a2c-f8cfbeb2ebca', ''), ('e0742ff0-be88-11e7-8dfd-071d3b5f6ad4', '@Gloria Massey thank you very much for the information. Have you found any wrinkling on the socks once tried on?', '781ae280-a7b0-11e7-84a3-df9cb845b5b7', '69d9bf00-bdce-11e7-8151-caa5f3fa406d', '0', '2017-10-31 22:14:34', '2017-10-31 22:14:34', '|cdd042b0-a7b0-11e7-a170-2b8569676d40|', 'feedback', 'b51b4bb0-827c-11e7-8a2c-f8cfbeb2ebca', ''), ('e4ef9150-bd48-11e7-8dbc-88ec6ec8c25c', '@Tony Burke thank you for the feedback. Have you seen many pairs with this issue to date?', '781ae280-a7b0-11e7-84a3-df9cb845b5b7', 'bae6fde0-b39c-11e7-a023-ac22cedb8349', '0', '2017-10-30 08:04:03', '2017-10-30 08:04:03', '|67b730e0-af9b-11e7-ad47-fef517d8c135|', 'feedback', 'b51b4bb0-827c-11e7-8a2c-f8cfbeb2ebca', ''), ('e77f7880-bf4c-11e7-a1cb-c324e552f69e', '@Brogan Daniels  Thank you', '781ae280-a7b0-11e7-84a3-df9cb845b5b7', '38fd5a90-bdce-11e7-a6e5-d7802019acb8', '0', '2017-11-01 21:37:48', '2017-11-01 21:37:48', '|3c1b26f0-ae18-11e7-a9d2-5af432a7c59f|', 'feedback', 'b51b4bb0-827c-11e7-8a2c-f8cfbeb2ebca', ''), ('f57a6cf0-d3fc-11e7-b8f9-6fc8e23297cc', '@Brogan Daniels  @Emma Riddle has there been any of the same feedback for Halia and Helene?', '781ae280-a7b0-11e7-84a3-df9cb845b5b7', 'b7e58340-c009-11e7-ad8e-22507103705f', '0', '2017-11-28 05:28:26', '2017-11-28 05:28:26', '|3c1b26f0-ae18-11e7-a9d2-5af432a7c59f|77a93f80-a7b1-11e7-977e-230c98391b6d|', 'feedback', 'b51b4bb0-827c-11e7-8a2c-f8cfbeb2ebca', ''), ('fc814f30-bd47-11e7-9a17-877858323958', '@Emma Riddle thank you for the feedback. Live-Laser is the best selling style on the Live construction currently.', '781ae280-a7b0-11e7-84a3-df9cb845b5b7', '3a96dcd0-ba8d-11e7-8700-b14afe6100f7', '0', '2017-10-30 07:57:33', '2017-10-30 07:57:33', '|77a93f80-a7b1-11e7-977e-230c98391b6d|', 'feedback', 'b51b4bb0-827c-11e7-8a2c-f8cfbeb2ebca', '');
COMMIT;

-- ----------------------------
--  Table structure for `exemptions`
-- ----------------------------
DROP TABLE IF EXISTS `exemptions`;
CREATE TABLE `exemptions` (
  `id` varchar(36) NOT NULL,
  `activityId` varchar(36) NOT NULL,
  `updatedAt` datetime DEFAULT NULL,
  `createdAt` datetime DEFAULT NULL,
  `deleted` tinyint(1) DEFAULT NULL,
  `creatorId` varchar(36) DEFAULT NULL,
  `storeId` varchar(36) DEFAULT NULL,
  `active` tinyint(1) DEFAULT NULL,
  PRIMARY KEY (`id`)
) ENGINE=InnoDB DEFAULT CHARSET=utf8mb4 ROW_FORMAT=DYNAMIC;

-- ----------------------------
--  Table structure for `groups`
-- ----------------------------
DROP TABLE IF EXISTS `groups`;
CREATE TABLE `groups` (
  `id` varchar(36) NOT NULL,
  `names` varchar(300) NOT NULL,
  `deleted` tinyint(1) NOT NULL DEFAULT '0',
  `createdAt` datetime NOT NULL,
  `updatedAt` datetime NOT NULL,
  `creatorId` varchar(36) NOT NULL,
  `active` tinyint(1) NOT NULL,
  `organizationId` varchar(36) NOT NULL,
  `storeIds` varchar(10240) DEFAULT NULL,
  PRIMARY KEY (`id`)
) ENGINE=InnoDB DEFAULT CHARSET=utf8mb4 ROW_FORMAT=DYNAMIC;

-- ----------------------------
--  Table structure for `notifications`
-- ----------------------------
DROP TABLE IF EXISTS `notifications`;
CREATE TABLE `notifications` (
  `id` char(36) NOT NULL,
  `recipientId` varchar(36) NOT NULL COMMENT 'recipient',
  `content` varchar(512) DEFAULT NULL,
  `subjectId` char(36) NOT NULL COMMENT 'feedbackid suggestionid',
  `notificationType` varchar(255) NOT NULL COMMENT ' mentioned: ''mentioned'',\n    liked: ''liked''',
  `read` tinyint(1) NOT NULL DEFAULT '0',
  `deleted` tinyint(1) NOT NULL DEFAULT '0',
  `creatorId` varchar(36) NOT NULL COMMENT 'current user',
  `createdAt` datetime NOT NULL,
  `updatedAt` datetime NOT NULL,
  `subjectType` varchar(32) DEFAULT NULL COMMENT 'feedback suggestion ',
  `commentId` varchar(36) DEFAULT NULL,
  `createStoreId` varchar(36) DEFAULT NULL,
  `productId` varchar(128) DEFAULT NULL,
  PRIMARY KEY (`id`)
) ENGINE=InnoDB DEFAULT CHARSET=utf8mb4 ROW_FORMAT=DYNAMIC;

-- ----------------------------
--  Records of `notifications`
-- ----------------------------
BEGIN;
INSERT INTO `notifications` VALUES ('009f7ad0-bdc8-11e7-b514-b08d1eccd79f', '4a9a84e0-a7b1-11e7-ba59-8c3199dba632', '', 'cd56d520-b3b2-11e7-a598-5dd17e5c5924', 'liked', '0', '0', 'cdd042b0-a7b0-11e7-a170-2b8569676d40', '2017-10-30 23:13:55', '2017-10-30 23:13:55', 'feedback', '', 'b605b700-a7b0-11e7-bfdc-1de58ed01b98', 'd5093e83-bf93-11e7-b3c4-cca1e5972267'), ('00a01bb0-bd47-11e7-b4d0-e3c3cb81bf1d', '1aec4030-a7b1-11e7-b5e3-718845c6cf2d', '@Kelly Clark thank you for the feedback. Will the customers who cannot wear Athos look at Theia instead?', 'de810920-ad8a-11e7-9537-783578070be5', 'commented', '0', '0', '781ae280-a7b0-11e7-84a3-df9cb845b5b7', '2017-10-30 07:50:30', '2017-10-30 07:50:30', 'feedback', '009d5c90-bd47-11e7-b87d-f798c2eacff2', 'b51b4bb0-827c-11e7-8a2c-f8cfbeb2ebca', 'd5048370-bf93-11e7-924e-1a334d86a8e4'), ('00a042c0-bd47-11e7-9a0b-cbbd82efdee8', '1aec4030-a7b1-11e7-b5e3-718845c6cf2d', '@Kelly Clark thank you for the feedback. Will the customers who cannot wear Athos look at Theia instead?', 'de810920-ad8a-11e7-9537-783578070be5', 'mentioned', '0', '0', '781ae280-a7b0-11e7-84a3-df9cb845b5b7', '2017-10-30 07:50:30', '2017-10-30 07:50:30', 'feedback', '009d5c90-bd47-11e7-b87d-f798c2eacff2', 'b51b4bb0-827c-11e7-8a2c-f8cfbeb2ebca', 'd5048370-bf93-11e7-924e-1a334d86a8e4'), ('0346cc40-b434-11e7-87fd-c923e809c424', '3c1b26f0-ae18-11e7-a9d2-5af432a7c59f', '', '23512e80-af8a-11e7-9b39-3d46b1a1a511', 'liked', '1', '0', '67b730e0-af9b-11e7-ad47-fef517d8c135', '2017-10-18 18:41:54', '2017-10-18 18:41:54', 'feedback', '', 'b51b4bb0-827c-11e7-8a2c-f8cfbeb2ebca', 'd5093e83-bf93-11e7-b3c4-cca1e5972267'), ('05af6dd0-c298-11e7-8780-8d7ead1e00a8', '77a93f80-a7b1-11e7-977e-230c98391b6d', 'Agree with Emma - we have also had this feedback.', 'b7e58340-c009-11e7-ad8e-22507103705f', 'commented', '0', '0', '3c1b26f0-ae18-11e7-a9d2-5af432a7c59f', '2017-11-06 02:13:04', '2017-11-06 02:13:04', 'feedback', '046e8960-c298-11e7-b368-3ec930781592', 'b605b700-a7b0-11e7-bfdc-1de58ed01b98', 'd5065842-bf93-11e7-a4c4-6c45f3f2540f'), ('0652f8e0-bd4a-11e7-be9d-d6924bfa8517', 'a80cab90-b3b3-11e7-ae05-cbc0f7bc352d', 'We have received feedback that some pairs have a leather sock and some have a microfibre sock in this style. Can you please check your stock and let me know if you have the same issue?', '0650aef0-bd4a-11e7-838b-d37857e08a1b', 'requestFeedback', '0', '1', '781ae280-a7b0-11e7-84a3-df9cb845b5b7', '2017-10-30 08:12:08', '2018-01-02 17:31:24', 'requestFeedback', '', 'b51b4bb0-827c-11e7-8a2c-f8cfbeb2ebca', 'd505bc09-bf93-11e7-8296-c08d02294690'), ('06531ff0-bd4a-11e7-b868-d9fb8fd54dc5', '90d05620-b3b3-11e7-9f4f-c2925417a9f6', 'We have received feedback that some pairs have a leather sock and some have a microfibre sock in this style. Can you please check your stock and let me know if you have the same issue?', '0650aef0-bd4a-11e7-838b-d37857e08a1b', 'requestFeedback', '0', '1', '781ae280-a7b0-11e7-84a3-df9cb845b5b7', '2017-10-30 08:12:08', '2018-01-02 17:31:24', 'requestFeedback', '', 'b51b4bb0-827c-11e7-8a2c-f8cfbeb2ebca', 'd505bc09-bf93-11e7-8296-c08d02294690'), ('06534700-bd4a-11e7-9b69-70b462b16170', '4a9a84e0-a7b1-11e7-ba59-8c3199dba632', 'We have received feedback that some pairs have a leather sock and some have a microfibre sock in this style. Can you please check your stock and let me know if you have the same issue?', '0650aef0-bd4a-11e7-838b-d37857e08a1b', 'requestFeedback', '0', '1', '781ae280-a7b0-11e7-84a3-df9cb845b5b7', '2017-10-30 08:12:08', '2018-01-02 17:31:24', 'requestFeedback', '', 'b51b4bb0-827c-11e7-8a2c-f8cfbeb2ebca', 'd505bc09-bf93-11e7-8296-c08d02294690'), ('06534701-bd4a-11e7-8c50-fdcef94a8a41', 'dd131560-aef7-11e7-a6c5-62b41bc7c3a7', 'We have received feedback that some pairs have a leather sock and some have a microfibre sock in this style. Can you please check your stock and let me know if you have the same issue?', '0650aef0-bd4a-11e7-838b-d37857e08a1b', 'requestFeedback', '0', '1', '781ae280-a7b0-11e7-84a3-df9cb845b5b7', '2017-10-30 08:12:08', '2018-01-02 17:31:24', 'requestFeedback', '', 'b51b4bb0-827c-11e7-8a2c-f8cfbeb2ebca', 'd505bc09-bf93-11e7-8296-c08d02294690'), ('06536e10-bd4a-11e7-a5a5-c171f16d28dc', '3c1b26f0-ae18-11e7-a9d2-5af432a7c59f', 'We have received feedback that some pairs have a leather sock and some have a microfibre sock in this style. Can you please check your stock and let me know if you have the same issue?', '0650aef0-bd4a-11e7-838b-d37857e08a1b', 'requestFeedback', '1', '1', '781ae280-a7b0-11e7-84a3-df9cb845b5b7', '2017-10-30 08:12:08', '2018-01-02 17:31:24', 'requestFeedback', '', 'b51b4bb0-827c-11e7-8a2c-f8cfbeb2ebca', 'd505bc09-bf93-11e7-8296-c08d02294690'), ('06536e11-bd4a-11e7-875b-20db72acec7a', '1aec4030-a7b1-11e7-b5e3-718845c6cf2d', 'We have received feedback that some pairs have a leather sock and some have a microfibre sock in this style. Can you please check your stock and let me know if you have the same issue?', '0650aef0-bd4a-11e7-838b-d37857e08a1b', 'requestFeedback', '1', '1', '781ae280-a7b0-11e7-84a3-df9cb845b5b7', '2017-10-30 08:12:08', '2018-01-02 17:31:24', 'requestFeedback', '', 'b51b4bb0-827c-11e7-8a2c-f8cfbeb2ebca', 'd505bc09-bf93-11e7-8296-c08d02294690'), ('06539520-bd4a-11e7-b3a1-8eadbc9c701d', '77a93f80-a7b1-11e7-977e-230c98391b6d', 'We have received feedback that some pairs have a leather sock and some have a microfibre sock in this style. Can you please check your stock and let me know if you have the same issue?', '0650aef0-bd4a-11e7-838b-d37857e08a1b', 'requestFeedback', '0', '1', '781ae280-a7b0-11e7-84a3-df9cb845b5b7', '2017-10-30 08:12:08', '2018-01-02 17:31:24', 'requestFeedback', '', 'b51b4bb0-827c-11e7-8a2c-f8cfbeb2ebca', 'd505bc09-bf93-11e7-8296-c08d02294690'), ('06539521-bd4a-11e7-b460-090a8c027438', 'cdd042b0-a7b0-11e7-a170-2b8569676d40', 'We have received feedback that some pairs have a leather sock and some have a microfibre sock in this style. Can you please check your stock and let me know if you have the same issue?', '0650aef0-bd4a-11e7-838b-d37857e08a1b', 'requestFeedback', '1', '1', '781ae280-a7b0-11e7-84a3-df9cb845b5b7', '2017-10-30 08:12:08', '2018-01-02 17:31:24', 'requestFeedback', '', 'b51b4bb0-827c-11e7-8a2c-f8cfbeb2ebca', 'd505bc09-bf93-11e7-8296-c08d02294690'), ('07fc1ab0-ef3f-11e7-8c86-6404df3b1d57', '3c1b26f0-ae18-11e7-a9d2-5af432a7c59f', '', '30a41630-dee0-11e7-8fb3-90f47247e460', 'liked', '0', '0', '781ae280-a7b0-11e7-84a3-df9cb845b5b7', '2018-01-01 21:59:25', '2018-01-01 21:59:25', 'feedback', '', 'b51b4bb0-827c-11e7-8a2c-f8cfbeb2ebca', 'df5edbf4-bfd3-11e7-826c-519ddf3bc8b7'), ('08641b10-bd49-11e7-aac6-b4446a28b096', '77a93f80-a7b1-11e7-977e-230c98391b6d', '@Emma Riddle we would love to have this style in a 12 too but it was unavailable this year. We will ask again for next summer!', 'bdde3e00-ab0e-11e7-8c47-aef5ce0e93c6', 'commented', '0', '0', '781ae280-a7b0-11e7-84a3-df9cb845b5b7', '2017-10-30 08:05:02', '2017-10-30 08:05:02', 'feedback', '08624650-bd49-11e7-a0c7-fc410126d918', 'b51b4bb0-827c-11e7-8a2c-f8cfbeb2ebca', 'd5087b23-bf93-11e7-bdb0-ca0dddbd3d48'), ('08644220-bd49-11e7-8025-1ba0499bb6df', '77a93f80-a7b1-11e7-977e-230c98391b6d', '@Emma Riddle we would love to have this style in a 12 too but it was unavailable this year. We will ask again for next summer!', 'bdde3e00-ab0e-11e7-8c47-aef5ce0e93c6', 'mentioned', '0', '0', '781ae280-a7b0-11e7-84a3-df9cb845b5b7', '2017-10-30 08:05:02', '2017-10-30 08:05:02', 'feedback', '08624650-bd49-11e7-a0c7-fc410126d918', 'b51b4bb0-827c-11e7-8a2c-f8cfbeb2ebca', 'd5087b23-bf93-11e7-bdb0-ca0dddbd3d48'), ('09ad71c0-b055-11e7-8859-d9ccc6011dea', '781ae280-a7b0-11e7-84a3-df9cb845b5b7', '', '-1', 'responseForRequest', '1', '0', '1aec4030-a7b1-11e7-b5e3-718845c6cf2d', '2017-10-13 20:28:13', '2017-10-13 20:28:13', 'feedback', '', '138baba0-a7b1-11e7-92a2-d68357f176b7', 'd5060a36-bf93-11e7-aeac-868b2969e334'), ('0a99f8c0-bd47-11e7-8a2a-2ce4fbf44cf7', '77a93f80-a7b1-11e7-977e-230c98391b6d', '@Emma Riddle  thank you for the feedback. Will the customers who cannot wear Athos look at Theia instead?', 'b054c170-afb7-11e7-80dc-13266fea45e9', 'commented', '0', '0', '781ae280-a7b0-11e7-84a3-df9cb845b5b7', '2017-10-30 07:50:47', '2017-10-30 07:50:47', 'feedback', '0a97fcf0-bd47-11e7-9256-67c07283ed2a', 'b51b4bb0-827c-11e7-8a2c-f8cfbeb2ebca', 'd5048370-bf93-11e7-924e-1a334d86a8e4'), ('0a99f8c1-bd47-11e7-bf27-1b9d76c9cfe1', '77a93f80-a7b1-11e7-977e-230c98391b6d', '@Emma Riddle  thank you for the feedback. Will the customers who cannot wear Athos look at Theia instead?', 'b054c170-afb7-11e7-80dc-13266fea45e9', 'mentioned', '0', '0', '781ae280-a7b0-11e7-84a3-df9cb845b5b7', '2017-10-30 07:50:47', '2017-10-30 07:50:47', 'feedback', '0a97fcf0-bd47-11e7-9256-67c07283ed2a', 'b51b4bb0-827c-11e7-8a2c-f8cfbeb2ebca', 'd5048370-bf93-11e7-924e-1a334d86a8e4'), ('0d35abd0-d3fc-11e7-8247-4b2cfe731b6f', '77a93f80-a7b1-11e7-977e-230c98391b6d', '@Emma Riddle thank you for the feedback. We can look at making this style dressier for next year.', '6385e7b0-c00c-11e7-8217-165e1b55e7ea', 'commented', '0', '0', '781ae280-a7b0-11e7-84a3-df9cb845b5b7', '2017-11-28 05:21:56', '2017-11-28 05:21:56', 'suggestion', '0d216080-d3fc-11e7-a6e3-f1fce4f04ae9', 'b51b4bb0-827c-11e7-8a2c-f8cfbeb2ebca', 'd508c93c-bf93-11e7-9435-ed8ec364887b'), ('0d35f9f0-d3fc-11e7-9c9f-6fe781128637', '77a93f80-a7b1-11e7-977e-230c98391b6d', '@Emma Riddle thank you for the feedback. We can look at making this style dressier for next year.', '6385e7b0-c00c-11e7-8217-165e1b55e7ea', 'mentioned', '0', '0', '781ae280-a7b0-11e7-84a3-df9cb845b5b7', '2017-11-28 05:21:56', '2017-11-28 05:21:56', 'suggestion', '0d216080-d3fc-11e7-a6e3-f1fce4f04ae9', 'b51b4bb0-827c-11e7-8a2c-f8cfbeb2ebca', 'd508c93c-bf93-11e7-9435-ed8ec364887b'), ('0d783410-b434-11e7-9d5f-6fdb7407b37e', '4a9a84e0-a7b1-11e7-ba59-8c3199dba632', '', 'cd56d520-b3b2-11e7-a598-5dd17e5c5924', 'liked', '0', '0', '67b730e0-af9b-11e7-ad47-fef517d8c135', '2017-10-18 18:42:11', '2017-10-18 18:42:11', 'feedback', '', 'b51b4bb0-827c-11e7-8a2c-f8cfbeb2ebca', 'd5093e83-bf93-11e7-b3c4-cca1e5972267'), ('0e385be1-afb7-11e7-aa85-ce09b0322aa1', '781ae280-a7b0-11e7-84a3-df9cb845b5b7', '', '-1', 'responseForRequest', '1', '0', '77a93f80-a7b1-11e7-977e-230c98391b6d', '2017-10-13 01:37:21', '2017-10-13 01:37:21', 'feedback', '', '726fd0b0-a7b1-11e7-84bd-e6e501726d4e', 'd5067f51-bf93-11e7-adf9-da251def88ca'), ('0e6172f0-bd45-11e7-a69d-47f4df811d01', 'a80cab90-b3b3-11e7-ae05-cbc0f7bc352d', 'Saison is selling really well. What are customers loving about this style?', '0e5f01f0-bd45-11e7-8238-0b49c9bebd10', 'requestFeedback', '0', '1', '781ae280-a7b0-11e7-84a3-df9cb845b5b7', '2017-10-30 07:36:34', '2018-01-02 17:31:24', 'requestFeedback', '', 'b51b4bb0-827c-11e7-8a2c-f8cfbeb2ebca', 'd508c93c-bf93-11e7-9435-ed8ec364887b'), ('0e6172f1-bd45-11e7-8d02-28d1c870ae5c', '90d05620-b3b3-11e7-9f4f-c2925417a9f6', 'Saison is selling really well. What are customers loving about this style?', '0e5f01f0-bd45-11e7-8238-0b49c9bebd10', 'requestFeedback', '0', '1', '781ae280-a7b0-11e7-84a3-df9cb845b5b7', '2017-10-30 07:36:34', '2018-01-02 17:31:24', 'requestFeedback', '', 'b51b4bb0-827c-11e7-8a2c-f8cfbeb2ebca', 'd508c93c-bf93-11e7-9435-ed8ec364887b'), ('0e619a00-bd45-11e7-bd59-5b3395ca3e97', '4a9a84e0-a7b1-11e7-ba59-8c3199dba632', 'Saison is selling really well. What are customers loving about this style?', '0e5f01f0-bd45-11e7-8238-0b49c9bebd10', 'requestFeedback', '0', '1', '781ae280-a7b0-11e7-84a3-df9cb845b5b7', '2017-10-30 07:36:34', '2018-01-02 17:31:24', 'requestFeedback', '', 'b51b4bb0-827c-11e7-8a2c-f8cfbeb2ebca', 'd508c93c-bf93-11e7-9435-ed8ec364887b'), ('0e619a01-bd45-11e7-9362-06b113a8886d', 'dd131560-aef7-11e7-a6c5-62b41bc7c3a7', 'Saison is selling really well. What are customers loving about this style?', '0e5f01f0-bd45-11e7-8238-0b49c9bebd10', 'requestFeedback', '0', '1', '781ae280-a7b0-11e7-84a3-df9cb845b5b7', '2017-10-30 07:36:34', '2018-01-02 17:31:24', 'requestFeedback', '', 'b51b4bb0-827c-11e7-8a2c-f8cfbeb2ebca', 'd508c93c-bf93-11e7-9435-ed8ec364887b'), ('0e61c110-bd45-11e7-a2b3-7b7377a81f24', '3c1b26f0-ae18-11e7-a9d2-5af432a7c59f', 'Saison is selling really well. What are customers loving about this style?', '0e5f01f0-bd45-11e7-8238-0b49c9bebd10', 'requestFeedback', '1', '1', '781ae280-a7b0-11e7-84a3-df9cb845b5b7', '2017-10-30 07:36:34', '2018-01-02 17:31:24', 'requestFeedback', '', 'b51b4bb0-827c-11e7-8a2c-f8cfbeb2ebca', 'd508c93c-bf93-11e7-9435-ed8ec364887b'), ('0e61c111-bd45-11e7-9e22-c4acca51577b', '1aec4030-a7b1-11e7-b5e3-718845c6cf2d', 'Saison is selling really well. What are customers loving about this style?', '0e5f01f0-bd45-11e7-8238-0b49c9bebd10', 'requestFeedback', '0', '1', '781ae280-a7b0-11e7-84a3-df9cb845b5b7', '2017-10-30 07:36:34', '2018-01-02 17:31:24', 'requestFeedback', '', 'b51b4bb0-827c-11e7-8a2c-f8cfbeb2ebca', 'd508c93c-bf93-11e7-9435-ed8ec364887b'), ('0e620f30-bd45-11e7-be73-9941b446bb93', '77a93f80-a7b1-11e7-977e-230c98391b6d', 'Saison is selling really well. What are customers loving about this style?', '0e5f01f0-bd45-11e7-8238-0b49c9bebd10', 'requestFeedback', '0', '1', '781ae280-a7b0-11e7-84a3-df9cb845b5b7', '2017-10-30 07:36:34', '2018-01-02 17:31:24', 'requestFeedback', '', 'b51b4bb0-827c-11e7-8a2c-f8cfbeb2ebca', 'd508c93c-bf93-11e7-9435-ed8ec364887b'), ('0e620f31-bd45-11e7-98fc-9c8dbc3ab571', 'cdd042b0-a7b0-11e7-a170-2b8569676d40', 'Saison is selling really well. What are customers loving about this style?', '0e5f01f0-bd45-11e7-8238-0b49c9bebd10', 'requestFeedback', '1', '1', '781ae280-a7b0-11e7-84a3-df9cb845b5b7', '2017-10-30 07:36:34', '2018-01-02 17:31:24', 'requestFeedback', '', 'b51b4bb0-827c-11e7-8a2c-f8cfbeb2ebca', 'd508c93c-bf93-11e7-9435-ed8ec364887b'), ('1505cfd0-ef3f-11e7-acf3-d39ba2b7cd68', 'cdd042b0-a7b0-11e7-a170-2b8569676d40', '', 'a96f0220-dede-11e7-9f5c-be614e4778bf', 'liked', '0', '0', '781ae280-a7b0-11e7-84a3-df9cb845b5b7', '2018-01-01 21:59:47', '2018-01-01 21:59:47', 'feedback', '', 'b51b4bb0-827c-11e7-8a2c-f8cfbeb2ebca', '7f9a518d-d3c4-11e7-b9da-03140f98b92c'), ('19b77100-ef3f-11e7-b729-b76cc3d41b2c', 'cdd042b0-a7b0-11e7-a170-2b8569676d40', '', '00145d10-dede-11e7-8214-1467e4d10ac9', 'liked', '0', '0', '781ae280-a7b0-11e7-84a3-df9cb845b5b7', '2018-01-01 21:59:55', '2018-01-01 21:59:55', 'feedback', '', 'b51b4bb0-827c-11e7-8a2c-f8cfbeb2ebca', '7f998df9-d3c4-11e7-b798-be71ab80135e'), ('235a0820-af8a-11e7-aae7-4fb6e1def7bd', '781ae280-a7b0-11e7-84a3-df9cb845b5b7', '', '-1', 'responseForRequest', '1', '0', '3c1b26f0-ae18-11e7-a9d2-5af432a7c59f', '2017-10-12 20:15:49', '2017-10-12 20:15:49', 'feedback', '', 'b605b700-a7b0-11e7-bfdc-1de58ed01b98', 'd5093e83-bf93-11e7-b3c4-cca1e5972267'), ('31604590-bd47-11e7-905d-4c7b9bdaa9dd', '77a93f80-a7b1-11e7-977e-230c98391b6d', '@Emma Riddle thank you for the feedback. Gemmy was a best seller last summer. Are the tie straps stiffer this year?', 'e2f67c90-afb7-11e7-bdb9-8a0a42e5889d', 'commented', '0', '0', '781ae280-a7b0-11e7-84a3-df9cb845b5b7', '2017-10-30 07:51:52', '2017-10-30 07:51:52', 'feedback', '315dad80-bd47-11e7-ba29-1e25a2c1c8b2', 'b51b4bb0-827c-11e7-8a2c-f8cfbeb2ebca', 'd5063128-bf93-11e7-8790-b30262e8942d'), ('31606ca0-bd47-11e7-937c-857b7995d4ef', '77a93f80-a7b1-11e7-977e-230c98391b6d', '@Emma Riddle thank you for the feedback. Gemmy was a best seller last summer. Are the tie straps stiffer this year?', 'e2f67c90-afb7-11e7-bdb9-8a0a42e5889d', 'mentioned', '0', '0', '781ae280-a7b0-11e7-84a3-df9cb845b5b7', '2017-10-30 07:51:52', '2017-10-30 07:51:52', 'feedback', '315dad80-bd47-11e7-ba29-1e25a2c1c8b2', 'b51b4bb0-827c-11e7-8a2c-f8cfbeb2ebca', 'd5063128-bf93-11e7-8790-b30262e8942d'), ('31e90f80-bd45-11e7-a11b-352581b76858', 'a80cab90-b3b3-11e7-ae05-cbc0f7bc352d', 'Styliste has not sold as well as Saison so far this summer. Why are customers preferring Saison?', '31e69e80-bd45-11e7-8e3f-a06b36f86e31', 'requestFeedback', '0', '1', '781ae280-a7b0-11e7-84a3-df9cb845b5b7', '2017-10-30 07:37:34', '2018-01-02 17:31:24', 'requestFeedback', '', 'b51b4bb0-827c-11e7-8a2c-f8cfbeb2ebca', 'd5093e77-bf93-11e7-bbe3-924f1172cc60'), ('31e93690-bd45-11e7-b65a-f7d8f3ae5434', '90d05620-b3b3-11e7-9f4f-c2925417a9f6', 'Styliste has not sold as well as Saison so far this summer. Why are customers preferring Saison?', '31e69e80-bd45-11e7-8e3f-a06b36f86e31', 'requestFeedback', '0', '1', '781ae280-a7b0-11e7-84a3-df9cb845b5b7', '2017-10-30 07:37:34', '2018-01-02 17:31:24', 'requestFeedback', '', 'b51b4bb0-827c-11e7-8a2c-f8cfbeb2ebca', 'd5093e77-bf93-11e7-bbe3-924f1172cc60'), ('31e93691-bd45-11e7-a9e5-9666b7cd05f6', '4a9a84e0-a7b1-11e7-ba59-8c3199dba632', 'Styliste has not sold as well as Saison so far this summer. Why are customers preferring Saison?', '31e69e80-bd45-11e7-8e3f-a06b36f86e31', 'requestFeedback', '0', '1', '781ae280-a7b0-11e7-84a3-df9cb845b5b7', '2017-10-30 07:37:34', '2018-01-02 17:31:24', 'requestFeedback', '', 'b51b4bb0-827c-11e7-8a2c-f8cfbeb2ebca', 'd5093e77-bf93-11e7-bbe3-924f1172cc60'), ('31e95da0-bd45-11e7-9c26-9db9bec38787', 'dd131560-aef7-11e7-a6c5-62b41bc7c3a7', 'Styliste has not sold as well as Saison so far this summer. Why are customers preferring Saison?', '31e69e80-bd45-11e7-8e3f-a06b36f86e31', 'requestFeedback', '0', '1', '781ae280-a7b0-11e7-84a3-df9cb845b5b7', '2017-10-30 07:37:34', '2018-01-02 17:31:24', 'requestFeedback', '', 'b51b4bb0-827c-11e7-8a2c-f8cfbeb2ebca', 'd5093e77-bf93-11e7-bbe3-924f1172cc60'), ('31e984b0-bd45-11e7-a656-4a2554b06e6e', '3c1b26f0-ae18-11e7-a9d2-5af432a7c59f', 'Styliste has not sold as well as Saison so far this summer. Why are customers preferring Saison?', '31e69e80-bd45-11e7-8e3f-a06b36f86e31', 'requestFeedback', '1', '1', '781ae280-a7b0-11e7-84a3-df9cb845b5b7', '2017-10-30 07:37:34', '2018-01-02 17:31:24', 'requestFeedback', '', 'b51b4bb0-827c-11e7-8a2c-f8cfbeb2ebca', 'd5093e77-bf93-11e7-bbe3-924f1172cc60'), ('31e984b1-bd45-11e7-ae34-b1e0d6767dcd', '1aec4030-a7b1-11e7-b5e3-718845c6cf2d', 'Styliste has not sold as well as Saison so far this summer. Why are customers preferring Saison?', '31e69e80-bd45-11e7-8e3f-a06b36f86e31', 'requestFeedback', '0', '1', '781ae280-a7b0-11e7-84a3-df9cb845b5b7', '2017-10-30 07:37:34', '2018-01-02 17:31:24', 'requestFeedback', '', 'b51b4bb0-827c-11e7-8a2c-f8cfbeb2ebca', 'd5093e77-bf93-11e7-bbe3-924f1172cc60'), ('31e9abc0-bd45-11e7-a7dd-00e4798c0574', '77a93f80-a7b1-11e7-977e-230c98391b6d', 'Styliste has not sold as well as Saison so far this summer. Why are customers preferring Saison?', '31e69e80-bd45-11e7-8e3f-a06b36f86e31', 'requestFeedback', '0', '1', '781ae280-a7b0-11e7-84a3-df9cb845b5b7', '2017-10-30 07:37:34', '2018-01-02 17:31:24', 'requestFeedback', '', 'b51b4bb0-827c-11e7-8a2c-f8cfbeb2ebca', 'd5093e77-bf93-11e7-bbe3-924f1172cc60'), ('31e9abc1-bd45-11e7-b04f-c69e019eaea6', 'cdd042b0-a7b0-11e7-a170-2b8569676d40', 'Styliste has not sold as well as Saison so far this summer. Why are customers preferring Saison?', '31e69e80-bd45-11e7-8e3f-a06b36f86e31', 'requestFeedback', '1', '1', '781ae280-a7b0-11e7-84a3-df9cb845b5b7', '2017-10-30 07:37:34', '2018-01-02 17:31:24', 'requestFeedback', '', 'b51b4bb0-827c-11e7-8a2c-f8cfbeb2ebca', 'd5093e77-bf93-11e7-bbe3-924f1172cc60'), ('3875aae0-bd48-11e7-b483-48564e35e245', '77a93f80-a7b1-11e7-977e-230c98391b6d', '@Emma Riddle that is brilliant! Next month we will review the new styles on this construction for next summer. Perfect timing!', '7e8c3320-ba8a-11e7-82c6-c4567532672a', 'commented', '0', '0', '781ae280-a7b0-11e7-84a3-df9cb845b5b7', '2017-10-30 07:59:14', '2017-10-30 07:59:14', 'feedback', '3873af10-bd48-11e7-a78f-4a7be10cb125', 'b51b4bb0-827c-11e7-8a2c-f8cfbeb2ebca', 'd50ac522-bf93-11e7-a9f0-068dc302f2c0'), ('3875d1f0-bd48-11e7-aebb-0de9b0362b23', '77a93f80-a7b1-11e7-977e-230c98391b6d', '@Emma Riddle that is brilliant! Next month we will review the new styles on this construction for next summer. Perfect timing!', '7e8c3320-ba8a-11e7-82c6-c4567532672a', 'mentioned', '0', '0', '781ae280-a7b0-11e7-84a3-df9cb845b5b7', '2017-10-30 07:59:14', '2017-10-30 07:59:14', 'feedback', '3873af10-bd48-11e7-a78f-4a7be10cb125', 'b51b4bb0-827c-11e7-8a2c-f8cfbeb2ebca', 'd50ac522-bf93-11e7-a9f0-068dc302f2c0'), ('38d8f340-da15-11e7-bbc4-9386a4233378', 'a80cab90-b3b3-11e7-ae05-cbc0f7bc352d', 'Feyre hasn\'t been as strong as some of the other sandals during the 25% off promotion. Why do you feel this is?', '38d1a040-da15-11e7-9b51-d31aa56607f7', 'requestFeedback', '0', '1', '781ae280-a7b0-11e7-84a3-df9cb845b5b7', '2017-12-05 23:37:14', '2018-01-02 17:31:24', 'requestFeedback', '', 'b51b4bb0-827c-11e7-8a2c-f8cfbeb2ebca', '096dbd04-caa9-11e7-8f46-6b0695caab7e'), ('38d91a50-da15-11e7-b337-1c65a405c0b2', '90d05620-b3b3-11e7-9f4f-c2925417a9f6', 'Feyre hasn\'t been as strong as some of the other sandals during the 25% off promotion. Why do you feel this is?', '38d1a040-da15-11e7-9b51-d31aa56607f7', 'requestFeedback', '0', '1', '781ae280-a7b0-11e7-84a3-df9cb845b5b7', '2017-12-05 23:37:14', '2018-01-02 17:31:24', 'requestFeedback', '', 'b51b4bb0-827c-11e7-8a2c-f8cfbeb2ebca', '096dbd04-caa9-11e7-8f46-6b0695caab7e'), ('38d91a51-da15-11e7-8403-3ca9fdff5d1d', '4a9a84e0-a7b1-11e7-ba59-8c3199dba632', 'Feyre hasn\'t been as strong as some of the other sandals during the 25% off promotion. Why do you feel this is?', '38d1a040-da15-11e7-9b51-d31aa56607f7', 'requestFeedback', '0', '1', '781ae280-a7b0-11e7-84a3-df9cb845b5b7', '2017-12-05 23:37:14', '2018-01-02 17:31:24', 'requestFeedback', '', 'b51b4bb0-827c-11e7-8a2c-f8cfbeb2ebca', '096dbd04-caa9-11e7-8f46-6b0695caab7e'), ('38d94160-da15-11e7-b1a6-5b9915ac7b77', 'dd131560-aef7-11e7-a6c5-62b41bc7c3a7', 'Feyre hasn\'t been as strong as some of the other sandals during the 25% off promotion. Why do you feel this is?', '38d1a040-da15-11e7-9b51-d31aa56607f7', 'requestFeedback', '0', '1', '781ae280-a7b0-11e7-84a3-df9cb845b5b7', '2017-12-05 23:37:14', '2018-01-02 17:31:24', 'requestFeedback', '', 'b51b4bb0-827c-11e7-8a2c-f8cfbeb2ebca', '096dbd04-caa9-11e7-8f46-6b0695caab7e'), ('38d96870-da15-11e7-b673-5e9540b632f6', '3c1b26f0-ae18-11e7-a9d2-5af432a7c59f', 'Feyre hasn\'t been as strong as some of the other sandals during the 25% off promotion. Why do you feel this is?', '38d1a040-da15-11e7-9b51-d31aa56607f7', 'requestFeedback', '1', '1', '781ae280-a7b0-11e7-84a3-df9cb845b5b7', '2017-12-05 23:37:14', '2018-01-02 17:31:24', 'requestFeedback', '', 'b51b4bb0-827c-11e7-8a2c-f8cfbeb2ebca', '096dbd04-caa9-11e7-8f46-6b0695caab7e'), ('38d98f80-da15-11e7-a9fe-babd54e3284b', '1aec4030-a7b1-11e7-b5e3-718845c6cf2d', 'Feyre hasn\'t been as strong as some of the other sandals during the 25% off promotion. Why do you feel this is?', '38d1a040-da15-11e7-9b51-d31aa56607f7', 'requestFeedback', '0', '1', '781ae280-a7b0-11e7-84a3-df9cb845b5b7', '2017-12-05 23:37:14', '2018-01-02 17:31:24', 'requestFeedback', '', 'b51b4bb0-827c-11e7-8a2c-f8cfbeb2ebca', '096dbd04-caa9-11e7-8f46-6b0695caab7e'), ('38d9b690-da15-11e7-9e59-55540037a2ae', '77a93f80-a7b1-11e7-977e-230c98391b6d', 'Feyre hasn\'t been as strong as some of the other sandals during the 25% off promotion. Why do you feel this is?', '38d1a040-da15-11e7-9b51-d31aa56607f7', 'requestFeedback', '0', '1', '781ae280-a7b0-11e7-84a3-df9cb845b5b7', '2017-12-05 23:37:14', '2018-01-02 17:31:24', 'requestFeedback', '', 'b51b4bb0-827c-11e7-8a2c-f8cfbeb2ebca', '096dbd04-caa9-11e7-8f46-6b0695caab7e'), ('38d9dda0-da15-11e7-935a-f2111c977274', 'cdd042b0-a7b0-11e7-a170-2b8569676d40', 'Feyre hasn\'t been as strong as some of the other sandals during the 25% off promotion. Why do you feel this is?', '38d1a040-da15-11e7-9b51-d31aa56607f7', 'requestFeedback', '1', '1', '781ae280-a7b0-11e7-84a3-df9cb845b5b7', '2017-12-05 23:37:14', '2018-01-02 17:31:24', 'requestFeedback', '', 'b51b4bb0-827c-11e7-8a2c-f8cfbeb2ebca', '096dbd04-caa9-11e7-8f46-6b0695caab7e'), ('390e4a80-bdce-11e7-9fed-5c16d9d8aacd', '781ae280-a7b0-11e7-84a3-df9cb845b5b7', '', '-1', 'responseForRequest', '1', '0', 'cdd042b0-a7b0-11e7-a170-2b8569676d40', '2017-10-30 23:58:27', '2017-10-30 23:58:27', 'feedback', '', 'b605b700-a7b0-11e7-bfdc-1de58ed01b98', 'd505bc09-bf93-11e7-8296-c08d02294690'), ('41b44a20-b056-11e7-9abb-8f294f9fedbc', '781ae280-a7b0-11e7-84a3-df9cb845b5b7', '', '-1', 'responseForRequest', '1', '0', '1aec4030-a7b1-11e7-b5e3-718845c6cf2d', '2017-10-13 20:36:57', '2017-10-13 20:36:57', 'feedback', '', '138baba0-a7b1-11e7-92a2-d68357f176b7', 'd505e306-bf93-11e7-b44e-a972e5d83314'), ('41d2fb60-af06-11e7-92e0-0f428b4cd1d0', 'dd131560-aef7-11e7-a6c5-62b41bc7c3a7', 'Garland features a removable footbed for orthotic wearers. Is this feature important to our Hush Puppies\' customers?', '41c7b0c0-af06-11e7-9bbc-2ddb58df260d', 'requestFeedback', '0', '1', '781ae280-a7b0-11e7-84a3-df9cb845b5b7', '2017-10-12 04:31:46', '2018-01-02 17:31:24', 'requestFeedback', '', 'b51b4bb0-827c-11e7-8a2c-f8cfbeb2ebca', 'd5060a36-bf93-11e7-aeac-868b2969e334'), ('41d2fb61-af06-11e7-ad97-a0f137189e92', '3c1b26f0-ae18-11e7-a9d2-5af432a7c59f', 'Garland features a removable footbed for orthotic wearers. Is this feature important to our Hush Puppies\' customers?', '41c7b0c0-af06-11e7-9bbc-2ddb58df260d', 'requestFeedback', '1', '1', '781ae280-a7b0-11e7-84a3-df9cb845b5b7', '2017-10-12 04:31:46', '2018-01-02 17:31:24', 'requestFeedback', '', 'b51b4bb0-827c-11e7-8a2c-f8cfbeb2ebca', 'd5060a36-bf93-11e7-aeac-868b2969e334'), ('41d32270-af06-11e7-a65a-3704c06dbb43', '1aec4030-a7b1-11e7-b5e3-718845c6cf2d', 'Garland features a removable footbed for orthotic wearers. Is this feature important to our Hush Puppies\' customers?', '41c7b0c0-af06-11e7-9bbc-2ddb58df260d', 'requestFeedback', '0', '1', '781ae280-a7b0-11e7-84a3-df9cb845b5b7', '2017-10-12 04:31:46', '2018-01-02 17:31:24', 'requestFeedback', '', 'b51b4bb0-827c-11e7-8a2c-f8cfbeb2ebca', 'd5060a36-bf93-11e7-aeac-868b2969e334'), ('41d32271-af06-11e7-a04b-ee3657c5c309', '77a93f80-a7b1-11e7-977e-230c98391b6d', 'Garland features a removable footbed for orthotic wearers. Is this feature important to our Hush Puppies\' customers?', '41c7b0c0-af06-11e7-9bbc-2ddb58df260d', 'requestFeedback', '0', '1', '781ae280-a7b0-11e7-84a3-df9cb845b5b7', '2017-10-12 04:31:46', '2018-01-02 17:31:24', 'requestFeedback', '', 'b51b4bb0-827c-11e7-8a2c-f8cfbeb2ebca', 'd5060a36-bf93-11e7-aeac-868b2969e334'), ('41d34980-af06-11e7-aa5a-e5ed69614cd1', 'cdd042b0-a7b0-11e7-a170-2b8569676d40', 'Garland features a removable footbed for orthotic wearers. Is this feature important to our Hush Puppies\' customers?', '41c7b0c0-af06-11e7-9bbc-2ddb58df260d', 'requestFeedback', '1', '1', '781ae280-a7b0-11e7-84a3-df9cb845b5b7', '2017-10-12 04:31:46', '2018-01-02 17:31:24', 'requestFeedback', '', 'b51b4bb0-827c-11e7-8a2c-f8cfbeb2ebca', 'd5060a36-bf93-11e7-aeac-868b2969e334'), ('41d37090-af06-11e7-bde1-3da5b747c247', '4a9a84e0-a7b1-11e7-ba59-8c3199dba632', 'Garland features a removable footbed for orthotic wearers. Is this feature important to our Hush Puppies\' customers?', '41c7b0c0-af06-11e7-9bbc-2ddb58df260d', 'requestFeedback', '1', '1', '781ae280-a7b0-11e7-84a3-df9cb845b5b7', '2017-10-12 04:31:46', '2018-01-02 17:31:24', 'requestFeedback', '', 'b51b4bb0-827c-11e7-8a2c-f8cfbeb2ebca', 'd5060a36-bf93-11e7-aeac-868b2969e334'), ('47b8c540-b434-11e7-ac00-e5bc1f198225', '1aec4030-a7b1-11e7-b5e3-718845c6cf2d', '', 'de810920-ad8a-11e7-9537-783578070be5', 'liked', '0', '0', '67b730e0-af9b-11e7-ad47-fef517d8c135', '2017-10-18 18:43:49', '2017-10-18 18:43:49', 'feedback', '', 'b51b4bb0-827c-11e7-8a2c-f8cfbeb2ebca', 'd5048370-bf93-11e7-924e-1a334d86a8e4'), ('5490e880-bd47-11e7-8e68-a9f6f7c99d40', '1aec4030-a7b1-11e7-b5e3-718845c6cf2d', '@Kelly Clark thank you for letting me know about this issue. I will monitor returns on this style to ensure this was a once off.', '41aafb50-b056-11e7-897c-ed9cdef244c1', 'commented', '0', '0', '781ae280-a7b0-11e7-84a3-df9cb845b5b7', '2017-10-30 07:52:51', '2017-10-30 07:52:51', 'feedback', '548e2960-bd47-11e7-9fc6-b313247d4288', 'b51b4bb0-827c-11e7-8a2c-f8cfbeb2ebca', 'd505e306-bf93-11e7-b44e-a972e5d83314'), ('54910f90-bd47-11e7-85ea-b7d655322b0f', '1aec4030-a7b1-11e7-b5e3-718845c6cf2d', '@Kelly Clark thank you for letting me know about this issue. I will monitor returns on this style to ensure this was a once off.', '41aafb50-b056-11e7-897c-ed9cdef244c1', 'mentioned', '0', '0', '781ae280-a7b0-11e7-84a3-df9cb845b5b7', '2017-10-30 07:52:51', '2017-10-30 07:52:51', 'feedback', '548e2960-bd47-11e7-9fc6-b313247d4288', 'b51b4bb0-827c-11e7-8a2c-f8cfbeb2ebca', 'd505e306-bf93-11e7-b44e-a972e5d83314'), ('56e66bd0-b434-11e7-bf6f-694af494315e', 'cdd042b0-a7b0-11e7-a170-2b8569676d40', '', 'fe670d50-ae2c-11e7-9830-e94dbd507be4', 'liked', '1', '0', '67b730e0-af9b-11e7-ad47-fef517d8c135', '2017-10-18 18:44:14', '2017-10-18 18:44:14', 'feedback', '', 'b51b4bb0-827c-11e7-8a2c-f8cfbeb2ebca', 'd50a76ec-bf93-11e7-9d2a-9a50a561023c'), ('5781a160-af05-11e7-bc2d-a09f372be400', 'dd131560-aef7-11e7-a6c5-62b41bc7c3a7', 'Takeon has sold really well. What are our customers liking about this style? And, are they buying Takeon for event wear or work wear?', '577ee240-af05-11e7-9398-9a7ae9af877c', 'requestFeedback', '0', '1', '781ae280-a7b0-11e7-84a3-df9cb845b5b7', '2017-10-12 04:25:13', '2018-01-02 17:31:24', 'requestFeedback', '', 'b51b4bb0-827c-11e7-8a2c-f8cfbeb2ebca', 'd5093e83-bf93-11e7-b3c4-cca1e5972267'), ('5781a161-af05-11e7-80f1-d7aa2b1cbeb6', '3c1b26f0-ae18-11e7-a9d2-5af432a7c59f', 'Takeon has sold really well. What are our customers liking about this style? And, are they buying Takeon for event wear or work wear?', '577ee240-af05-11e7-9398-9a7ae9af877c', 'requestFeedback', '1', '1', '781ae280-a7b0-11e7-84a3-df9cb845b5b7', '2017-10-12 04:25:13', '2018-01-02 17:31:24', 'requestFeedback', '', 'b51b4bb0-827c-11e7-8a2c-f8cfbeb2ebca', 'd5093e83-bf93-11e7-b3c4-cca1e5972267'), ('5781c870-af05-11e7-b4d4-fdeaeff77208', '1aec4030-a7b1-11e7-b5e3-718845c6cf2d', 'Takeon has sold really well. What are our customers liking about this style? And, are they buying Takeon for event wear or work wear?', '577ee240-af05-11e7-9398-9a7ae9af877c', 'requestFeedback', '0', '1', '781ae280-a7b0-11e7-84a3-df9cb845b5b7', '2017-10-12 04:25:13', '2018-01-02 17:31:24', 'requestFeedback', '', 'b51b4bb0-827c-11e7-8a2c-f8cfbeb2ebca', 'd5093e83-bf93-11e7-b3c4-cca1e5972267'), ('5781c871-af05-11e7-8732-a197a071c5d9', '77a93f80-a7b1-11e7-977e-230c98391b6d', 'Takeon has sold really well. What are our customers liking about this style? And, are they buying Takeon for event wear or work wear?', '577ee240-af05-11e7-9398-9a7ae9af877c', 'requestFeedback', '0', '1', '781ae280-a7b0-11e7-84a3-df9cb845b5b7', '2017-10-12 04:25:13', '2018-01-02 17:31:24', 'requestFeedback', '', 'b51b4bb0-827c-11e7-8a2c-f8cfbeb2ebca', 'd5093e83-bf93-11e7-b3c4-cca1e5972267'), ('5781ef80-af05-11e7-aeb3-fa5def8cbed9', 'cdd042b0-a7b0-11e7-a170-2b8569676d40', 'Takeon has sold really well. What are our customers liking about this style? And, are they buying Takeon for event wear or work wear?', '577ee240-af05-11e7-9398-9a7ae9af877c', 'requestFeedback', '1', '1', '781ae280-a7b0-11e7-84a3-df9cb845b5b7', '2017-10-12 04:25:13', '2018-01-02 17:31:24', 'requestFeedback', '', 'b51b4bb0-827c-11e7-8a2c-f8cfbeb2ebca', 'd5093e83-bf93-11e7-b3c4-cca1e5972267'), ('57821690-af05-11e7-9a57-eb26fb52b3fb', '4a9a84e0-a7b1-11e7-ba59-8c3199dba632', 'Takeon has sold really well. What are our customers liking about this style? And, are they buying Takeon for event wear or work wear?', '577ee240-af05-11e7-9398-9a7ae9af877c', 'requestFeedback', '1', '1', '781ae280-a7b0-11e7-84a3-df9cb845b5b7', '2017-10-12 04:25:13', '2018-01-02 17:31:24', 'requestFeedback', '', 'b51b4bb0-827c-11e7-8a2c-f8cfbeb2ebca', 'd5093e83-bf93-11e7-b3c4-cca1e5972267'), ('58f733b0-f19b-11e7-a5cc-be0498bc01ee', 'a80cab90-b3b3-11e7-ae05-cbc0f7bc352d', 'Lani hasn\'t sold to expectation. Have you received any feedback on fit etc from customers?', '58f0cb10-f19b-11e7-afc4-5edc05c36452', 'requestFeedback', '0', '1', '781ae280-a7b0-11e7-84a3-df9cb845b5b7', '2018-01-04 22:05:17', '2018-01-08 17:33:09', 'requestFeedback', '', 'b51b4bb0-827c-11e7-8a2c-f8cfbeb2ebca', 'df5dcaaa-bfd3-11e7-8773-4b47e271cd77'), ('58f75ac0-f19b-11e7-89c2-d69aa7d115c0', '90d05620-b3b3-11e7-9f4f-c2925417a9f6', 'Lani hasn\'t sold to expectation. Have you received any feedback on fit etc from customers?', '58f0cb10-f19b-11e7-afc4-5edc05c36452', 'requestFeedback', '0', '1', '781ae280-a7b0-11e7-84a3-df9cb845b5b7', '2018-01-04 22:05:17', '2018-01-08 17:33:09', 'requestFeedback', '', 'b51b4bb0-827c-11e7-8a2c-f8cfbeb2ebca', 'df5dcaaa-bfd3-11e7-8773-4b47e271cd77'), ('58f7a8e0-f19b-11e7-8fe9-a0388abfbc8b', '4a9a84e0-a7b1-11e7-ba59-8c3199dba632', 'Lani hasn\'t sold to expectation. Have you received any feedback on fit etc from customers?', '58f0cb10-f19b-11e7-afc4-5edc05c36452', 'requestFeedback', '0', '1', '781ae280-a7b0-11e7-84a3-df9cb845b5b7', '2018-01-04 22:05:17', '2018-01-08 17:33:09', 'requestFeedback', '', 'b51b4bb0-827c-11e7-8a2c-f8cfbeb2ebca', 'df5dcaaa-bfd3-11e7-8773-4b47e271cd77'), ('58f7cff0-f19b-11e7-a94e-edd89976d22f', 'dd131560-aef7-11e7-a6c5-62b41bc7c3a7', 'Lani hasn\'t sold to expectation. Have you received any feedback on fit etc from customers?', '58f0cb10-f19b-11e7-afc4-5edc05c36452', 'requestFeedback', '0', '1', '781ae280-a7b0-11e7-84a3-df9cb845b5b7', '2018-01-04 22:05:17', '2018-01-08 17:33:09', 'requestFeedback', '', 'b51b4bb0-827c-11e7-8a2c-f8cfbeb2ebca', 'df5dcaaa-bfd3-11e7-8773-4b47e271cd77'), ('58f7cff1-f19b-11e7-a8ca-1f4a03673246', '3c1b26f0-ae18-11e7-a9d2-5af432a7c59f', 'Lani hasn\'t sold to expectation. Have you received any feedback on fit etc from customers?', '58f0cb10-f19b-11e7-afc4-5edc05c36452', 'requestFeedback', '0', '1', '781ae280-a7b0-11e7-84a3-df9cb845b5b7', '2018-01-04 22:05:17', '2018-01-08 17:33:09', 'requestFeedback', '', 'b51b4bb0-827c-11e7-8a2c-f8cfbeb2ebca', 'df5dcaaa-bfd3-11e7-8773-4b47e271cd77'), ('58f7f700-f19b-11e7-a2d6-b522cde42c2c', '1aec4030-a7b1-11e7-b5e3-718845c6cf2d', 'Lani hasn\'t sold to expectation. Have you received any feedback on fit etc from customers?', '58f0cb10-f19b-11e7-afc4-5edc05c36452', 'requestFeedback', '0', '1', '781ae280-a7b0-11e7-84a3-df9cb845b5b7', '2018-01-04 22:05:17', '2018-01-08 17:33:09', 'requestFeedback', '', 'b51b4bb0-827c-11e7-8a2c-f8cfbeb2ebca', 'df5dcaaa-bfd3-11e7-8773-4b47e271cd77'), ('58f81e10-f19b-11e7-9c0d-356d42de21d4', '77a93f80-a7b1-11e7-977e-230c98391b6d', 'Lani hasn\'t sold to expectation. Have you received any feedback on fit etc from customers?', '58f0cb10-f19b-11e7-afc4-5edc05c36452', 'requestFeedback', '0', '1', '781ae280-a7b0-11e7-84a3-df9cb845b5b7', '2018-01-04 22:05:17', '2018-01-08 17:33:09', 'requestFeedback', '', 'b51b4bb0-827c-11e7-8a2c-f8cfbeb2ebca', 'df5dcaaa-bfd3-11e7-8773-4b47e271cd77'), ('58f86c30-f19b-11e7-a482-b2841c2f7ce3', 'cdd042b0-a7b0-11e7-a170-2b8569676d40', 'Lani hasn\'t sold to expectation. Have you received any feedback on fit etc from customers?', '58f0cb10-f19b-11e7-afc4-5edc05c36452', 'requestFeedback', '0', '1', '781ae280-a7b0-11e7-84a3-df9cb845b5b7', '2018-01-04 22:05:17', '2018-01-08 17:33:09', 'requestFeedback', '', 'b51b4bb0-827c-11e7-8a2c-f8cfbeb2ebca', 'df5dcaaa-bfd3-11e7-8773-4b47e271cd77'), ('5af86520-bd49-11e7-9137-1b28b9e20f50', '77a93f80-a7b1-11e7-977e-230c98391b6d', '@Emma Riddle Madden are now doing some UK fittings rather than everything in the narrower US fitting which is great for NZ feet.', '35434eb0-aefa-11e7-8a87-586e8f3f424a', 'commented', '0', '0', '781ae280-a7b0-11e7-84a3-df9cb845b5b7', '2017-10-30 08:07:21', '2017-10-30 08:07:21', 'feedback', '5af66950-bd49-11e7-a75f-dc083d86f73f', 'b51b4bb0-827c-11e7-8a2c-f8cfbeb2ebca', 'd506cd65-bf93-11e7-9869-43977561accb'), ('5af88c30-bd49-11e7-beef-017daed30477', '77a93f80-a7b1-11e7-977e-230c98391b6d', '@Emma Riddle Madden are now doing some UK fittings rather than everything in the narrower US fitting which is great for NZ feet.', '35434eb0-aefa-11e7-8a87-586e8f3f424a', 'mentioned', '0', '0', '781ae280-a7b0-11e7-84a3-df9cb845b5b7', '2017-10-30 08:07:21', '2017-10-30 08:07:21', 'feedback', '5af66950-bd49-11e7-a75f-dc083d86f73f', 'b51b4bb0-827c-11e7-8a2c-f8cfbeb2ebca', 'd506cd65-bf93-11e7-9869-43977561accb'), ('5fcd46b0-d3fb-11e7-9a09-711c13ac476f', '1aec4030-a7b1-11e7-b5e3-718845c6cf2d', '@Kelly Clark this construction has been well received internationally so we will be pushing for more options for SS1819!', '90c809d0-c98d-11e7-b904-8c5288f7d560', 'commented', '0', '0', '781ae280-a7b0-11e7-84a3-df9cb845b5b7', '2017-11-28 05:17:05', '2017-11-28 05:17:05', 'feedback', '5f5c3560-d3fb-11e7-8103-486ddd0b2eae', 'b51b4bb0-827c-11e7-8a2c-f8cfbeb2ebca', 'd50ac522-bf93-11e7-a9f0-068dc302f2c0'), ('5fcd6dc0-d3fb-11e7-b71f-49b9105c4b5d', '1aec4030-a7b1-11e7-b5e3-718845c6cf2d', '@Kelly Clark this construction has been well received internationally so we will be pushing for more options for SS1819!', '90c809d0-c98d-11e7-b904-8c5288f7d560', 'mentioned', '0', '0', '781ae280-a7b0-11e7-84a3-df9cb845b5b7', '2017-11-28 05:17:05', '2017-11-28 05:17:05', 'feedback', '5f5c3560-d3fb-11e7-8103-486ddd0b2eae', 'b51b4bb0-827c-11e7-8a2c-f8cfbeb2ebca', 'd50ac522-bf93-11e7-a9f0-068dc302f2c0'), ('60fa3ef0-bd47-11e7-a885-0a9b3b49b94e', '1aec4030-a7b1-11e7-b5e3-718845c6cf2d', '@Kelly Clark thank you for the feedbakc on the fit of this style.', '41aad440-b056-11e7-bb48-8d3bee24343e', 'commented', '0', '1', '781ae280-a7b0-11e7-84a3-df9cb845b5b7', '2017-10-30 07:53:12', '2017-10-30 07:53:12', 'feedback', '60a73cf0-bd47-11e7-8517-c06552c539bf', 'b51b4bb0-827c-11e7-8a2c-f8cfbeb2ebca', 'WBL9278-WTL9278-WGL9278'), ('60fa8d10-bd47-11e7-8115-16985ab27890', '1aec4030-a7b1-11e7-b5e3-718845c6cf2d', '@Kelly Clark thank you for the feedbakc on the fit of this style.', '41aad440-b056-11e7-bb48-8d3bee24343e', 'mentioned', '0', '1', '781ae280-a7b0-11e7-84a3-df9cb845b5b7', '2017-10-30 07:53:12', '2017-10-30 07:53:12', 'feedback', '60a73cf0-bd47-11e7-8517-c06552c539bf', 'b51b4bb0-827c-11e7-8a2c-f8cfbeb2ebca', 'WBL9278-WTL9278-WGL9278'), ('66b2e550-bd46-11e7-b690-c41e34e712cf', 'cdd042b0-a7b0-11e7-a170-2b8569676d40', '@Gloria Massey thank you for the feedback on Toucan. Please offer the customers a discount where required.', 'fe670d50-ae2c-11e7-9830-e94dbd507be4', 'commented', '1', '0', '781ae280-a7b0-11e7-84a3-df9cb845b5b7', '2017-10-30 07:46:12', '2017-10-30 07:46:12', 'feedback', '664b70f0-bd46-11e7-b2e5-9e356f14aa8f', 'b51b4bb0-827c-11e7-8a2c-f8cfbeb2ebca', 'd50a76ec-bf93-11e7-9d2a-9a50a561023c'), ('66b2e551-bd46-11e7-9437-321f13ac4021', 'cdd042b0-a7b0-11e7-a170-2b8569676d40', '@Gloria Massey thank you for the feedback on Toucan. Please offer the customers a discount where required.', 'fe670d50-ae2c-11e7-9830-e94dbd507be4', 'mentioned', '1', '0', '781ae280-a7b0-11e7-84a3-df9cb845b5b7', '2017-10-30 07:46:12', '2017-10-30 07:46:12', 'feedback', '664b70f0-bd46-11e7-b2e5-9e356f14aa8f', 'b51b4bb0-827c-11e7-8a2c-f8cfbeb2ebca', 'd50a76ec-bf93-11e7-9d2a-9a50a561023c'), ('67391a60-bd48-11e7-ab50-8a7bae8d82d0', '3c1b26f0-ae18-11e7-a9d2-5af432a7c59f', '@Brogan Daniels and @Emma Riddle thank you for the feedback.', '2d2a49b0-b939-11e7-891b-2bbabd4b4e50', 'commented', '1', '0', '781ae280-a7b0-11e7-84a3-df9cb845b5b7', '2017-10-30 08:00:32', '2017-10-30 08:00:32', 'feedback', '67376cb0-bd48-11e7-8807-d0ec14de6fe4', 'b51b4bb0-827c-11e7-8a2c-f8cfbeb2ebca', 'd5065842-bf93-11e7-a4c4-6c45f3f2540f'), ('67394170-bd48-11e7-8a96-c212a84c305e', '3c1b26f0-ae18-11e7-a9d2-5af432a7c59f', '@Brogan Daniels and @Emma Riddle thank you for the feedback.', '2d2a49b0-b939-11e7-891b-2bbabd4b4e50', 'mentioned', '1', '0', '781ae280-a7b0-11e7-84a3-df9cb845b5b7', '2017-10-30 08:00:32', '2017-10-30 08:00:32', 'feedback', '67376cb0-bd48-11e7-8807-d0ec14de6fe4', 'b51b4bb0-827c-11e7-8a2c-f8cfbeb2ebca', 'd5065842-bf93-11e7-a4c4-6c45f3f2540f'), ('67394171-bd48-11e7-b3ec-ee9d8927a4a3', '77a93f80-a7b1-11e7-977e-230c98391b6d', '@Brogan Daniels and @Emma Riddle thank you for the feedback.', '2d2a49b0-b939-11e7-891b-2bbabd4b4e50', 'mentioned', '0', '0', '781ae280-a7b0-11e7-84a3-df9cb845b5b7', '2017-10-30 08:00:32', '2017-10-30 08:00:32', 'feedback', '67376cb0-bd48-11e7-8807-d0ec14de6fe4', 'b51b4bb0-827c-11e7-8a2c-f8cfbeb2ebca', 'd5065842-bf93-11e7-a4c4-6c45f3f2540f'), ('77e0fa50-bd47-11e7-8a14-9e14c17f3d2b', '1aec4030-a7b1-11e7-b5e3-718845c6cf2d', '@Kelly Clark thank you for the feedback on the fit of this style.', '41aad440-b056-11e7-bb48-8d3bee24343e', 'commented', '0', '0', '781ae280-a7b0-11e7-84a3-df9cb845b5b7', '2017-10-30 07:53:50', '2017-10-30 07:53:50', 'feedback', '77ded770-bd47-11e7-92d7-fa229adbb0bc', 'b51b4bb0-827c-11e7-8a2c-f8cfbeb2ebca', 'd505e306-bf93-11e7-b44e-a972e5d83314'), ('77e16f80-bd47-11e7-af8a-08ba6c4c7c61', '1aec4030-a7b1-11e7-b5e3-718845c6cf2d', '@Kelly Clark thank you for the feedback on the fit of this style.', '41aad440-b056-11e7-bb48-8d3bee24343e', 'mentioned', '0', '0', '781ae280-a7b0-11e7-84a3-df9cb845b5b7', '2017-10-30 07:53:50', '2017-10-30 07:53:50', 'feedback', '77ded770-bd47-11e7-92d7-fa229adbb0bc', 'b51b4bb0-827c-11e7-8a2c-f8cfbeb2ebca', 'd505e306-bf93-11e7-b44e-a972e5d83314'), ('783986b0-af06-11e7-9de3-d7effcac4f45', 'dd131560-aef7-11e7-a6c5-62b41bc7c3a7', 'Please provide feedback on the fit and wedge heel height of Enya.', '783763d0-af06-11e7-80ca-0a7168c8a014', 'requestFeedback', '0', '1', '781ae280-a7b0-11e7-84a3-df9cb845b5b7', '2017-10-12 04:33:17', '2018-01-02 17:31:24', 'requestFeedback', '', 'b51b4bb0-827c-11e7-8a2c-f8cfbeb2ebca', 'd505e306-bf93-11e7-b44e-a972e5d83314'), ('7839adc0-af06-11e7-8798-bdf7e27643ae', '3c1b26f0-ae18-11e7-a9d2-5af432a7c59f', 'Please provide feedback on the fit and wedge heel height of Enya.', '783763d0-af06-11e7-80ca-0a7168c8a014', 'requestFeedback', '1', '1', '781ae280-a7b0-11e7-84a3-df9cb845b5b7', '2017-10-12 04:33:17', '2018-01-02 17:31:24', 'requestFeedback', '', 'b51b4bb0-827c-11e7-8a2c-f8cfbeb2ebca', 'd505e306-bf93-11e7-b44e-a972e5d83314'), ('7839adc1-af06-11e7-9c6f-62cded0a0039', '1aec4030-a7b1-11e7-b5e3-718845c6cf2d', 'Please provide feedback on the fit and wedge heel height of Enya.', '783763d0-af06-11e7-80ca-0a7168c8a014', 'requestFeedback', '0', '1', '781ae280-a7b0-11e7-84a3-df9cb845b5b7', '2017-10-12 04:33:17', '2018-01-02 17:31:24', 'requestFeedback', '', 'b51b4bb0-827c-11e7-8a2c-f8cfbeb2ebca', 'd505e306-bf93-11e7-b44e-a972e5d83314'), ('7839adc2-af06-11e7-940c-3f2a769b6cc7', '77a93f80-a7b1-11e7-977e-230c98391b6d', 'Please provide feedback on the fit and wedge heel height of Enya.', '783763d0-af06-11e7-80ca-0a7168c8a014', 'requestFeedback', '0', '1', '781ae280-a7b0-11e7-84a3-df9cb845b5b7', '2017-10-12 04:33:17', '2018-01-02 17:31:24', 'requestFeedback', '', 'b51b4bb0-827c-11e7-8a2c-f8cfbeb2ebca', 'd505e306-bf93-11e7-b44e-a972e5d83314'), ('7839d4d0-af06-11e7-bfce-8b409bdb93af', 'cdd042b0-a7b0-11e7-a170-2b8569676d40', 'Please provide feedback on the fit and wedge heel height of Enya.', '783763d0-af06-11e7-80ca-0a7168c8a014', 'requestFeedback', '1', '1', '781ae280-a7b0-11e7-84a3-df9cb845b5b7', '2017-10-12 04:33:17', '2018-01-02 17:31:24', 'requestFeedback', '', 'b51b4bb0-827c-11e7-8a2c-f8cfbeb2ebca', 'd505e306-bf93-11e7-b44e-a972e5d83314'), ('7839fbe0-af06-11e7-a708-a71d4ea869c1', '4a9a84e0-a7b1-11e7-ba59-8c3199dba632', 'Please provide feedback on the fit and wedge heel height of Enya.', '783763d0-af06-11e7-80ca-0a7168c8a014', 'requestFeedback', '1', '1', '781ae280-a7b0-11e7-84a3-df9cb845b5b7', '2017-10-12 04:33:17', '2018-01-02 17:31:24', 'requestFeedback', '', 'b51b4bb0-827c-11e7-8a2c-f8cfbeb2ebca', 'd505e306-bf93-11e7-b44e-a972e5d83314'), ('7a965ea0-bdfd-11e7-8d17-9ca387d1d72d', 'cdd042b0-a7b0-11e7-a170-2b8569676d40', '@Gloria Massey can you please send some photos of this fault to faulties@hannahs.co.nz? Please keep this pair in-store for the moment.', '9ee33e70-bde6-11e7-b1eb-3e925dbc2251', 'commented', '1', '0', '781ae280-a7b0-11e7-84a3-df9cb845b5b7', '2017-10-31 05:36:43', '2017-10-31 05:36:43', 'feedback', '7a943bc0-bdfd-11e7-b8ef-47c61e282f48', 'b51b4bb0-827c-11e7-8a2c-f8cfbeb2ebca', 'd5087b23-bf93-11e7-bdb0-ca0dddbd3d48'), ('7a9685b0-bdfd-11e7-b5f4-e9837d10b7f5', 'cdd042b0-a7b0-11e7-a170-2b8569676d40', '@Gloria Massey can you please send some photos of this fault to faulties@hannahs.co.nz? Please keep this pair in-store for the moment.', '9ee33e70-bde6-11e7-b1eb-3e925dbc2251', 'mentioned', '1', '0', '781ae280-a7b0-11e7-84a3-df9cb845b5b7', '2017-10-31 05:36:43', '2017-10-31 05:36:43', 'feedback', '7a943bc0-bdfd-11e7-b8ef-47c61e282f48', 'b51b4bb0-827c-11e7-8a2c-f8cfbeb2ebca', 'd5087b23-bf93-11e7-bdb0-ca0dddbd3d48'), ('7e50bd20-c414-11e7-93a1-2579294d6b60', 'cdd042b0-a7b0-11e7-a170-2b8569676d40', '@Matt Behan Hi Matt, have sent some photos today - through to mattb@hannahs.co.nz as it would not let me send to faulties@hannahs.co.nz', '9ee33e70-bde6-11e7-b1eb-3e925dbc2251', 'commented', '1', '0', '3c1b26f0-ae18-11e7-a9d2-5af432a7c59f', '2017-11-07 23:36:35', '2017-11-07 23:36:35', 'feedback', '7e4bb410-c414-11e7-91b3-631ed4946171', 'b605b700-a7b0-11e7-bfdc-1de58ed01b98', 'd5087b23-bf93-11e7-bdb0-ca0dddbd3d48'), ('7e510b40-c414-11e7-96a7-f6732156e7ff', '781ae280-a7b0-11e7-84a3-df9cb845b5b7', '@Matt Behan Hi Matt, have sent some photos today - through to mattb@hannahs.co.nz as it would not let me send to faulties@hannahs.co.nz', '9ee33e70-bde6-11e7-b1eb-3e925dbc2251', 'mentioned', '1', '0', '3c1b26f0-ae18-11e7-a9d2-5af432a7c59f', '2017-11-07 23:36:35', '2017-11-07 23:36:35', 'feedback', '7e4bb410-c414-11e7-91b3-631ed4946171', 'b605b700-a7b0-11e7-bfdc-1de58ed01b98', 'd5087b23-bf93-11e7-bdb0-ca0dddbd3d48'), ('802de900-ef3f-11e7-bff4-133afb7589c5', '3c1b26f0-ae18-11e7-a9d2-5af432a7c59f', '', '62538760-c9be-11e7-91a9-579a2991d240', 'liked', '0', '0', '781ae280-a7b0-11e7-84a3-df9cb845b5b7', '2018-01-01 22:02:47', '2018-01-01 22:02:47', 'feedback', '', 'b51b4bb0-827c-11e7-8a2c-f8cfbeb2ebca', 'df5da389-bfd3-11e7-ba6d-42615e5e3a12'), ('8346e4e0-bdd3-11e7-a83e-e7d5ebfaa7f7', '4a9a84e0-a7b1-11e7-ba59-8c3199dba632', 'Still early days for this cute sandals.We have sold a few prs of the light colour. And agree with Glen re instep', '9b15b090-b3b2-11e7-b5af-17fdf7a2da19', 'commented', '0', '0', 'cdd042b0-a7b0-11e7-a170-2b8569676d40', '2017-10-31 00:36:19', '2017-10-31 00:36:19', 'feedback', '82e0a900-bdd3-11e7-a5b5-9c0130e9af90', 'b605b700-a7b0-11e7-bfdc-1de58ed01b98', 'd506a65b-bf93-11e7-9902-475dac4b8503'), ('89962520-d3fb-11e7-b435-f8379f860470', '1aec4030-a7b1-11e7-b5e3-718845c6cf2d', '@Kelly Clark thank you for the feedback. Can you please send some photos to mattb@hannahs.co.nz?', '0fdef090-c98d-11e7-8b6b-84a096b551f8', 'commented', '0', '0', '781ae280-a7b0-11e7-84a3-df9cb845b5b7', '2017-11-28 05:18:15', '2017-11-28 05:18:15', 'feedback', '89942950-d3fb-11e7-a289-28dcb1701925', 'b51b4bb0-827c-11e7-8a2c-f8cfbeb2ebca', '162d36a3-c5af-11e7-99ac-8d55a3870a77'), ('89964c30-d3fb-11e7-bea1-9207951c8ee5', '1aec4030-a7b1-11e7-b5e3-718845c6cf2d', '@Kelly Clark thank you for the feedback. Can you please send some photos to mattb@hannahs.co.nz?', '0fdef090-c98d-11e7-8b6b-84a096b551f8', 'mentioned', '0', '0', '781ae280-a7b0-11e7-84a3-df9cb845b5b7', '2017-11-28 05:18:15', '2017-11-28 05:18:15', 'feedback', '89942950-d3fb-11e7-a289-28dcb1701925', 'b51b4bb0-827c-11e7-8a2c-f8cfbeb2ebca', '162d36a3-c5af-11e7-99ac-8d55a3870a77'), ('8d75d6c0-bd46-11e7-8249-c67b6ebac7d5', '77a93f80-a7b1-11e7-977e-230c98391b6d', '@Emma Riddle thank you for the feedback. Have you noticed this issue with all sizes or just the larger ones?', 'f86d0ad0-baa7-11e7-8bcd-4d48b5b69d63', 'commented', '0', '0', '781ae280-a7b0-11e7-84a3-df9cb845b5b7', '2017-10-30 07:47:17', '2017-10-30 07:47:17', 'feedback', '8d73b3e0-bd46-11e7-baf2-ce77490eb8ae', 'b51b4bb0-827c-11e7-8a2c-f8cfbeb2ebca', 'd5071b92-bf93-11e7-9585-26bb1b63f6e2'), ('8d75d6c1-bd46-11e7-bf46-db5da4be3f8e', '77a93f80-a7b1-11e7-977e-230c98391b6d', '@Emma Riddle thank you for the feedback. Have you noticed this issue with all sizes or just the larger ones?', 'f86d0ad0-baa7-11e7-8bcd-4d48b5b69d63', 'mentioned', '0', '0', '781ae280-a7b0-11e7-84a3-df9cb845b5b7', '2017-10-30 07:47:17', '2017-10-30 07:47:17', 'feedback', '8d73b3e0-bd46-11e7-baf2-ce77490eb8ae', 'b51b4bb0-827c-11e7-8a2c-f8cfbeb2ebca', 'd5071b92-bf93-11e7-9585-26bb1b63f6e2'), ('8e0012a0-da14-11e7-96c4-aae43d107275', 'a80cab90-b3b3-11e7-ae05-cbc0f7bc352d', 'Insieme has sold really well since arriving last week. What are customers loving about this style?', '8dfa4640-da14-11e7-baa5-6c05089b026c', 'requestFeedback', '0', '1', '781ae280-a7b0-11e7-84a3-df9cb845b5b7', '2017-12-05 23:32:27', '2018-01-02 17:31:24', 'requestFeedback', '', 'b51b4bb0-827c-11e7-8a2c-f8cfbeb2ebca', '7f998df9-d3c4-11e7-b798-be71ab80135e'), ('8e0012a1-da14-11e7-afac-ded5b169dd4c', '90d05620-b3b3-11e7-9f4f-c2925417a9f6', 'Insieme has sold really well since arriving last week. What are customers loving about this style?', '8dfa4640-da14-11e7-baa5-6c05089b026c', 'requestFeedback', '0', '1', '781ae280-a7b0-11e7-84a3-df9cb845b5b7', '2017-12-05 23:32:27', '2018-01-02 17:31:24', 'requestFeedback', '', 'b51b4bb0-827c-11e7-8a2c-f8cfbeb2ebca', '7f998df9-d3c4-11e7-b798-be71ab80135e'), ('8e0039b0-da14-11e7-8bdf-fd1f4e933fcc', '4a9a84e0-a7b1-11e7-ba59-8c3199dba632', 'Insieme has sold really well since arriving last week. What are customers loving about this style?', '8dfa4640-da14-11e7-baa5-6c05089b026c', 'requestFeedback', '0', '1', '781ae280-a7b0-11e7-84a3-df9cb845b5b7', '2017-12-05 23:32:27', '2018-01-02 17:31:24', 'requestFeedback', '', 'b51b4bb0-827c-11e7-8a2c-f8cfbeb2ebca', '7f998df9-d3c4-11e7-b798-be71ab80135e'), ('8e0087d0-da14-11e7-a8f0-a7018078c153', 'dd131560-aef7-11e7-a6c5-62b41bc7c3a7', 'Insieme has sold really well since arriving last week. What are customers loving about this style?', '8dfa4640-da14-11e7-baa5-6c05089b026c', 'requestFeedback', '0', '1', '781ae280-a7b0-11e7-84a3-df9cb845b5b7', '2017-12-05 23:32:27', '2018-01-02 17:31:24', 'requestFeedback', '', 'b51b4bb0-827c-11e7-8a2c-f8cfbeb2ebca', '7f998df9-d3c4-11e7-b798-be71ab80135e'), ('8e0087d1-da14-11e7-9685-2aa33a890654', '3c1b26f0-ae18-11e7-a9d2-5af432a7c59f', 'Insieme has sold really well since arriving last week. What are customers loving about this style?', '8dfa4640-da14-11e7-baa5-6c05089b026c', 'requestFeedback', '1', '1', '781ae280-a7b0-11e7-84a3-df9cb845b5b7', '2017-12-05 23:32:27', '2018-01-02 17:31:24', 'requestFeedback', '', 'b51b4bb0-827c-11e7-8a2c-f8cfbeb2ebca', '7f998df9-d3c4-11e7-b798-be71ab80135e'), ('8e00aee0-da14-11e7-9346-b76da0863f2a', '1aec4030-a7b1-11e7-b5e3-718845c6cf2d', 'Insieme has sold really well since arriving last week. What are customers loving about this style?', '8dfa4640-da14-11e7-baa5-6c05089b026c', 'requestFeedback', '0', '1', '781ae280-a7b0-11e7-84a3-df9cb845b5b7', '2017-12-05 23:32:27', '2018-01-02 17:31:24', 'requestFeedback', '', 'b51b4bb0-827c-11e7-8a2c-f8cfbeb2ebca', '7f998df9-d3c4-11e7-b798-be71ab80135e'), ('8e00d5f0-da14-11e7-b0ad-c2716f5b5137', '77a93f80-a7b1-11e7-977e-230c98391b6d', 'Insieme has sold really well since arriving last week. What are customers loving about this style?', '8dfa4640-da14-11e7-baa5-6c05089b026c', 'requestFeedback', '0', '1', '781ae280-a7b0-11e7-84a3-df9cb845b5b7', '2017-12-05 23:32:27', '2018-01-02 17:31:24', 'requestFeedback', '', 'b51b4bb0-827c-11e7-8a2c-f8cfbeb2ebca', '7f998df9-d3c4-11e7-b798-be71ab80135e'), ('8e00fd00-da14-11e7-93d2-3793d106f01b', 'cdd042b0-a7b0-11e7-a170-2b8569676d40', 'Insieme has sold really well since arriving last week. What are customers loving about this style?', '8dfa4640-da14-11e7-baa5-6c05089b026c', 'requestFeedback', '1', '1', '781ae280-a7b0-11e7-84a3-df9cb845b5b7', '2017-12-05 23:32:27', '2018-01-02 17:31:24', 'requestFeedback', '', 'b51b4bb0-827c-11e7-8a2c-f8cfbeb2ebca', '7f998df9-d3c4-11e7-b798-be71ab80135e'), ('8e637730-af05-11e7-a61a-b3ba252611db', 'dd131560-aef7-11e7-a6c5-62b41bc7c3a7', 'Inessa hasn\'t sold to expectations. What feedback have you received from your customers so far on why they aren\'t buying this style?', '8e60b810-af05-11e7-a213-dfc17f068620', 'requestFeedback', '0', '1', '781ae280-a7b0-11e7-84a3-df9cb845b5b7', '2017-10-12 04:26:45', '2018-01-02 17:31:24', 'requestFeedback', '', 'b51b4bb0-827c-11e7-8a2c-f8cfbeb2ebca', 'd506a65b-bf93-11e7-9902-475dac4b8503'), ('8e639e40-af05-11e7-82bb-38f205a4e1be', '3c1b26f0-ae18-11e7-a9d2-5af432a7c59f', 'Inessa hasn\'t sold to expectations. What feedback have you received from your customers so far on why they aren\'t buying this style?', '8e60b810-af05-11e7-a213-dfc17f068620', 'requestFeedback', '1', '1', '781ae280-a7b0-11e7-84a3-df9cb845b5b7', '2017-10-12 04:26:45', '2018-01-02 17:31:24', 'requestFeedback', '', 'b51b4bb0-827c-11e7-8a2c-f8cfbeb2ebca', 'd506a65b-bf93-11e7-9902-475dac4b8503'), ('8e639e41-af05-11e7-a5e8-4e469a851ae2', '1aec4030-a7b1-11e7-b5e3-718845c6cf2d', 'Inessa hasn\'t sold to expectations. What feedback have you received from your customers so far on why they aren\'t buying this style?', '8e60b810-af05-11e7-a213-dfc17f068620', 'requestFeedback', '0', '1', '781ae280-a7b0-11e7-84a3-df9cb845b5b7', '2017-10-12 04:26:45', '2018-01-02 17:31:24', 'requestFeedback', '', 'b51b4bb0-827c-11e7-8a2c-f8cfbeb2ebca', 'd506a65b-bf93-11e7-9902-475dac4b8503'), ('8e63c550-af05-11e7-b4df-5b931673a7be', '77a93f80-a7b1-11e7-977e-230c98391b6d', 'Inessa hasn\'t sold to expectations. What feedback have you received from your customers so far on why they aren\'t buying this style?', '8e60b810-af05-11e7-a213-dfc17f068620', 'requestFeedback', '0', '1', '781ae280-a7b0-11e7-84a3-df9cb845b5b7', '2017-10-12 04:26:45', '2018-01-02 17:31:24', 'requestFeedback', '', 'b51b4bb0-827c-11e7-8a2c-f8cfbeb2ebca', 'd506a65b-bf93-11e7-9902-475dac4b8503'), ('8e63ec60-af05-11e7-ac5f-de08cd54da67', 'cdd042b0-a7b0-11e7-a170-2b8569676d40', 'Inessa hasn\'t sold to expectations. What feedback have you received from your customers so far on why they aren\'t buying this style?', '8e60b810-af05-11e7-a213-dfc17f068620', 'requestFeedback', '1', '1', '781ae280-a7b0-11e7-84a3-df9cb845b5b7', '2017-10-12 04:26:45', '2018-01-02 17:31:24', 'requestFeedback', '', 'b51b4bb0-827c-11e7-8a2c-f8cfbeb2ebca', 'd506a65b-bf93-11e7-9902-475dac4b8503'), ('8e641370-af05-11e7-a1b9-e1af1aa15e39', '4a9a84e0-a7b1-11e7-ba59-8c3199dba632', 'Inessa hasn\'t sold to expectations. What feedback have you received from your customers so far on why they aren\'t buying this style?', '8e60b810-af05-11e7-a213-dfc17f068620', 'requestFeedback', '1', '1', '781ae280-a7b0-11e7-84a3-df9cb845b5b7', '2017-10-12 04:26:45', '2018-01-02 17:31:24', 'requestFeedback', '', 'b51b4bb0-827c-11e7-8a2c-f8cfbeb2ebca', 'd506a65b-bf93-11e7-9902-475dac4b8503'), ('98e66360-bd48-11e7-ad85-69d4108d1073', '77a93f80-a7b1-11e7-977e-230c98391b6d', '@Emma Riddle we have a new colour arriving early next year for you plus repeats of black and rose gold!', '569f0db0-afc2-11e7-9833-bec09257553d', 'commented', '0', '0', '781ae280-a7b0-11e7-84a3-df9cb845b5b7', '2017-10-30 08:01:55', '2017-10-30 08:01:55', 'suggestion', '98e3cb50-bd48-11e7-b446-17da789b20da', 'b51b4bb0-827c-11e7-8a2c-f8cfbeb2ebca', 'd505e300-bf93-11e7-85ae-6133ad9c83ad'), ('98e66361-bd48-11e7-af3e-8e52dbfd9256', '77a93f80-a7b1-11e7-977e-230c98391b6d', '@Emma Riddle we have a new colour arriving early next year for you plus repeats of black and rose gold!', '569f0db0-afc2-11e7-9833-bec09257553d', 'mentioned', '0', '0', '781ae280-a7b0-11e7-84a3-df9cb845b5b7', '2017-10-30 08:01:55', '2017-10-30 08:01:55', 'suggestion', '98e3cb50-bd48-11e7-b446-17da789b20da', 'b51b4bb0-827c-11e7-8a2c-f8cfbeb2ebca', 'd505e300-bf93-11e7-85ae-6133ad9c83ad'), ('9addbcf0-d3f9-11e7-85b1-a460dbe02a90', 'cdd042b0-a7b0-11e7-a170-2b8569676d40', '@Gloria Massey thank you for the feedback. Can you please send photos to mattb@hannah.co.nz when you have time?', 'edf30080-cb2a-11e7-839b-fd9d33945d34', 'commented', '1', '0', '781ae280-a7b0-11e7-84a3-df9cb845b5b7', '2017-11-28 05:04:25', '2017-11-28 05:04:25', 'feedback', '9adad6c0-d3f9-11e7-8c84-02b616a958a4', 'b51b4bb0-827c-11e7-8a2c-f8cfbeb2ebca', '096cd2b7-caa9-11e7-9597-542f1bb13dd5'), ('9adde400-d3f9-11e7-8f6b-e5c2fd833669', 'cdd042b0-a7b0-11e7-a170-2b8569676d40', '@Gloria Massey thank you for the feedback. Can you please send photos to mattb@hannah.co.nz when you have time?', 'edf30080-cb2a-11e7-839b-fd9d33945d34', 'mentioned', '1', '0', '781ae280-a7b0-11e7-84a3-df9cb845b5b7', '2017-11-28 05:04:25', '2017-11-28 05:04:25', 'feedback', '9adad6c0-d3f9-11e7-8c84-02b616a958a4', 'b51b4bb0-827c-11e7-8a2c-f8cfbeb2ebca', '096cd2b7-caa9-11e7-9597-542f1bb13dd5'), ('9ecef360-bd47-11e7-9734-a06f58cd8982', '1aec4030-a7b1-11e7-b5e3-718845c6cf2d', '@Kelly Clark and Susan thank you for the feedback!', '557c3650-b077-11e7-b5e7-9c03cbe1ca61', 'commented', '0', '0', '781ae280-a7b0-11e7-84a3-df9cb845b5b7', '2017-10-30 07:54:56', '2017-10-30 07:54:56', 'feedback', '9eccf790-bd47-11e7-8317-3dadd31ab5c6', 'b51b4bb0-827c-11e7-8a2c-f8cfbeb2ebca', 'd505e318-bf93-11e7-81a1-85be04866132'), ('9ed0ef30-bd47-11e7-9de8-3c7d166eeda6', '1aec4030-a7b1-11e7-b5e3-718845c6cf2d', '@Kelly Clark and Susan thank you for the feedback!', '557c3650-b077-11e7-b5e7-9c03cbe1ca61', 'mentioned', '0', '0', '781ae280-a7b0-11e7-84a3-df9cb845b5b7', '2017-10-30 07:54:56', '2017-10-30 07:54:56', 'feedback', '9eccf790-bd47-11e7-8317-3dadd31ab5c6', 'b51b4bb0-827c-11e7-8a2c-f8cfbeb2ebca', 'd505e318-bf93-11e7-81a1-85be04866132'), ('a2af8020-bdcf-11e7-b919-a67f68040b69', '781ae280-a7b0-11e7-84a3-df9cb845b5b7', '', '-1', 'responseForRequest', '1', '0', 'cdd042b0-a7b0-11e7-a170-2b8569676d40', '2017-10-31 00:08:34', '2017-10-31 00:08:34', 'feedback', '', 'b605b700-a7b0-11e7-bfdc-1de58ed01b98', 'd5093e77-bf93-11e7-bbe3-924f1172cc60'), ('a52428d0-d3f8-11e7-a84b-bd8275fc4436', 'cdd042b0-a7b0-11e7-a170-2b8569676d40', '@Brogan Daniels thank you for the photos.', '9ee33e70-bde6-11e7-b1eb-3e925dbc2251', 'commented', '1', '0', '781ae280-a7b0-11e7-84a3-df9cb845b5b7', '2017-11-28 04:57:33', '2017-11-28 04:57:33', 'feedback', 'a51f46d0-d3f8-11e7-8034-2f1d4d113157', 'b51b4bb0-827c-11e7-8a2c-f8cfbeb2ebca', 'd5087b23-bf93-11e7-bdb0-ca0dddbd3d48'), ('a5244fe0-d3f8-11e7-8d4f-0e163eda53ee', '3c1b26f0-ae18-11e7-a9d2-5af432a7c59f', '@Brogan Daniels thank you for the photos.', '9ee33e70-bde6-11e7-b1eb-3e925dbc2251', 'mentioned', '1', '0', '781ae280-a7b0-11e7-84a3-df9cb845b5b7', '2017-11-28 04:57:33', '2017-11-28 04:57:33', 'feedback', 'a51f46d0-d3f8-11e7-8034-2f1d4d113157', 'b51b4bb0-827c-11e7-8a2c-f8cfbeb2ebca', 'd5087b23-bf93-11e7-bdb0-ca0dddbd3d48'), ('a75827c0-ef3f-11e7-aba0-6202a7b926de', '3c1b26f0-ae18-11e7-a9d2-5af432a7c59f', '@Brogan Daniels thank you for the feedback. Are the metal parts rough on the underside or in the wrong position?', '9754f490-dedf-11e7-9ebd-3ab1aba5cf88', 'commented', '0', '0', '781ae280-a7b0-11e7-84a3-df9cb845b5b7', '2018-01-01 22:03:52', '2018-01-01 22:03:52', 'feedback', 'a755b6c0-ef3f-11e7-96c6-fd284f761266', 'b51b4bb0-827c-11e7-8a2c-f8cfbeb2ebca', '096dbd04-caa9-11e7-8f46-6b0695caab7e'), ('a7584ed0-ef3f-11e7-86f9-29ea3d02ae2d', '3c1b26f0-ae18-11e7-a9d2-5af432a7c59f', '@Brogan Daniels thank you for the feedback. Are the metal parts rough on the underside or in the wrong position?', '9754f490-dedf-11e7-9ebd-3ab1aba5cf88', 'mentioned', '0', '0', '781ae280-a7b0-11e7-84a3-df9cb845b5b7', '2018-01-01 22:03:52', '2018-01-01 22:03:52', 'feedback', 'a755b6c0-ef3f-11e7-96c6-fd284f761266', 'b51b4bb0-827c-11e7-8a2c-f8cfbeb2ebca', '096dbd04-caa9-11e7-8f46-6b0695caab7e'), ('acacca40-ef40-11e7-9beb-72845c718396', 'a80cab90-b3b3-11e7-ae05-cbc0f7bc352d', 'Bae has been massively popular since being introduced in December. What do customers love about this style?', 'aca920c0-ef40-11e7-80a8-219c235d8bef', 'requestFeedback', '0', '1', '781ae280-a7b0-11e7-84a3-df9cb845b5b7', '2018-01-01 22:11:11', '2018-01-05 17:33:09', 'requestFeedback', '', 'b51b4bb0-827c-11e7-8a2c-f8cfbeb2ebca', '841ec2f5-db29-11e7-9b33-c3ccdcf5b85c'), ('acacf150-ef40-11e7-88b2-40a005bf22b3', '90d05620-b3b3-11e7-9f4f-c2925417a9f6', 'Bae has been massively popular since being introduced in December. What do customers love about this style?', 'aca920c0-ef40-11e7-80a8-219c235d8bef', 'requestFeedback', '0', '1', '781ae280-a7b0-11e7-84a3-df9cb845b5b7', '2018-01-01 22:11:11', '2018-01-05 17:33:09', 'requestFeedback', '', 'b51b4bb0-827c-11e7-8a2c-f8cfbeb2ebca', '841ec2f5-db29-11e7-9b33-c3ccdcf5b85c'), ('acad1860-ef40-11e7-8be1-7935cb98557f', '4a9a84e0-a7b1-11e7-ba59-8c3199dba632', 'Bae has been massively popular since being introduced in December. What do customers love about this style?', 'aca920c0-ef40-11e7-80a8-219c235d8bef', 'requestFeedback', '0', '1', '781ae280-a7b0-11e7-84a3-df9cb845b5b7', '2018-01-01 22:11:11', '2018-01-05 17:33:09', 'requestFeedback', '', 'b51b4bb0-827c-11e7-8a2c-f8cfbeb2ebca', '841ec2f5-db29-11e7-9b33-c3ccdcf5b85c'), ('acad3f70-ef40-11e7-b97f-b2e3d0eabe9a', 'dd131560-aef7-11e7-a6c5-62b41bc7c3a7', 'Bae has been massively popular since being introduced in December. What do customers love about this style?', 'aca920c0-ef40-11e7-80a8-219c235d8bef', 'requestFeedback', '0', '1', '781ae280-a7b0-11e7-84a3-df9cb845b5b7', '2018-01-01 22:11:11', '2018-01-05 17:33:09', 'requestFeedback', '', 'b51b4bb0-827c-11e7-8a2c-f8cfbeb2ebca', '841ec2f5-db29-11e7-9b33-c3ccdcf5b85c'), ('acad6680-ef40-11e7-9804-fd71f18dc893', '3c1b26f0-ae18-11e7-a9d2-5af432a7c59f', 'Bae has been massively popular since being introduced in December. What do customers love about this style?', 'aca920c0-ef40-11e7-80a8-219c235d8bef', 'requestFeedback', '0', '1', '781ae280-a7b0-11e7-84a3-df9cb845b5b7', '2018-01-01 22:11:11', '2018-01-05 17:33:09', 'requestFeedback', '', 'b51b4bb0-827c-11e7-8a2c-f8cfbeb2ebca', '841ec2f5-db29-11e7-9b33-c3ccdcf5b85c'), ('acad8d90-ef40-11e7-aaed-027f1f5c40e2', '1aec4030-a7b1-11e7-b5e3-718845c6cf2d', 'Bae has been massively popular since being introduced in December. What do customers love about this style?', 'aca920c0-ef40-11e7-80a8-219c235d8bef', 'requestFeedback', '0', '1', '781ae280-a7b0-11e7-84a3-df9cb845b5b7', '2018-01-01 22:11:11', '2018-01-05 17:33:09', 'requestFeedback', '', 'b51b4bb0-827c-11e7-8a2c-f8cfbeb2ebca', '841ec2f5-db29-11e7-9b33-c3ccdcf5b85c'), ('acae50e0-ef40-11e7-a370-5a00a1c441d9', '77a93f80-a7b1-11e7-977e-230c98391b6d', 'Bae has been massively popular since being introduced in December. What do customers love about this style?', 'aca920c0-ef40-11e7-80a8-219c235d8bef', 'requestFeedback', '0', '1', '781ae280-a7b0-11e7-84a3-df9cb845b5b7', '2018-01-01 22:11:11', '2018-01-05 17:33:09', 'requestFeedback', '', 'b51b4bb0-827c-11e7-8a2c-f8cfbeb2ebca', '841ec2f5-db29-11e7-9b33-c3ccdcf5b85c'), ('acae50e1-ef40-11e7-adf4-01426b57d5b5', 'cdd042b0-a7b0-11e7-a170-2b8569676d40', 'Bae has been massively popular since being introduced in December. What do customers love about this style?', 'aca920c0-ef40-11e7-80a8-219c235d8bef', 'requestFeedback', '0', '1', '781ae280-a7b0-11e7-84a3-df9cb845b5b7', '2018-01-01 22:11:11', '2018-01-05 17:33:09', 'requestFeedback', '', 'b51b4bb0-827c-11e7-8a2c-f8cfbeb2ebca', '841ec2f5-db29-11e7-9b33-c3ccdcf5b85c'), ('b1eac3d0-bde6-11e7-a6b2-5e1afb80e9d3', '77a93f80-a7b1-11e7-977e-230c98391b6d', '', 'a08553c0-b374-11e7-ad63-336f3644c7d1', 'liked', '0', '0', 'cdd042b0-a7b0-11e7-a170-2b8569676d40', '2017-10-31 02:53:38', '2017-10-31 02:53:38', 'feedback', '', 'b605b700-a7b0-11e7-bfdc-1de58ed01b98', 'd5087b23-bf93-11e7-bdb0-ca0dddbd3d48'), ('b2840160-bd48-11e7-b658-d4b9230d29f6', '3c1b26f0-ae18-11e7-a9d2-5af432a7c59f', '@Brogan Daniels we are rapt with how TakeOn has sold so we have repeat orders on the way.', '23512e80-af8a-11e7-9b39-3d46b1a1a511', 'commented', '1', '0', '781ae280-a7b0-11e7-84a3-df9cb845b5b7', '2017-10-30 08:02:38', '2017-10-30 08:02:38', 'feedback', 'b2820590-bd48-11e7-9a44-97a93041d250', 'b51b4bb0-827c-11e7-8a2c-f8cfbeb2ebca', 'd5093e83-bf93-11e7-b3c4-cca1e5972267'), ('b2842870-bd48-11e7-a0ff-808be30b740a', '3c1b26f0-ae18-11e7-a9d2-5af432a7c59f', '@Brogan Daniels we are rapt with how TakeOn has sold so we have repeat orders on the way.', '23512e80-af8a-11e7-9b39-3d46b1a1a511', 'mentioned', '1', '0', '781ae280-a7b0-11e7-84a3-df9cb845b5b7', '2017-10-30 08:02:38', '2017-10-30 08:02:38', 'feedback', 'b2820590-bd48-11e7-9a44-97a93041d250', 'b51b4bb0-827c-11e7-8a2c-f8cfbeb2ebca', 'd5093e83-bf93-11e7-b3c4-cca1e5972267'), ('b6563480-bd47-11e7-9d14-f2424fd43502', '1aec4030-a7b1-11e7-b5e3-718845c6cf2d', '@Kelly Clark thank you for the feedback. We love the adjustability of this style too.', '557be830-b077-11e7-ad8c-48a88cfa997a', 'commented', '0', '0', '781ae280-a7b0-11e7-84a3-df9cb845b5b7', '2017-10-30 07:55:35', '2017-10-30 07:55:35', 'feedback', 'b6523ce0-bd47-11e7-a430-b24b814ff268', 'b51b4bb0-827c-11e7-8a2c-f8cfbeb2ebca', 'd505e318-bf93-11e7-81a1-85be04866132'), ('b6563481-bd47-11e7-b6ad-eb15ddcdd04a', '1aec4030-a7b1-11e7-b5e3-718845c6cf2d', '@Kelly Clark thank you for the feedback. We love the adjustability of this style too.', '557be830-b077-11e7-ad8c-48a88cfa997a', 'mentioned', '0', '0', '781ae280-a7b0-11e7-84a3-df9cb845b5b7', '2017-10-30 07:55:35', '2017-10-30 07:55:35', 'feedback', 'b6523ce0-bd47-11e7-a430-b24b814ff268', 'b51b4bb0-827c-11e7-8a2c-f8cfbeb2ebca', 'd505e318-bf93-11e7-81a1-85be04866132'), ('b866f830-af06-11e7-bdfc-77371ff6f197', 'dd131560-aef7-11e7-a6c5-62b41bc7c3a7', 'Hosier hasn\'t sold as strongly as last year\'s Hope. Please provide feedback on what your customers think of Hosier.', 'b864d550-af06-11e7-97c9-9463bfaf584d', 'requestFeedback', '0', '1', '781ae280-a7b0-11e7-84a3-df9cb845b5b7', '2017-10-12 04:35:05', '2018-01-02 17:31:24', 'requestFeedback', '', 'b51b4bb0-827c-11e7-8a2c-f8cfbeb2ebca', 'd5067f51-bf93-11e7-adf9-da251def88ca');
INSERT INTO `notifications` VALUES ('b8671f40-af06-11e7-93fb-abd1cfb3b0a0', '3c1b26f0-ae18-11e7-a9d2-5af432a7c59f', 'Hosier hasn\'t sold as strongly as last year\'s Hope. Please provide feedback on what your customers think of Hosier.', 'b864d550-af06-11e7-97c9-9463bfaf584d', 'requestFeedback', '1', '1', '781ae280-a7b0-11e7-84a3-df9cb845b5b7', '2017-10-12 04:35:05', '2018-01-02 17:31:24', 'requestFeedback', '', 'b51b4bb0-827c-11e7-8a2c-f8cfbeb2ebca', 'd5067f51-bf93-11e7-adf9-da251def88ca'), ('b8671f41-af06-11e7-a3df-58ebe184e852', '1aec4030-a7b1-11e7-b5e3-718845c6cf2d', 'Hosier hasn\'t sold as strongly as last year\'s Hope. Please provide feedback on what your customers think of Hosier.', 'b864d550-af06-11e7-97c9-9463bfaf584d', 'requestFeedback', '0', '1', '781ae280-a7b0-11e7-84a3-df9cb845b5b7', '2017-10-12 04:35:05', '2018-01-02 17:31:24', 'requestFeedback', '', 'b51b4bb0-827c-11e7-8a2c-f8cfbeb2ebca', 'd5067f51-bf93-11e7-adf9-da251def88ca'), ('b8674650-af06-11e7-8a35-4752a5bd9d57', '77a93f80-a7b1-11e7-977e-230c98391b6d', 'Hosier hasn\'t sold as strongly as last year\'s Hope. Please provide feedback on what your customers think of Hosier.', 'b864d550-af06-11e7-97c9-9463bfaf584d', 'requestFeedback', '0', '1', '781ae280-a7b0-11e7-84a3-df9cb845b5b7', '2017-10-12 04:35:05', '2018-01-02 17:31:24', 'requestFeedback', '', 'b51b4bb0-827c-11e7-8a2c-f8cfbeb2ebca', 'd5067f51-bf93-11e7-adf9-da251def88ca'), ('b8674651-af06-11e7-afa7-a32a1430e523', 'cdd042b0-a7b0-11e7-a170-2b8569676d40', 'Hosier hasn\'t sold as strongly as last year\'s Hope. Please provide feedback on what your customers think of Hosier.', 'b864d550-af06-11e7-97c9-9463bfaf584d', 'requestFeedback', '1', '1', '781ae280-a7b0-11e7-84a3-df9cb845b5b7', '2017-10-12 04:35:05', '2018-01-02 17:31:24', 'requestFeedback', '', 'b51b4bb0-827c-11e7-8a2c-f8cfbeb2ebca', 'd5067f51-bf93-11e7-adf9-da251def88ca'), ('b8679470-af06-11e7-bc6b-d207d8449657', '4a9a84e0-a7b1-11e7-ba59-8c3199dba632', 'Hosier hasn\'t sold as strongly as last year\'s Hope. Please provide feedback on what your customers think of Hosier.', 'b864d550-af06-11e7-97c9-9463bfaf584d', 'requestFeedback', '1', '1', '781ae280-a7b0-11e7-84a3-df9cb845b5b7', '2017-10-12 04:35:05', '2018-01-02 17:31:24', 'requestFeedback', '', 'b51b4bb0-827c-11e7-8a2c-f8cfbeb2ebca', 'd5067f51-bf93-11e7-adf9-da251def88ca'), ('bb5eebd0-bd46-11e7-867f-be3c9a066e71', '77a93f80-a7b1-11e7-977e-230c98391b6d', '@Emma Riddle thank you for the feedback. Perhaps suggest Scorpion where toe protection is required.', 'bf6491e0-ad69-11e7-9eb1-7bdc38456af8', 'commented', '0', '0', '781ae280-a7b0-11e7-84a3-df9cb845b5b7', '2017-10-30 07:48:34', '2017-10-30 07:48:34', 'feedback', 'bb5c2cb0-bd46-11e7-bbeb-a669631cb70e', 'b51b4bb0-827c-11e7-8a2c-f8cfbeb2ebca', 'd5087b24-bf93-11e7-b080-65ab6582d3d3'), ('bb5f39f0-bd46-11e7-9b39-35447c095ee8', '77a93f80-a7b1-11e7-977e-230c98391b6d', '@Emma Riddle thank you for the feedback. Perhaps suggest Scorpion where toe protection is required.', 'bf6491e0-ad69-11e7-9eb1-7bdc38456af8', 'mentioned', '0', '0', '781ae280-a7b0-11e7-84a3-df9cb845b5b7', '2017-10-30 07:48:34', '2017-10-30 07:48:34', 'feedback', 'bb5c2cb0-bd46-11e7-bbeb-a669631cb70e', 'b51b4bb0-827c-11e7-8a2c-f8cfbeb2ebca', 'd5087b24-bf93-11e7-b080-65ab6582d3d3'), ('bd0054e0-bd48-11e7-8041-0335a685f3bc', '4a9a84e0-a7b1-11e7-ba59-8c3199dba632', '@Glen Walls thank you for the feedback.', '9b15b090-b3b2-11e7-b5af-17fdf7a2da19', 'commented', '0', '0', '781ae280-a7b0-11e7-84a3-df9cb845b5b7', '2017-10-30 08:02:56', '2017-10-30 08:02:56', 'feedback', 'bcfea730-bd48-11e7-ae62-73b66cf89263', 'b51b4bb0-827c-11e7-8a2c-f8cfbeb2ebca', 'd506a65b-bf93-11e7-9902-475dac4b8503'), ('bd007bf0-bd48-11e7-aa36-32e06b89d3b7', '4a9a84e0-a7b1-11e7-ba59-8c3199dba632', '@Glen Walls thank you for the feedback.', '9b15b090-b3b2-11e7-b5af-17fdf7a2da19', 'mentioned', '0', '0', '781ae280-a7b0-11e7-84a3-df9cb845b5b7', '2017-10-30 08:02:56', '2017-10-30 08:02:56', 'feedback', 'bcfea730-bd48-11e7-ae62-73b66cf89263', 'b51b4bb0-827c-11e7-8a2c-f8cfbeb2ebca', 'd506a65b-bf93-11e7-9902-475dac4b8503'), ('cc835a00-be9e-11e7-8fed-b3e679da050f', 'cdd042b0-a7b0-11e7-a170-2b8569676d40', 'Not that we have noticed so far. Will keep you posted', '38fd5a90-bdce-11e7-a6e5-d7802019acb8', 'commented', '1', '0', '3c1b26f0-ae18-11e7-a9d2-5af432a7c59f', '2017-11-01 00:51:30', '2017-11-01 00:51:30', 'feedback', 'cc7aa770-be9e-11e7-ab2a-7e98d3317483', 'b605b700-a7b0-11e7-bfdc-1de58ed01b98', 'd505bc09-bf93-11e7-8296-c08d02294690'), ('cd0d9350-bdc7-11e7-9506-bda27290eb0e', '77a93f80-a7b1-11e7-977e-230c98391b6d', '', 'f64f98d0-afc1-11e7-9c2c-d3f625a8f999', 'liked', '0', '0', 'cdd042b0-a7b0-11e7-a170-2b8569676d40', '2017-10-30 23:12:29', '2017-10-30 23:12:29', 'feedback', '', 'b605b700-a7b0-11e7-bfdc-1de58ed01b98', 'd505e300-bf93-11e7-85ae-6133ad9c83ad'), ('d103ed80-bd48-11e7-a5ec-907571f60595', '4a9a84e0-a7b1-11e7-ba59-8c3199dba632', '@Glen Walls thank you for the feedback on the retail price.', '9b17fa80-b3b2-11e7-8d6e-1988feb9a522', 'commented', '0', '0', '781ae280-a7b0-11e7-84a3-df9cb845b5b7', '2017-10-30 08:03:30', '2017-10-30 08:03:30', 'suggestion', 'd1023fd0-bd48-11e7-9c19-bc5133b9866b', 'b51b4bb0-827c-11e7-8a2c-f8cfbeb2ebca', 'd506a65b-bf93-11e7-9902-475dac4b8503'), ('d1041490-bd48-11e7-9bd5-d370ed91f58f', '4a9a84e0-a7b1-11e7-ba59-8c3199dba632', '@Glen Walls thank you for the feedback on the retail price.', '9b17fa80-b3b2-11e7-8d6e-1988feb9a522', 'mentioned', '0', '0', '781ae280-a7b0-11e7-84a3-df9cb845b5b7', '2017-10-30 08:03:30', '2017-10-30 08:03:30', 'suggestion', 'd1023fd0-bd48-11e7-9c19-bc5133b9866b', 'b51b4bb0-827c-11e7-8a2c-f8cfbeb2ebca', 'd506a65b-bf93-11e7-9902-475dac4b8503'), ('d41800c0-bd47-11e7-afe5-640ad13cb1df', '77a93f80-a7b1-11e7-977e-230c98391b6d', '@Emma Riddle thank you for the feedback on the fit of this style.', '5e796aa0-ba8d-11e7-827f-5a2fb9b084bf', 'commented', '0', '0', '781ae280-a7b0-11e7-84a3-df9cb845b5b7', '2017-10-30 07:56:25', '2017-10-30 07:56:25', 'feedback', 'd41604f0-bd47-11e7-97b7-b2cb88b2c75d', 'b51b4bb0-827c-11e7-8a2c-f8cfbeb2ebca', 'd505bc09-bf93-11e7-8296-c08d02294690'), ('d41827d0-bd47-11e7-830e-d5c49d07691e', '77a93f80-a7b1-11e7-977e-230c98391b6d', '@Emma Riddle thank you for the feedback on the fit of this style.', '5e796aa0-ba8d-11e7-827f-5a2fb9b084bf', 'mentioned', '0', '0', '781ae280-a7b0-11e7-84a3-df9cb845b5b7', '2017-10-30 07:56:25', '2017-10-30 07:56:25', 'feedback', 'd41604f0-bd47-11e7-97b7-b2cb88b2c75d', 'b51b4bb0-827c-11e7-8a2c-f8cfbeb2ebca', 'd505bc09-bf93-11e7-8296-c08d02294690'), ('da75a460-af8a-11e7-9154-70d02cd56142', '781ae280-a7b0-11e7-84a3-df9cb845b5b7', '', '-1', 'responseForRequest', '1', '0', '3c1b26f0-ae18-11e7-a9d2-5af432a7c59f', '2017-10-12 20:20:56', '2017-10-12 20:20:56', 'feedback', '', 'b605b700-a7b0-11e7-bfdc-1de58ed01b98', 'd505e300-bf93-11e7-85ae-6133ad9c83ad'), ('dc0e8be0-be88-11e7-88ce-0078c0de1f2d', 'cdd042b0-a7b0-11e7-a170-2b8569676d40', '@Gloria Massey thank you very much for the information. Have you found any wrinkling on the socks once tried on?', '38fd5a90-bdce-11e7-a6e5-d7802019acb8', 'commented', '1', '0', '781ae280-a7b0-11e7-84a3-df9cb845b5b7', '2017-10-31 22:14:27', '2017-10-31 22:14:27', 'feedback', 'dc0c1ae0-be88-11e7-99f3-d947dabac5c8', 'b51b4bb0-827c-11e7-8a2c-f8cfbeb2ebca', 'd505bc09-bf93-11e7-8296-c08d02294690'), ('dc0eb2f0-be88-11e7-90b3-0772eba08254', 'cdd042b0-a7b0-11e7-a170-2b8569676d40', '@Gloria Massey thank you very much for the information. Have you found any wrinkling on the socks once tried on?', '38fd5a90-bdce-11e7-a6e5-d7802019acb8', 'mentioned', '1', '0', '781ae280-a7b0-11e7-84a3-df9cb845b5b7', '2017-10-31 22:14:27', '2017-10-31 22:14:27', 'feedback', 'dc0c1ae0-be88-11e7-99f3-d947dabac5c8', 'b51b4bb0-827c-11e7-8a2c-f8cfbeb2ebca', 'd505bc09-bf93-11e7-8296-c08d02294690'), ('ddd95b60-da14-11e7-9572-c8abb51111ae', 'a80cab90-b3b3-11e7-ae05-cbc0f7bc352d', 'Rilassato was massive last week! What are the reasons why customers are picking this style up?', 'ddd5b1e0-da14-11e7-b2db-66f0ecec2fe0', 'requestFeedback', '0', '1', '781ae280-a7b0-11e7-84a3-df9cb845b5b7', '2017-12-05 23:34:41', '2018-01-02 17:31:24', 'requestFeedback', '', 'b51b4bb0-827c-11e7-8a2c-f8cfbeb2ebca', '7f9a518d-d3c4-11e7-b9da-03140f98b92c'), ('ddd98270-da14-11e7-9a2c-0d571ce879a5', '90d05620-b3b3-11e7-9f4f-c2925417a9f6', 'Rilassato was massive last week! What are the reasons why customers are picking this style up?', 'ddd5b1e0-da14-11e7-b2db-66f0ecec2fe0', 'requestFeedback', '0', '1', '781ae280-a7b0-11e7-84a3-df9cb845b5b7', '2017-12-05 23:34:41', '2018-01-02 17:31:24', 'requestFeedback', '', 'b51b4bb0-827c-11e7-8a2c-f8cfbeb2ebca', '7f9a518d-d3c4-11e7-b9da-03140f98b92c'), ('ddd9a980-da14-11e7-b0e5-c37bc50db700', '4a9a84e0-a7b1-11e7-ba59-8c3199dba632', 'Rilassato was massive last week! What are the reasons why customers are picking this style up?', 'ddd5b1e0-da14-11e7-b2db-66f0ecec2fe0', 'requestFeedback', '0', '1', '781ae280-a7b0-11e7-84a3-df9cb845b5b7', '2017-12-05 23:34:41', '2018-01-02 17:31:24', 'requestFeedback', '', 'b51b4bb0-827c-11e7-8a2c-f8cfbeb2ebca', '7f9a518d-d3c4-11e7-b9da-03140f98b92c'), ('ddd9d090-da14-11e7-9302-d8a5d8082219', 'dd131560-aef7-11e7-a6c5-62b41bc7c3a7', 'Rilassato was massive last week! What are the reasons why customers are picking this style up?', 'ddd5b1e0-da14-11e7-b2db-66f0ecec2fe0', 'requestFeedback', '0', '1', '781ae280-a7b0-11e7-84a3-df9cb845b5b7', '2017-12-05 23:34:41', '2018-01-02 17:31:24', 'requestFeedback', '', 'b51b4bb0-827c-11e7-8a2c-f8cfbeb2ebca', '7f9a518d-d3c4-11e7-b9da-03140f98b92c'), ('ddd9d091-da14-11e7-8631-f3bca9ee4d0b', '3c1b26f0-ae18-11e7-a9d2-5af432a7c59f', 'Rilassato was massive last week! What are the reasons why customers are picking this style up?', 'ddd5b1e0-da14-11e7-b2db-66f0ecec2fe0', 'requestFeedback', '1', '1', '781ae280-a7b0-11e7-84a3-df9cb845b5b7', '2017-12-05 23:34:41', '2018-01-02 17:31:24', 'requestFeedback', '', 'b51b4bb0-827c-11e7-8a2c-f8cfbeb2ebca', '7f9a518d-d3c4-11e7-b9da-03140f98b92c'), ('ddda1eb0-da14-11e7-86c1-e75e7fb9b569', '1aec4030-a7b1-11e7-b5e3-718845c6cf2d', 'Rilassato was massive last week! What are the reasons why customers are picking this style up?', 'ddd5b1e0-da14-11e7-b2db-66f0ecec2fe0', 'requestFeedback', '0', '1', '781ae280-a7b0-11e7-84a3-df9cb845b5b7', '2017-12-05 23:34:41', '2018-01-02 17:31:24', 'requestFeedback', '', 'b51b4bb0-827c-11e7-8a2c-f8cfbeb2ebca', '7f9a518d-d3c4-11e7-b9da-03140f98b92c'), ('dddb3020-da14-11e7-94b2-44bbad989d5d', '77a93f80-a7b1-11e7-977e-230c98391b6d', 'Rilassato was massive last week! What are the reasons why customers are picking this style up?', 'ddd5b1e0-da14-11e7-b2db-66f0ecec2fe0', 'requestFeedback', '0', '1', '781ae280-a7b0-11e7-84a3-df9cb845b5b7', '2017-12-05 23:34:41', '2018-01-02 17:31:24', 'requestFeedback', '', 'b51b4bb0-827c-11e7-8a2c-f8cfbeb2ebca', '7f9a518d-d3c4-11e7-b9da-03140f98b92c'), ('dddb5730-da14-11e7-908e-220eb8f8714a', 'cdd042b0-a7b0-11e7-a170-2b8569676d40', 'Rilassato was massive last week! What are the reasons why customers are picking this style up?', 'ddd5b1e0-da14-11e7-b2db-66f0ecec2fe0', 'requestFeedback', '1', '1', '781ae280-a7b0-11e7-84a3-df9cb845b5b7', '2017-12-05 23:34:41', '2018-01-02 17:31:24', 'requestFeedback', '', 'b51b4bb0-827c-11e7-8a2c-f8cfbeb2ebca', '7f9a518d-d3c4-11e7-b9da-03140f98b92c'), ('df4a84e0-bd47-11e7-9c6a-f818d4a388d9', '77a93f80-a7b1-11e7-977e-230c98391b6d', '@Emma Riddle thank you for the suggestion!', '97dbf4b0-ba89-11e7-b473-6ada0aec843c', 'commented', '0', '0', '781ae280-a7b0-11e7-84a3-df9cb845b5b7', '2017-10-30 07:56:44', '2017-10-30 07:56:44', 'suggestion', 'df4813e0-bd47-11e7-b50b-50695214c295', 'b51b4bb0-827c-11e7-8a2c-f8cfbeb2ebca', 'd507429b-bf93-11e7-8e49-e6c2150b197e'), ('df4aabf0-bd47-11e7-8659-704616d9f774', '77a93f80-a7b1-11e7-977e-230c98391b6d', '@Emma Riddle thank you for the suggestion!', '97dbf4b0-ba89-11e7-b473-6ada0aec843c', 'mentioned', '0', '0', '781ae280-a7b0-11e7-84a3-df9cb845b5b7', '2017-10-30 07:56:44', '2017-10-30 07:56:44', 'suggestion', 'df4813e0-bd47-11e7-b50b-50695214c295', 'b51b4bb0-827c-11e7-8a2c-f8cfbeb2ebca', 'd507429b-bf93-11e7-8e49-e6c2150b197e'), ('e07679e0-be88-11e7-bd0b-2e4c75f086f9', 'cdd042b0-a7b0-11e7-a170-2b8569676d40', '@Gloria Massey thank you very much for the information. Have you found any wrinkling on the socks once tried on?', '69d9bf00-bdce-11e7-8151-caa5f3fa406d', 'commented', '1', '0', '781ae280-a7b0-11e7-84a3-df9cb845b5b7', '2017-10-31 22:14:34', '2017-10-31 22:14:34', 'feedback', 'e0742ff0-be88-11e7-8dfd-071d3b5f6ad4', 'b51b4bb0-827c-11e7-8a2c-f8cfbeb2ebca', 'd505bc09-bf93-11e7-8296-c08d02294690'), ('e076a0f0-be88-11e7-b69a-afd1752b989f', 'cdd042b0-a7b0-11e7-a170-2b8569676d40', '@Gloria Massey thank you very much for the information. Have you found any wrinkling on the socks once tried on?', '69d9bf00-bdce-11e7-8151-caa5f3fa406d', 'mentioned', '1', '0', '781ae280-a7b0-11e7-84a3-df9cb845b5b7', '2017-10-31 22:14:34', '2017-10-31 22:14:34', 'feedback', 'e0742ff0-be88-11e7-8dfd-071d3b5f6ad4', 'b51b4bb0-827c-11e7-8a2c-f8cfbeb2ebca', 'd505bc09-bf93-11e7-8296-c08d02294690'), ('e4f16610-bd48-11e7-9979-d78671c0735a', '67b730e0-af9b-11e7-ad47-fef517d8c135', '@Tony Burke thank you for the feedback. Have you seen many pairs with this issue to date?', 'bae6fde0-b39c-11e7-a023-ac22cedb8349', 'commented', '0', '0', '781ae280-a7b0-11e7-84a3-df9cb845b5b7', '2017-10-30 08:04:03', '2017-10-30 08:04:03', 'feedback', 'e4ef9150-bd48-11e7-8dbc-88ec6ec8c25c', 'b51b4bb0-827c-11e7-8a2c-f8cfbeb2ebca', 'd508c95c-bf93-11e7-9984-aa0944bdf6da'), ('e4f18d20-bd48-11e7-b6ec-ba7007575ffb', '67b730e0-af9b-11e7-ad47-fef517d8c135', '@Tony Burke thank you for the feedback. Have you seen many pairs with this issue to date?', 'bae6fde0-b39c-11e7-a023-ac22cedb8349', 'mentioned', '0', '0', '781ae280-a7b0-11e7-84a3-df9cb845b5b7', '2017-10-30 08:04:03', '2017-10-30 08:04:03', 'feedback', 'e4ef9150-bd48-11e7-8dbc-88ec6ec8c25c', 'b51b4bb0-827c-11e7-8a2c-f8cfbeb2ebca', 'd508c95c-bf93-11e7-9984-aa0944bdf6da'), ('e7819b60-bf4c-11e7-9dd9-cb97d660b5d3', 'cdd042b0-a7b0-11e7-a170-2b8569676d40', '@Brogan Daniels  Thank you', '38fd5a90-bdce-11e7-a6e5-d7802019acb8', 'commented', '1', '0', '781ae280-a7b0-11e7-84a3-df9cb845b5b7', '2017-11-01 21:37:48', '2017-11-01 21:37:48', 'feedback', 'e77f7880-bf4c-11e7-a1cb-c324e552f69e', 'b51b4bb0-827c-11e7-8a2c-f8cfbeb2ebca', 'd505bc09-bf93-11e7-8296-c08d02294690'), ('e781e980-bf4c-11e7-9f44-358d4b1ef3a4', '3c1b26f0-ae18-11e7-a9d2-5af432a7c59f', '@Brogan Daniels  Thank you', '38fd5a90-bdce-11e7-a6e5-d7802019acb8', 'mentioned', '1', '0', '781ae280-a7b0-11e7-84a3-df9cb845b5b7', '2017-11-01 21:37:48', '2017-11-01 21:37:48', 'feedback', 'e77f7880-bf4c-11e7-a1cb-c324e552f69e', 'b51b4bb0-827c-11e7-8a2c-f8cfbeb2ebca', 'd505bc09-bf93-11e7-8296-c08d02294690'), ('f57c1aa0-d3fc-11e7-9105-1fc3e13d8994', '77a93f80-a7b1-11e7-977e-230c98391b6d', '@Brogan Daniels  @Emma Riddle has there been any of the same feedback for Halia and Helene?', 'b7e58340-c009-11e7-ad8e-22507103705f', 'commented', '0', '0', '781ae280-a7b0-11e7-84a3-df9cb845b5b7', '2017-11-28 05:28:26', '2017-11-28 05:28:26', 'feedback', 'f57a6cf0-d3fc-11e7-b8f9-6fc8e23297cc', 'b51b4bb0-827c-11e7-8a2c-f8cfbeb2ebca', 'd5065842-bf93-11e7-a4c4-6c45f3f2540f'), ('f57d0500-d3fc-11e7-a875-b924d5c02fcd', '3c1b26f0-ae18-11e7-a9d2-5af432a7c59f', '@Brogan Daniels  @Emma Riddle has there been any of the same feedback for Halia and Helene?', 'b7e58340-c009-11e7-ad8e-22507103705f', 'mentioned', '1', '0', '781ae280-a7b0-11e7-84a3-df9cb845b5b7', '2017-11-28 05:28:26', '2017-11-28 05:28:26', 'feedback', 'f57a6cf0-d3fc-11e7-b8f9-6fc8e23297cc', 'b51b4bb0-827c-11e7-8a2c-f8cfbeb2ebca', 'd5065842-bf93-11e7-a4c4-6c45f3f2540f'), ('f57d2c10-d3fc-11e7-b900-ffe7d6ae5f93', '77a93f80-a7b1-11e7-977e-230c98391b6d', '@Brogan Daniels  @Emma Riddle has there been any of the same feedback for Halia and Helene?', 'b7e58340-c009-11e7-ad8e-22507103705f', 'mentioned', '0', '0', '781ae280-a7b0-11e7-84a3-df9cb845b5b7', '2017-11-28 05:28:26', '2017-11-28 05:28:26', 'feedback', 'f57a6cf0-d3fc-11e7-b8f9-6fc8e23297cc', 'b51b4bb0-827c-11e7-8a2c-f8cfbeb2ebca', 'd5065842-bf93-11e7-a4c4-6c45f3f2540f'), ('f9143320-bdcf-11e7-9b85-f9d610a68822', '781ae280-a7b0-11e7-84a3-df9cb845b5b7', '', '-1', 'responseForRequest', '1', '0', 'cdd042b0-a7b0-11e7-a170-2b8569676d40', '2017-10-31 00:10:59', '2017-10-31 00:10:59', 'feedback', '', 'b605b700-a7b0-11e7-bfdc-1de58ed01b98', 'd508c93c-bf93-11e7-9435-ed8ec364887b'), ('f9784bf0-af04-11e7-990c-0a1e83d8a0fe', 'dd131560-aef7-11e7-a6c5-62b41bc7c3a7', 'Elouise has been hugely popular with our customers. What are they loving about this street style?', 'f975b3e0-af04-11e7-9481-5d6ce2b168f4', 'requestFeedback', '0', '1', '781ae280-a7b0-11e7-84a3-df9cb845b5b7', '2017-10-12 04:22:35', '2018-01-02 17:31:24', 'requestFeedback', '', 'b51b4bb0-827c-11e7-8a2c-f8cfbeb2ebca', 'd505e300-bf93-11e7-85ae-6133ad9c83ad'), ('f9789a10-af04-11e7-97be-3ebb12fdea8a', '3c1b26f0-ae18-11e7-a9d2-5af432a7c59f', 'Elouise has been hugely popular with our customers. What are they loving about this street style?', 'f975b3e0-af04-11e7-9481-5d6ce2b168f4', 'requestFeedback', '1', '1', '781ae280-a7b0-11e7-84a3-df9cb845b5b7', '2017-10-12 04:22:35', '2018-01-02 17:31:24', 'requestFeedback', '', 'b51b4bb0-827c-11e7-8a2c-f8cfbeb2ebca', 'd505e300-bf93-11e7-85ae-6133ad9c83ad'), ('f978c120-af04-11e7-a9f6-f6e4c49b50c5', '1aec4030-a7b1-11e7-b5e3-718845c6cf2d', 'Elouise has been hugely popular with our customers. What are they loving about this street style?', 'f975b3e0-af04-11e7-9481-5d6ce2b168f4', 'requestFeedback', '0', '1', '781ae280-a7b0-11e7-84a3-df9cb845b5b7', '2017-10-12 04:22:35', '2018-01-02 17:31:24', 'requestFeedback', '', 'b51b4bb0-827c-11e7-8a2c-f8cfbeb2ebca', 'd505e300-bf93-11e7-85ae-6133ad9c83ad'), ('f978e830-af04-11e7-85de-5d40cf91879e', '77a93f80-a7b1-11e7-977e-230c98391b6d', 'Elouise has been hugely popular with our customers. What are they loving about this street style?', 'f975b3e0-af04-11e7-9481-5d6ce2b168f4', 'requestFeedback', '0', '1', '781ae280-a7b0-11e7-84a3-df9cb845b5b7', '2017-10-12 04:22:35', '2018-01-02 17:31:24', 'requestFeedback', '', 'b51b4bb0-827c-11e7-8a2c-f8cfbeb2ebca', 'd505e300-bf93-11e7-85ae-6133ad9c83ad'), ('f9790f40-af04-11e7-b62a-f15367216f21', 'cdd042b0-a7b0-11e7-a170-2b8569676d40', 'Elouise has been hugely popular with our customers. What are they loving about this street style?', 'f975b3e0-af04-11e7-9481-5d6ce2b168f4', 'requestFeedback', '1', '1', '781ae280-a7b0-11e7-84a3-df9cb845b5b7', '2017-10-12 04:22:35', '2018-01-02 17:31:24', 'requestFeedback', '', 'b51b4bb0-827c-11e7-8a2c-f8cfbeb2ebca', 'd505e300-bf93-11e7-85ae-6133ad9c83ad'), ('f9790f41-af04-11e7-abff-bedd12b5ba3a', '4a9a84e0-a7b1-11e7-ba59-8c3199dba632', 'Elouise has been hugely popular with our customers. What are they loving about this street style?', 'f975b3e0-af04-11e7-9481-5d6ce2b168f4', 'requestFeedback', '1', '1', '781ae280-a7b0-11e7-84a3-df9cb845b5b7', '2017-10-12 04:22:35', '2018-01-02 17:31:24', 'requestFeedback', '', 'b51b4bb0-827c-11e7-8a2c-f8cfbeb2ebca', 'd505e300-bf93-11e7-85ae-6133ad9c83ad'), ('fc848380-bd47-11e7-8f37-1100bfc557eb', '77a93f80-a7b1-11e7-977e-230c98391b6d', '@Emma Riddle thank you for the feedback. Live-Laser is the best selling style on the Live construction currently.', '3a96dcd0-ba8d-11e7-8700-b14afe6100f7', 'commented', '0', '0', '781ae280-a7b0-11e7-84a3-df9cb845b5b7', '2017-10-30 07:57:33', '2017-10-30 07:57:33', 'feedback', 'fc814f30-bd47-11e7-9a17-877858323958', 'b51b4bb0-827c-11e7-8a2c-f8cfbeb2ebca', 'd507429b-bf93-11e7-8e49-e6c2150b197e'), ('fc84aa90-bd47-11e7-9c9d-0ef212523159', '77a93f80-a7b1-11e7-977e-230c98391b6d', '@Emma Riddle thank you for the feedback. Live-Laser is the best selling style on the Live construction currently.', '3a96dcd0-ba8d-11e7-8700-b14afe6100f7', 'mentioned', '0', '0', '781ae280-a7b0-11e7-84a3-df9cb845b5b7', '2017-10-30 07:57:33', '2017-10-30 07:57:33', 'feedback', 'fc814f30-bd47-11e7-9a17-877858323958', 'b51b4bb0-827c-11e7-8a2c-f8cfbeb2ebca', 'd507429b-bf93-11e7-8e49-e6c2150b197e'), ('ff728310-bd44-11e7-926b-d4387ea3baf1', 'a80cab90-b3b3-11e7-ae05-cbc0f7bc352d', 'Hi Team', 'ff6fc3f0-bd44-11e7-824f-f8942d176945', 'requestFeedback', '0', '1', '781ae280-a7b0-11e7-84a3-df9cb845b5b7', '2017-10-30 07:36:09', '2017-10-30 07:36:09', 'requestFeedback', '', 'b51b4bb0-827c-11e7-8a2c-f8cfbeb2ebca', 'XBL4728-XLL4728-XTL4728'), ('ff728311-bd44-11e7-941e-4d95cb322da7', '90d05620-b3b3-11e7-9f4f-c2925417a9f6', 'Hi Team', 'ff6fc3f0-bd44-11e7-824f-f8942d176945', 'requestFeedback', '0', '1', '781ae280-a7b0-11e7-84a3-df9cb845b5b7', '2017-10-30 07:36:09', '2017-10-30 07:36:09', 'requestFeedback', '', 'b51b4bb0-827c-11e7-8a2c-f8cfbeb2ebca', 'XBL4728-XLL4728-XTL4728'), ('ff72aa20-bd44-11e7-b63d-6ea27619ec6a', '4a9a84e0-a7b1-11e7-ba59-8c3199dba632', 'Hi Team', 'ff6fc3f0-bd44-11e7-824f-f8942d176945', 'requestFeedback', '0', '1', '781ae280-a7b0-11e7-84a3-df9cb845b5b7', '2017-10-30 07:36:09', '2017-10-30 07:36:09', 'requestFeedback', '', 'b51b4bb0-827c-11e7-8a2c-f8cfbeb2ebca', 'XBL4728-XLL4728-XTL4728'), ('ff72d130-bd44-11e7-9315-cbc0c3243891', 'dd131560-aef7-11e7-a6c5-62b41bc7c3a7', 'Hi Team', 'ff6fc3f0-bd44-11e7-824f-f8942d176945', 'requestFeedback', '0', '1', '781ae280-a7b0-11e7-84a3-df9cb845b5b7', '2017-10-30 07:36:09', '2017-10-30 07:36:09', 'requestFeedback', '', 'b51b4bb0-827c-11e7-8a2c-f8cfbeb2ebca', 'XBL4728-XLL4728-XTL4728'), ('ff72f840-bd44-11e7-9e27-ed33cea0b500', '3c1b26f0-ae18-11e7-a9d2-5af432a7c59f', 'Hi Team', 'ff6fc3f0-bd44-11e7-824f-f8942d176945', 'requestFeedback', '0', '1', '781ae280-a7b0-11e7-84a3-df9cb845b5b7', '2017-10-30 07:36:09', '2017-10-30 07:36:09', 'requestFeedback', '', 'b51b4bb0-827c-11e7-8a2c-f8cfbeb2ebca', 'XBL4728-XLL4728-XTL4728'), ('ff72f841-bd44-11e7-9b0b-672a8bec189d', '1aec4030-a7b1-11e7-b5e3-718845c6cf2d', 'Hi Team', 'ff6fc3f0-bd44-11e7-824f-f8942d176945', 'requestFeedback', '0', '1', '781ae280-a7b0-11e7-84a3-df9cb845b5b7', '2017-10-30 07:36:09', '2017-10-30 07:36:09', 'requestFeedback', '', 'b51b4bb0-827c-11e7-8a2c-f8cfbeb2ebca', 'XBL4728-XLL4728-XTL4728'), ('ff731f50-bd44-11e7-9dbb-a5b45ea7aeb4', '77a93f80-a7b1-11e7-977e-230c98391b6d', 'Hi Team', 'ff6fc3f0-bd44-11e7-824f-f8942d176945', 'requestFeedback', '0', '1', '781ae280-a7b0-11e7-84a3-df9cb845b5b7', '2017-10-30 07:36:09', '2017-10-30 07:36:09', 'requestFeedback', '', 'b51b4bb0-827c-11e7-8a2c-f8cfbeb2ebca', 'XBL4728-XLL4728-XTL4728'), ('ff731f51-bd44-11e7-987f-769a8ece83ac', 'cdd042b0-a7b0-11e7-a170-2b8569676d40', 'Hi Team', 'ff6fc3f0-bd44-11e7-824f-f8942d176945', 'requestFeedback', '0', '1', '781ae280-a7b0-11e7-84a3-df9cb845b5b7', '2017-10-30 07:36:09', '2017-10-30 07:36:09', 'requestFeedback', '', 'b51b4bb0-827c-11e7-8a2c-f8cfbeb2ebca', 'XBL4728-XLL4728-XTL4728');
COMMIT;

-- ----------------------------
--  Table structure for `organizations`
-- ----------------------------
DROP TABLE IF EXISTS `organizations`;
CREATE TABLE `organizations` (
  `id` char(36) CHARACTER SET utf8 COLLATE utf8_bin NOT NULL,
  `domain` varchar(255) NOT NULL,
  `parentId` varchar(36) DEFAULT NULL,
  `productUrlPrefix` varchar(500) NOT NULL,
  `productSearchIndex` varchar(200) NOT NULL,
  `deleted` tinyint(1) NOT NULL DEFAULT '0',
  `creatorId` varchar(255) DEFAULT NULL,
  `createdAt` datetime NOT NULL,
  `updatedAt` datetime NOT NULL,
  `expansion` varchar(1000) DEFAULT NULL,
  `active` tinyint(4) NOT NULL,
  `name` varchar(100) NOT NULL,
  PRIMARY KEY (`id`)
) ENGINE=InnoDB DEFAULT CHARSET=utf8 ROW_FORMAT=DYNAMIC;

-- ----------------------------
--  Records of `organizations`
-- ----------------------------
BEGIN;
INSERT INTO `organizations` VALUES ('4d49e6de-3289-11e6-93c3-0242ac110002', 'hannahs.seekstock.nz', '', '', 'hannahs_index', '0', '', '2016-06-14 23:39:56', '2017-03-31 04:57:19', '{\"type\":\"vend\",\"id\":\"0adfd74a-15df-11e7-f182-15ce848185c4\",\"retailer_id\":\"0adfd74a-1555-11e7-f182-0a921c1a4476\",\"user_id\":\"0adfd74a-15df-11e7-f182-0d11f2dac435\",\"domain_prefix\":\"seekstock\",\"access_token\":\"KWDZNSo67g4xBSF3mga7a:D88DDMhWHkC3O7vUjQ\",\"refresh_token\":\"qYI6j7xckavWEzEhldZ4jHsS0Wmw2EEiFgokyIkd\",\"token_type\":\"Bearer\"}', '1', 'hannahs');
COMMIT;

-- ----------------------------
--  Table structure for `principals`
-- ----------------------------
DROP TABLE IF EXISTS `principals`;
CREATE TABLE `principals` (
  `id` varchar(36) NOT NULL,
  `username` varchar(255) NOT NULL,
  `passwordHash` varchar(255) NOT NULL,
  `creatorId` varchar(36) DEFAULT NULL,
  `createdAt` datetime NOT NULL,
  `updatedAt` datetime NOT NULL,
  `active` tinyint(1) DEFAULT NULL,
  `deleted` tinyint(1) NOT NULL,
  `type` varchar(36) DEFAULT NULL,
  `organizationId` varchar(36) DEFAULT NULL,
  `spotId` varchar(36) NOT NULL,
  PRIMARY KEY (`id`)
) ENGINE=InnoDB DEFAULT CHARSET=utf8mb4 ROW_FORMAT=DYNAMIC;

-- ----------------------------
--  Records of `principals`
-- ----------------------------
BEGIN;
INSERT INTO `principals` VALUES ('13812450-a7b1-11e7-b380-540d05cef8ce', 'br018@hannahs.co.nz', '$2a$05$rPz6a8/ZwFySJvW1L.FmqOwvQynIkxLc/456Aj2gYjyXZ0ptOz.Ha', '6a68be00-a242-11e7-aaf6-2138df18fff3', '2017-10-02 20:34:23', '2018-01-26 03:10:51', '0', '0', 'store', '4d49e6de-3289-11e6-93c3-0242ac110002', '138baba0-a7b1-11e7-92a2-d68357f176b7'), ('432a5ff0-a7b1-11e7-ab2d-5de20f6bba83', 'br345@hannahs.co.nz', '$2a$05$sP2yk0JoPXM8baVqL5yOx.X4nhXaxhzjIw5JpY7WdelTyNSdrOAja', '6a68be00-a242-11e7-aaf6-2138df18fff3', '2017-10-02 20:35:43', '2018-01-26 03:10:53', '0', '0', 'store', '4d49e6de-3289-11e6-93c3-0242ac110002', '4335aa90-a7b1-11e7-bbc0-0b8b6ce88523'), ('606a7270-af9b-11e7-b6a1-460554a00eb0', 'peterr@hannahs.co.nz', '$2a$05$z4mb/PH0V5a9Nz2x2pF2Xe4UCFjjUagkFJ2pKDjti2xWJvodnCzmq', '6a68be00-a242-11e7-aaf6-2138df18fff3', '2017-10-12 22:19:13', '2018-01-26 03:11:18', '0', '0', 'manager', '4d49e6de-3289-11e6-93c3-0242ac110002', '6075bd10-af9b-11e7-8114-089da08b7dbb'), ('67abbf30-af9b-11e7-8ace-9c49ff6fd275', 'tonyb@hannahs.co.nz', '$2a$05$kWekkDBaaCNhC7NyyQBGyepqYI4.9k.eXyvXfa94RWfYwXlSwiR.m', '6a68be00-a242-11e7-aaf6-2138df18fff3', '2017-10-12 22:19:25', '2018-01-26 03:11:20', '0', '0', 'manager', '4d49e6de-3289-11e6-93c3-0242ac110002', '67b730e0-af9b-11e7-ad47-fef517d8c135'), ('693e1b10-a7b0-11e7-b9a5-3a8d5d847946', 'roslynr@hannahs.co.nz', '$2a$05$XOWoIzep4z7a0TnaTox1beu/XA0kDMNLgVewfp0StK78upIZRt9om', '6a68be00-a242-11e7-aaf6-2138df18fff3', '2017-10-02 20:29:37', '2018-01-26 03:11:25', '0', '0', 'manager', '4d49e6de-3289-11e6-93c3-0242ac110002', '694bafa0-a7b0-11e7-b1fe-6eac1f83c682'), ('6a5cb010-a242-11e7-a966-0140f38a921e', 'lfrancis@hannahs.co.nz', '$2a$05$U0wzn5lop3OxagWrMAXPBOE55KJCT8q56k2k8BT/5PbPXVb56ROAa', '9d7e7d00-6770-11e7-8064-f38bf4767f4b', '2017-09-25 22:39:39', '2018-04-03 05:29:32', '1', '0', 'manager', '4d49e6de-3289-11e6-93c3-0242ac110002', '6a68be00-a242-11e7-aaf6-2138df18fff3'), ('72154e00-af9b-11e7-abe1-b37ccc87ce11', 'christopherb@hannahs.co.nz', '$2a$05$PriA5WJXvhqbCd69Q1bsY.P5OfLCSgOJyWRokBYZmJ2BGkInjWNti', '6a68be00-a242-11e7-aaf6-2138df18fff3', '2017-10-12 22:19:42', '2018-01-26 03:11:16', '0', '0', 'manager', '4d49e6de-3289-11e6-93c3-0242ac110002', '722098a0-af9b-11e7-88ef-c2a02de18d69'), ('72657070-a7b1-11e7-9f03-e40d59ef14dd', 'br395@hannahs.co.nz', '$2a$05$zd5tievkMMQvZyGoRW8EOO.U3yKF4AUesghqWwCUH5G.UsdraXgGK', '6a68be00-a242-11e7-aaf6-2138df18fff3', '2017-10-02 20:37:02', '2018-01-26 03:10:50', '0', '0', 'store', '4d49e6de-3289-11e6-93c3-0242ac110002', '726fd0b0-a7b1-11e7-84bd-e6e501726d4e'), ('780f22b0-a7b0-11e7-bd54-0e7ef794dbd8', 'mattb@hannahs.co.nz', '$2a$05$Tgfl1PIgTKY.I5Ysiqefn.NrBbVyVrVUDI8B5L8paLnudSJ4lwFwa', '6a68be00-a242-11e7-aaf6-2138df18fff3', '2017-10-02 20:30:02', '2018-01-26 03:11:32', '0', '0', 'manager', '4d49e6de-3289-11e6-93c3-0242ac110002', '781ae280-a7b0-11e7-84a3-df9cb845b5b7'), ('7acd8350-af9b-11e7-a841-2fe8be7de5af', 'trishh@hannahs.co.nz', '$2a$05$wimZs.U69i3Wj4Sfmu.JhemjUTx6B7qEJSqBTwDpCerUjXFIOAorC', '6a68be00-a242-11e7-aaf6-2138df18fff3', '2017-10-12 22:19:57', '2018-01-26 03:11:12', '0', '0', 'manager', '4d49e6de-3289-11e6-93c3-0242ac110002', '7ad80aa0-af9b-11e7-b3ed-f3628911276c'), ('86a94170-a242-11e7-b7c7-81bb51f2b504', 'danielf@hannahs.co.nz', '$2a$05$Dsye.RkTndpDW/3ehBgIh.OhEJtZ0arHEaK77xjePJQyOvOfJ4o5C', '9d7e7d00-6770-11e7-8064-f38bf4767f4b', '2017-09-25 22:40:26', '2018-02-11 10:28:31', '2', '0', 'manager', '4d49e6de-3289-11e6-93c3-0242ac110002', '86b4da30-a242-11e7-b6f6-dc985b50b06a'), ('9d659dd0-6770-11e7-8d35-b2970c237fde', 'support@seekstock.co.nz', '$2a$05$zTCJeyo3p8Moje6trSeRdeJKJK4NWZVIfbWL9vqLx/q8vVtILxwmS', 'aea9ec40-e2d2-11e6-b4dd-7e86f10cad2e', '2017-07-13 02:11:43', '2017-07-13 06:16:20', '1', '0', 'manager', '4d49e6de-3289-11e6-93c3-0242ac110002', '9d7e7d00-6770-11e7-8064-f38bf4767f4b'), ('b5f98200-a7b0-11e7-b76b-5dfa784fe3c6', 'br017@hannahs.co.nz', '$2a$05$KpnMgN9WeBmqUDSDyO.OWeebLJvp6IlNoaGa404KsHqZ5yYwrsyM2', '6a68be00-a242-11e7-aaf6-2138df18fff3', '2017-10-02 20:31:46', '2018-01-26 03:10:48', '0', '0', 'store', '4d49e6de-3289-11e6-93c3-0242ac110002', 'b605b700-a7b0-11e7-bfdc-1de58ed01b98');
COMMIT;

-- ----------------------------
--  Table structure for `requests`
-- ----------------------------
DROP TABLE IF EXISTS `requests`;
CREATE TABLE `requests` (
  `id` varchar(36) NOT NULL,
  `creatorId` varchar(36) DEFAULT NULL,
  `storeId` varchar(36) DEFAULT NULL,
  `productId` varchar(128) DEFAULT NULL,
  `createdAt` datetime DEFAULT NULL,
  `updatedAt` datetime DEFAULT NULL,
  `deleted` tinyint(1) DEFAULT NULL,
  `description` varchar(2048) DEFAULT NULL,
  `organizationId` varchar(36) NOT NULL,
  `timeout` datetime DEFAULT NULL,
  `groups` varchar(10240) DEFAULT '||',
  PRIMARY KEY (`id`)
) ENGINE=InnoDB DEFAULT CHARSET=utf8mb4;

-- ----------------------------
--  Records of `requests`
-- ----------------------------
BEGIN;
INSERT INTO `requests` VALUES ('0650aef0-bd4a-11e7-838b-d37857e08a1b', '781ae280-a7b0-11e7-84a3-df9cb845b5b7', 'b51b4bb0-827c-11e7-8a2c-f8cfbeb2ebca', 'd505bc09-bf93-11e7-8296-c08d02294690', '2017-10-30 08:12:08', '2018-01-02 17:31:24', '1', 'We have received feedback that some pairs have a leather sock and some have a microfibre sock in this style. Can you please check your stock and let me know if you have the same issue?', '4d49e6de-3289-11e6-93c3-0242ac110002', '2017-11-02 08:12:08', '||'), ('0e5f01f0-bd45-11e7-8238-0b49c9bebd10', '781ae280-a7b0-11e7-84a3-df9cb845b5b7', 'b51b4bb0-827c-11e7-8a2c-f8cfbeb2ebca', 'd508c93c-bf93-11e7-9435-ed8ec364887b', '2017-10-30 07:36:34', '2018-01-02 17:31:24', '1', 'Saison is selling really well. What are customers loving about this style?', '4d49e6de-3289-11e6-93c3-0242ac110002', '2017-11-02 07:36:34', '||'), ('31e69e80-bd45-11e7-8e3f-a06b36f86e31', '781ae280-a7b0-11e7-84a3-df9cb845b5b7', 'b51b4bb0-827c-11e7-8a2c-f8cfbeb2ebca', 'd5093e77-bf93-11e7-bbe3-924f1172cc60', '2017-10-30 07:37:34', '2018-01-02 17:31:24', '1', 'Styliste has not sold as well as Saison so far this summer. Why are customers preferring Saison?', '4d49e6de-3289-11e6-93c3-0242ac110002', '2017-11-02 07:37:34', '||'), ('38d1a040-da15-11e7-9b51-d31aa56607f7', '781ae280-a7b0-11e7-84a3-df9cb845b5b7', 'b51b4bb0-827c-11e7-8a2c-f8cfbeb2ebca', '096dbd04-caa9-11e7-8f46-6b0695caab7e', '2017-12-05 23:37:14', '2018-01-02 17:31:24', '1', 'Feyre hasn\'t been as strong as some of the other sandals during the 25% off promotion. Why do you feel this is?', '4d49e6de-3289-11e6-93c3-0242ac110002', '2017-12-08 11:37:14', '||'), ('41c7b0c0-af06-11e7-9bbc-2ddb58df260d', '781ae280-a7b0-11e7-84a3-df9cb845b5b7', 'b51b4bb0-827c-11e7-8a2c-f8cfbeb2ebca', 'd5060a36-bf93-11e7-aeac-868b2969e334', '2017-10-12 04:31:46', '2018-01-02 17:31:24', '1', 'Garland features a removable footbed for orthotic wearers. Is this feature important to our Hush Puppies\' customers?', '4d49e6de-3289-11e6-93c3-0242ac110002', '2017-10-15 04:31:46', '||'), ('577ee240-af05-11e7-9398-9a7ae9af877c', '781ae280-a7b0-11e7-84a3-df9cb845b5b7', 'b51b4bb0-827c-11e7-8a2c-f8cfbeb2ebca', 'd5093e83-bf93-11e7-b3c4-cca1e5972267', '2017-10-12 04:25:13', '2018-01-02 17:31:24', '1', 'Takeon has sold really well. What are our customers liking about this style? And, are they buying Takeon for event wear or work wear?', '4d49e6de-3289-11e6-93c3-0242ac110002', '2017-10-15 04:25:13', '||'), ('58f0cb10-f19b-11e7-afc4-5edc05c36452', '781ae280-a7b0-11e7-84a3-df9cb845b5b7', 'b51b4bb0-827c-11e7-8a2c-f8cfbeb2ebca', 'df5dcaaa-bfd3-11e7-8773-4b47e271cd77', '2018-01-04 22:05:17', '2018-01-08 17:33:09', '1', 'Lani hasn\'t sold to expectation. Have you received any feedback on fit etc from customers?', '4d49e6de-3289-11e6-93c3-0242ac110002', '2018-01-07 10:05:17', '||'), ('783763d0-af06-11e7-80ca-0a7168c8a014', '781ae280-a7b0-11e7-84a3-df9cb845b5b7', 'b51b4bb0-827c-11e7-8a2c-f8cfbeb2ebca', 'd505e306-bf93-11e7-b44e-a972e5d83314', '2017-10-12 04:33:17', '2018-01-02 17:31:24', '1', 'Please provide feedback on the fit and wedge heel height of Enya.', '4d49e6de-3289-11e6-93c3-0242ac110002', '2017-10-15 04:33:17', '||'), ('8dfa4640-da14-11e7-baa5-6c05089b026c', '781ae280-a7b0-11e7-84a3-df9cb845b5b7', 'b51b4bb0-827c-11e7-8a2c-f8cfbeb2ebca', '7f998df9-d3c4-11e7-b798-be71ab80135e', '2017-12-05 23:32:27', '2018-01-02 17:31:24', '1', 'Insieme has sold really well since arriving last week. What are customers loving about this style?', '4d49e6de-3289-11e6-93c3-0242ac110002', '2017-12-08 11:32:27', '||'), ('8e60b810-af05-11e7-a213-dfc17f068620', '781ae280-a7b0-11e7-84a3-df9cb845b5b7', 'b51b4bb0-827c-11e7-8a2c-f8cfbeb2ebca', 'd506a65b-bf93-11e7-9902-475dac4b8503', '2017-10-12 04:26:45', '2018-01-02 17:31:24', '1', 'Inessa hasn\'t sold to expectations. What feedback have you received from your customers so far on why they aren\'t buying this style?', '4d49e6de-3289-11e6-93c3-0242ac110002', '2017-10-15 04:26:45', '||'), ('aca920c0-ef40-11e7-80a8-219c235d8bef', '781ae280-a7b0-11e7-84a3-df9cb845b5b7', 'b51b4bb0-827c-11e7-8a2c-f8cfbeb2ebca', '841ec2f5-db29-11e7-9b33-c3ccdcf5b85c', '2018-01-01 22:11:11', '2018-01-05 17:33:09', '1', 'Bae has been massively popular since being introduced in December. What do customers love about this style?', '4d49e6de-3289-11e6-93c3-0242ac110002', '2018-01-04 10:11:11', '||'), ('b864d550-af06-11e7-97c9-9463bfaf584d', '781ae280-a7b0-11e7-84a3-df9cb845b5b7', 'b51b4bb0-827c-11e7-8a2c-f8cfbeb2ebca', 'd5067f51-bf93-11e7-adf9-da251def88ca', '2017-10-12 04:35:05', '2018-01-02 17:31:24', '1', 'Hosier hasn\'t sold as strongly as last year\'s Hope. Please provide feedback on what your customers think of Hosier.', '4d49e6de-3289-11e6-93c3-0242ac110002', '2017-10-15 04:35:05', '||'), ('ddd5b1e0-da14-11e7-b2db-66f0ecec2fe0', '781ae280-a7b0-11e7-84a3-df9cb845b5b7', 'b51b4bb0-827c-11e7-8a2c-f8cfbeb2ebca', '7f9a518d-d3c4-11e7-b9da-03140f98b92c', '2017-12-05 23:34:41', '2018-01-02 17:31:24', '1', 'Rilassato was massive last week! What are the reasons why customers are picking this style up?', '4d49e6de-3289-11e6-93c3-0242ac110002', '2017-12-08 11:34:41', '||'), ('f975b3e0-af04-11e7-9481-5d6ce2b168f4', '781ae280-a7b0-11e7-84a3-df9cb845b5b7', 'b51b4bb0-827c-11e7-8a2c-f8cfbeb2ebca', 'd505e300-bf93-11e7-85ae-6133ad9c83ad', '2017-10-12 04:22:35', '2018-01-02 17:31:24', '1', 'Elouise has been hugely popular with our customers. What are they loving about this street style?', '4d49e6de-3289-11e6-93c3-0242ac110002', '2017-10-15 04:22:35', '||'), ('ff6fc3f0-bd44-11e7-824f-f8942d176945', '781ae280-a7b0-11e7-84a3-df9cb845b5b7', 'b51b4bb0-827c-11e7-8a2c-f8cfbeb2ebca', 'd508c93c-bf93-11e7-9435-ed8ec364887b', '2017-10-30 07:36:09', '2017-10-30 07:41:20', '1', 'Hi Team', '4d49e6de-3289-11e6-93c3-0242ac110002', '2017-11-02 07:36:09', '||');
COMMIT;

-- ----------------------------
--  Table structure for `staffs`
-- ----------------------------
DROP TABLE IF EXISTS `staffs`;
CREATE TABLE `staffs` (
  `id` varchar(36) NOT NULL,
  `names` varchar(300) NOT NULL,
  `email` varchar(300) DEFAULT NULL,
  `userId` varchar(36) DEFAULT NULL,
  `barCode` varchar(100) DEFAULT NULL,
  `permission_level` varchar(4) DEFAULT NULL,
  `role` varchar(100) DEFAULT NULL,
  `role_ab` varchar(10) DEFAULT NULL,
  `storeId` varchar(36) DEFAULT NULL,
  `deleted` tinyint(1) NOT NULL DEFAULT '0',
  `creatorId` varchar(36) DEFAULT NULL,
  `createdAt` datetime NOT NULL,
  `updatedAt` datetime NOT NULL,
  `active` tinyint(1) DEFAULT NULL,
  `staffCode` varchar(24) DEFAULT NULL,
  `organizationId` varchar(36) DEFAULT NULL,
  `type` tinyint(4) NOT NULL,
  `emailStatus` tinyint(1) NOT NULL,
  `preRank` int(2) NOT NULL DEFAULT '0',
  `curRank` int(2) NOT NULL DEFAULT '0',
  `portrait` varchar(256) DEFAULT NULL,
  PRIMARY KEY (`id`)
) ENGINE=InnoDB DEFAULT CHARSET=utf8mb4 ROW_FORMAT=DYNAMIC;

-- ----------------------------
--  Records of `staffs`
-- ----------------------------
BEGIN;
INSERT INTO `staffs` VALUES ('1aec4030-a7b1-11e7-b5e3-718845c6cf2d', 'Kelly Clark', '', 'kellyc', '$2a$05$H9mCQaGb./muvOY4HImeW.ifB6eiwLm7Jn1vfWEQhI.Dp4lisHo1q', '2', 'Store Manager', 'STM', '138baba0-a7b1-11e7-92a2-d68357f176b7', '0', '6a68be00-a242-11e7-aaf6-2138df18fff3', '2017-10-02 20:34:36', '2018-01-26 03:11:30', '0', '1994', '4d49e6de-3289-11e6-93c3-0242ac110002', '0', '0', '12', '0', ''), ('3c1b26f0-ae18-11e7-a9d2-5af432a7c59f', 'Brogan Daniels', '', 'brogand', '$2a$05$q8N2sf9kHVoRRzfrmISw/OkXFC0kM0x.wOidoeHCnzwt6nMCgg8wS', '1.5', 'Assistant Manager', '2IC', 'b605b700-a7b0-11e7-bfdc-1de58ed01b98', '0', 'cdd042b0-a7b0-11e7-a170-2b8569676d40', '2017-10-11 00:07:56', '2018-01-26 03:11:24', '0', 'Brogan17', '4d49e6de-3289-11e6-93c3-0242ac110002', '0', '0', '10', '0', ''), ('4a9a84e0-a7b1-11e7-ba59-8c3199dba632', 'Glen Walls', '', 'glenw', '$2a$05$eBJl3TApfLlIg/mY0byJ4uo4IJNVI1t4NDjhtM13kxQyWDtAmAVsy', '2', 'Store Manager', 'STM', '4335aa90-a7b1-11e7-bbc0-0b8b6ce88523', '0', '6a68be00-a242-11e7-aaf6-2138df18fff3', '2017-10-02 20:35:56', '2018-01-26 03:11:34', '0', 'Gw5154', '4d49e6de-3289-11e6-93c3-0242ac110002', '0', '0', '4', '0', ''), ('6075bd10-af9b-11e7-8114-089da08b7dbb', 'Peter Reed', 'peterr@hannahs.co.nz', 'peterr@hannahs.co.nz', '$2a$05$7KTV0WI.Gkmz9E2IR0b5G.7iSujDAA72QbYuBSqkbhrGvOGtjcf0e', '3', 'Regional/Area Manager', 'REM', 'b51b4bb0-827c-11e7-8a2c-f8cfbeb2ebca', '0', '6a68be00-a242-11e7-aaf6-2138df18fff3', '2017-10-12 22:19:13', '2018-01-26 03:11:18', '0', 'Gaki1971', '4d49e6de-3289-11e6-93c3-0242ac110002', '0', '1', '0', '0', ''), ('67b730e0-af9b-11e7-ad47-fef517d8c135', 'Tony Burke', 'tonyb@hannahs.co.nz', 'tonyb@hannahs.co.nz', '$2a$05$B1CIcPZ/9TsliwqGnr8bOem2CL/jsyT80UJ2SdsCVBSIrVh7JiPEK', '3', 'Regional/Area Manager', 'REM', 'b51b4bb0-827c-11e7-8a2c-f8cfbeb2ebca', '0', '6a68be00-a242-11e7-aaf6-2138df18fff3', '2017-10-12 22:19:25', '2018-01-26 03:11:20', '0', 'Bui99ess', '4d49e6de-3289-11e6-93c3-0242ac110002', '0', '1', '1', '0', ''), ('694bafa0-a7b0-11e7-b1fe-6eac1f83c682', 'Ros Robinson', 'roslynr@hannahs.co.nz', 'roslynr@hannahs.co.nz', '$2a$05$2Bh8bLzt84A.zxhKCdtNCO8SGMMjpEjAH4.hZ9vdq3k7XJFvcU6UC', '3.5', 'Buyer', 'BUY', 'b51b4bb0-827c-11e7-8a2c-f8cfbeb2ebca', '0', '6a68be00-a242-11e7-aaf6-2138df18fff3', '2017-10-02 20:29:38', '2018-01-26 03:11:25', '0', 'Gaki1971', '4d49e6de-3289-11e6-93c3-0242ac110002', '0', '1', '0', '0', ''), ('6a68be00-a242-11e7-aaf6-2138df18fff3', 'Lesley Francis', 'lfrancis@hannahs.co.nz', 'lfrancis@hannahs.co.nz', '$2a$05$zFpJGsv9R6ZufYZck4R3jekRjnKfAT8UI0dc/B.v9/K1dpQR/IASC', '4', 'General Manager', 'GM', 'b51b4bb0-827c-11e7-8a2c-f8cfbeb2ebca', '0', '9d7e7d00-6770-11e7-8064-f38bf4767f4b', '2017-09-25 22:39:39', '2018-04-03 05:29:32', '1', '3107Zack', '4d49e6de-3289-11e6-93c3-0242ac110002', '0', '1', '0', '0', ''), ('722098a0-af9b-11e7-88ef-c2a02de18d69', 'Christopher Brandon', 'christopherb@hannahs.co.nz', 'christopherb@hannahs.co.nz', '$2a$05$vRoXA./zY.9YuNpsGW2o9O5Va.krD1Zgh8gz4feGncqGsAC/EYm.m', '3', 'Regional/Area Manager', 'REM', 'b51b4bb0-827c-11e7-8a2c-f8cfbeb2ebca', '0', '6a68be00-a242-11e7-aaf6-2138df18fff3', '2017-10-12 22:19:42', '2018-01-26 03:11:16', '0', 'Gaki1971', '4d49e6de-3289-11e6-93c3-0242ac110002', '0', '1', '0', '0', ''), ('77a93f80-a7b1-11e7-977e-230c98391b6d', 'Emma Riddle', '', 'emmar', '$2a$05$ZkND5/uNRHXdoixPRqWcVuNVuABJOotEGaBMEUDYiy8EzGM6g9Zba', '2', 'Store Manager', 'STM', '726fd0b0-a7b1-11e7-84bd-e6e501726d4e', '0', '6a68be00-a242-11e7-aaf6-2138df18fff3', '2017-10-02 20:37:11', '2018-01-26 03:11:29', '0', 'Oona2017', '4d49e6de-3289-11e6-93c3-0242ac110002', '0', '0', '33', '0', ''), ('781ae280-a7b0-11e7-84a3-df9cb845b5b7', 'Matt Behan', 'mattb@hannahs.co.nz', 'mattb@hannahs.co.nz', '$2a$05$D3di1olrHRI8JQHIBsief.I8OWqBAUe4TBr8Nga7i4gH9On/OMOfi', '3', 'Production Manager', 'PRM', 'b51b4bb0-827c-11e7-8a2c-f8cfbeb2ebca', '0', '6a68be00-a242-11e7-aaf6-2138df18fff3', '2017-10-02 20:30:02', '2018-01-26 03:11:32', '0', 'Gaki1971', '4d49e6de-3289-11e6-93c3-0242ac110002', '0', '1', '0', '0', ''), ('7ad80aa0-af9b-11e7-b3ed-f3628911276c', 'Trish Hall', 'trishh@hannahs.co.nz', 'trishh@hannahs.co.nz', '$2a$05$xtXr1T6.ozwY66UIny3NeO3LfowS7JawfEK52bz6JdCm1xt35pDTe', '3', 'Regional/Area Manager', 'REM', 'b51b4bb0-827c-11e7-8a2c-f8cfbeb2ebca', '0', '6a68be00-a242-11e7-aaf6-2138df18fff3', '2017-10-12 22:19:57', '2018-01-26 03:11:12', '0', 'Parisdog1', '4d49e6de-3289-11e6-93c3-0242ac110002', '0', '1', '0', '0', ''), ('86b4da30-a242-11e7-b6f6-dc985b50b06a', 'Daniel Faughey', 'danielf@hannahs.co.nz', 'danielf@hannahs.co.nz', '$2a$05$6OZO55c97QWApDTayfXpOeHBYj2veJe.rlkCAj7EQFhDFmo/CsKU.', '4', 'National Retail Manager', 'NRM', 'b51b4bb0-827c-11e7-8a2c-f8cfbeb2ebca', '0', '9d7e7d00-6770-11e7-8064-f38bf4767f4b', '2017-09-25 22:40:26', '2018-02-11 10:28:31', '1', '@temporary99', '4d49e6de-3289-11e6-93c3-0242ac110002', '0', '1', '0', '0', ''), ('90d05620-b3b3-11e7-9f4f-c2925417a9f6', 'Lizette Ramati', '', 'lizette', '$2a$05$tnfgiOucOE5kCzc4QlE9w.NHEDu3BBIZPiFnJymUoefd5iQKfDPka', '1.5', 'Third in Charge', '3IC', '4335aa90-a7b1-11e7-bbc0-0b8b6ce88523', '0', '4a9a84e0-a7b1-11e7-ba59-8c3199dba632', '2017-10-18 03:22:26', '2018-01-26 03:11:05', '0', 'Lr2001', '4d49e6de-3289-11e6-93c3-0242ac110002', '0', '0', '0', '0', ''), ('9d7e7d00-6770-11e7-8064-f38bf4767f4b', 'SeekStock Support', 'support@seekstock.co.nz', 'support@seekstock.co.nz', '$2a$05$84/zh1kHQZEXkr1IjpCnDOhESvzyEzcmqTly.ojRTec6/Xm74pfhq', '5', 'SeekStock Support', 'SS', 'b51b4bb0-827c-11e7-8a2c-f8cfbeb2ebca', '0', 'aea9ec40-e2d2-11e6-b4dd-7e86f10cad2e', '2017-07-13 02:11:43', '2017-07-13 06:23:51', '1', '', '4d49e6de-3289-11e6-93c3-0242ac110002', '0', '0', '0', '0', ''), ('a80cab90-b3b3-11e7-ae05-cbc0f7bc352d', 'Sarah MacLennan', '', 'sarah', '$2a$05$qSZHbQVYWomDsQNV/8eO/ub5s/KRfI2WD2iozpPJVKmzFO3vs4Jou', '1.5', 'Assistant Manager', '2IC', '4335aa90-a7b1-11e7-bbc0-0b8b6ce88523', '0', '4a9a84e0-a7b1-11e7-ba59-8c3199dba632', '2017-10-18 03:23:05', '2018-01-26 03:11:08', '0', 'Sm2909', '4d49e6de-3289-11e6-93c3-0242ac110002', '0', '0', '0', '0', ''), ('cdd042b0-a7b0-11e7-a170-2b8569676d40', 'Gloria Massey', '', 'gloriam', '$2a$05$jYC0CV.BXc1D9RxMvwxJseHXD9AlupT9UWDg5/UoR30UE4tUG7cuq', '2', 'Store Manager', 'STM', 'b605b700-a7b0-11e7-bfdc-1de58ed01b98', '0', '6a68be00-a242-11e7-aaf6-2138df18fff3', '2017-10-02 20:32:26', '2018-01-26 03:11:27', '0', 'Gloria17', '4d49e6de-3289-11e6-93c3-0242ac110002', '0', '0', '11', '0', ''), ('dd131560-aef7-11e7-a6c5-62b41bc7c3a7', 'Sonali Vandort', '', 'sonali', '$2a$05$GZ04YhZoIgS9xSHPYx2kwulqa851MJIPMFoxo3sj7DRqmlRFicJ7C', '1.5', 'Assistant Manager', '2IC', '726fd0b0-a7b1-11e7-84bd-e6e501726d4e', '0', '77a93f80-a7b1-11e7-977e-230c98391b6d', '2017-10-12 02:48:44', '2018-01-26 03:11:22', '0', 'sonali!#1234', '4d49e6de-3289-11e6-93c3-0242ac110002', '0', '0', '0', '0', '');
COMMIT;

-- ----------------------------
--  Table structure for `stores`
-- ----------------------------
DROP TABLE IF EXISTS `stores`;
CREATE TABLE `stores` (
  `id` varchar(36) NOT NULL,
  `names` varchar(300) NOT NULL,
  `email` varchar(300) DEFAULT NULL,
  `deleted` tinyint(1) NOT NULL DEFAULT '0',
  `city` varchar(64) DEFAULT NULL,
  `location` varchar(256) DEFAULT NULL,
  `country` varchar(64) DEFAULT NULL,
  `province` varchar(64) DEFAULT NULL,
  `phone` varchar(32) DEFAULT NULL,
  `postCode` varchar(32) DEFAULT NULL,
  `updatedAt` datetime NOT NULL,
  `createdAt` datetime NOT NULL,
  `creatorId` varchar(36) DEFAULT NULL,
  `shortCode` varchar(128) DEFAULT NULL,
  `active` tinyint(1) DEFAULT NULL,
  `barCode` varchar(100) DEFAULT NULL,
  `organizationId` varchar(36) DEFAULT NULL,
  `emailStatus` tinyint(1) NOT NULL,
  `storeCode` varchar(24) DEFAULT NULL,
  `preRank` int(2) DEFAULT '0',
  `curRank` int(2) DEFAULT '0',
  `suburb` varchar(256) DEFAULT NULL,
  PRIMARY KEY (`id`)
) ENGINE=InnoDB DEFAULT CHARSET=utf8mb4 ROW_FORMAT=DYNAMIC;

-- ----------------------------
--  Records of `stores`
-- ----------------------------
BEGIN;
INSERT INTO `stores` VALUES ('138baba0-a7b1-11e7-92a2-d68357f176b7', 'HP Albany', 'br018@hannahs.co.nz', '0', 'Auckland', '', 'New Zealand', '', '094471396', '0632', '2018-01-26 03:10:51', '2017-10-02 20:34:23', '6a68be00-a242-11e7-aaf6-2138df18fff3', 'Br 018', '0', '$2a$05$XZQqRKXfrV9iN55U7K8Uk.46Guvy.B4rq9J4pI05Tx8QD7/jOitty', '4d49e6de-3289-11e6-93c3-0242ac110002', '1', 'TheBest18', '0', '0', 'Albany'), ('4335aa90-a7b1-11e7-bbc0-0b8b6ce88523', 'Hannahs Queensgate', 'br345@hannahs.co.nz', '0', 'Lower Hutt', '', 'New Zealand', '', '045603614', '5010', '2018-01-26 03:10:53', '2017-10-02 20:35:43', '6a68be00-a242-11e7-aaf6-2138df18fff3', 'Br345', '0', '$2a$05$Ef6zDxvFGNi3yfpzvufk7.7Mni2lUzSWAXd9X0l787Zx2wlI0DRdy', '4d49e6de-3289-11e6-93c3-0242ac110002', '1', '345Lhutt', '0', '0', 'Lower Hutt'), ('726fd0b0-a7b1-11e7-84bd-e6e501726d4e', 'Hannahs Riccarton', 'br395@hannahs.co.nz', '0', 'Christchurch', '', 'New Zealand', '', '033488717', '8041', '2018-01-26 03:10:50', '2017-10-02 20:37:02', '6a68be00-a242-11e7-aaf6-2138df18fff3', 'Br395', '0', '$2a$05$t1ZApxNMzTz1yao.sG2mXuBvrKsjv4G8rCknAvxgqRhwZ0J/x79li', '4d49e6de-3289-11e6-93c3-0242ac110002', '1', 'Chch395', '0', '0', 'Riccarton'), ('b51b4bb0-827c-11e7-8a2c-f8cfbeb2ebca', 'Head Office', null, '0', 'Head Office', 'Head Office', 'N/A', 'N/A', 'N/A', 'N/A', '2017-08-16 12:16:18', '2017-08-16 12:16:18', 'N/A', 'HQ', '1', 'N/A', '4d49e6de-3289-11e6-93c3-0242ac110002', '1', 'N/A', '0', '0', 'N/A'), ('b605b700-a7b0-11e7-bfdc-1de58ed01b98', 'Hannahs Albany', 'br017@hannahs.co.nz', '0', 'Auckland', '', 'New Zealand', '', '094471394', '0632', '2018-01-26 03:10:48', '2017-10-02 20:31:46', '6a68be00-a242-11e7-aaf6-2138df18fff3', 'Br 017', '0', '$2a$05$.7yYspzPLPIGASak1g.fsOSx9sQf/SeTHRuHI0UJq0Yrzhec2I1Sq', '4d49e6de-3289-11e6-93c3-0242ac110002', '1', 'Albany17', '0', '0', 'Albany');
COMMIT;

-- ----------------------------
--  Table structure for `thanks`
-- ----------------------------
DROP TABLE IF EXISTS `thanks`;
CREATE TABLE `thanks` (
  `id` varchar(36) NOT NULL,
  `creatorId` varchar(36) NOT NULL,
  `activityId` varchar(36) NOT NULL,
  `updatedAt` datetime DEFAULT NULL,
  `createdAt` datetime DEFAULT NULL,
  `deleted` tinyint(1) DEFAULT NULL,
  `type` varchar(36) DEFAULT NULL,
  `storeId` varchar(36) DEFAULT NULL,
  `active` tinyint(1) DEFAULT NULL,
  PRIMARY KEY (`id`)
) ENGINE=InnoDB DEFAULT CHARSET=utf8mb4 ROW_FORMAT=DYNAMIC;

-- ----------------------------
--  Table structure for `votes`
-- ----------------------------
DROP TABLE IF EXISTS `votes`;
CREATE TABLE `votes` (
  `id` varchar(36) NOT NULL,
  `creatorId` varchar(36) NOT NULL,
  `activityId` varchar(36) NOT NULL,
  `updatedAt` datetime DEFAULT NULL,
  `createdAt` datetime DEFAULT NULL,
  `deleted` tinyint(1) DEFAULT NULL,
  `type` varchar(36) DEFAULT NULL,
  `storeId` varchar(36) DEFAULT NULL,
  `active` tinyint(1) DEFAULT NULL,
  PRIMARY KEY (`id`)
) ENGINE=InnoDB DEFAULT CHARSET=utf8mb4 ROW_FORMAT=DYNAMIC;

-- ----------------------------
--  Records of `votes`
-- ----------------------------
BEGIN;
INSERT INTO `votes` VALUES ('009d57f0-bdc8-11e7-97f9-26324741504c', 'cdd042b0-a7b0-11e7-a170-2b8569676d40', 'cd56d520-b3b2-11e7-a598-5dd17e5c5924', '2017-10-30 23:13:55', '2017-10-30 23:13:55', '0', 'price', 'b605b700-a7b0-11e7-bfdc-1de58ed01b98', '1'), ('02cd7d90-b434-11e7-a8fe-191d219f67dc', '67b730e0-af9b-11e7-ad47-fef517d8c135', '23512e80-af8a-11e7-9b39-3d46b1a1a511', '2017-10-18 18:41:53', '2017-10-18 18:41:53', '0', 'style', 'b51b4bb0-827c-11e7-8a2c-f8cfbeb2ebca', '1'), ('06cdd3e0-ef3f-11e7-91b7-2d10d6fff522', '781ae280-a7b0-11e7-84a3-df9cb845b5b7', '30a41630-dee0-11e7-8fb3-90f47247e460', '2018-01-01 21:59:23', '2018-01-01 21:59:23', '0', 'style', 'b51b4bb0-827c-11e7-8a2c-f8cfbeb2ebca', '1'), ('0d759c00-b434-11e7-bc20-64f81ab0e62c', '67b730e0-af9b-11e7-ad47-fef517d8c135', 'cd56d520-b3b2-11e7-a598-5dd17e5c5924', '2017-10-18 18:42:11', '2017-10-18 18:42:11', '0', 'price', 'b51b4bb0-827c-11e7-8a2c-f8cfbeb2ebca', '1'), ('1503acf0-ef3f-11e7-9036-361da66cda11', '781ae280-a7b0-11e7-84a3-df9cb845b5b7', 'a96f0220-dede-11e7-9f5c-be614e4778bf', '2018-01-01 21:59:47', '2018-01-01 21:59:47', '0', 'style', 'b51b4bb0-827c-11e7-8a2c-f8cfbeb2ebca', '1'), ('19b59c40-ef3f-11e7-b3bb-be802ec385c0', '781ae280-a7b0-11e7-84a3-df9cb845b5b7', '00145d10-dede-11e7-8214-1467e4d10ac9', '2018-01-01 21:59:55', '2018-01-01 21:59:55', '0', 'style', 'b51b4bb0-827c-11e7-8a2c-f8cfbeb2ebca', '1'), ('47b60620-b434-11e7-95a7-369b3578a9a6', '67b730e0-af9b-11e7-ad47-fef517d8c135', 'de810920-ad8a-11e7-9537-783578070be5', '2017-10-18 18:43:49', '2017-10-18 18:43:49', '0', 'fit', 'b51b4bb0-827c-11e7-8a2c-f8cfbeb2ebca', '1'), ('56e421e0-b434-11e7-afc2-76c480bdb1d0', '67b730e0-af9b-11e7-ad47-fef517d8c135', 'fe670d50-ae2c-11e7-9830-e94dbd507be4', '2017-10-18 18:44:14', '2017-10-18 18:44:14', '0', 'quality', 'b51b4bb0-827c-11e7-8a2c-f8cfbeb2ebca', '1'), ('802c6260-ef3f-11e7-9911-1cca8324c49b', '781ae280-a7b0-11e7-84a3-df9cb845b5b7', '62538760-c9be-11e7-91a9-579a2991d240', '2018-01-01 22:02:47', '2018-01-01 22:02:47', '0', 'style', 'b51b4bb0-827c-11e7-8a2c-f8cfbeb2ebca', '1'), ('b1e8c800-bde6-11e7-ab61-91da0e7991f8', 'cdd042b0-a7b0-11e7-a170-2b8569676d40', 'a08553c0-b374-11e7-ad63-336f3644c7d1', '2017-10-31 02:53:38', '2017-10-31 02:53:38', '0', 'fit', 'b605b700-a7b0-11e7-bfdc-1de58ed01b98', '1'), ('cc9dba80-bdc7-11e7-a7b4-29b48a8376a0', 'cdd042b0-a7b0-11e7-a170-2b8569676d40', 'f64f98d0-afc1-11e7-9c2c-d3f625a8f999', '2017-10-30 23:12:28', '2017-10-30 23:12:28', '0', 'fit', 'b605b700-a7b0-11e7-bfdc-1de58ed01b98', '1');
COMMIT;

SET FOREIGN_KEY_CHECKS = 1;
